# ISRO-R Tab_RefNest_Back supplement; exact primary code/region/float32 anchor joins.
# Source SHA256: 89c6835f8e51b1a75950242c89cf3ad639ea7d50a22191a90632cca333664a45
# Existing vSRO policies take precedence. Cross-version timing/count fidelity remains qualified.
# codename	region	x	y	z	radius	generateRadius	championGenPercentage	delayMinSec	delayMaxSec	maxCount	respawn	aggressive	sightRange	nativeTacticsFlags	targetPolicy	championTactics	championAggressive	championSightRange	championNativeTacticsFlags	championTargetPolicy	initialDir
MOB_AM_ARCHER	24926	1553.89001	-101.650002	1816.03003	200	150	10	6	10	2	1	1	100	0	0	1	1	100	0	0	0
MOB_AM_ARCHER	24927	882.719971	-187.190002	1726.67004	200	150	10	6	10	2	1	1	100	0	0	1	1	100	0	0	0
MOB_AM_ARCHER	24927	1437.78003	-146.350006	1308.39001	200	150	10	6	10	2	1	1	100	0	0	1	1	100	0	0	0
MOB_AM_ARCHER	24928	62.7200012	-146.649994	1847.89001	200	150	10	6	10	2	1	1	100	0	0	1	1	100	0	0	0
MOB_AM_ARCHER	25182	1385.48999	11.4099998	1407.71997	200	150	10	6	10	4	1	1	100	0	0	1	1	100	0	0	0
MOB_AM_ARCHER	25183	365.399994	-168.710007	1262.02002	200	150	10	6	10	4	1	1	100	0	0	1	1	100	0	0	0
MOB_AM_ARCHER	25183	1182.34998	-147	1496.06006	200	150	10	6	10	2	1	1	100	0	0	1	1	100	0	0	0
MOB_AM_ARCHER	25184	168.399994	-182.429993	1789.06006	200	150	10	6	10	2	1	1	100	0	0	1	1	100	0	0	0
MOB_AM_ARCHER	25184	812.369995	-162.190002	525.380005	200	150	10	6	10	2	1	1	100	0	0	1	1	100	0	0	0
MOB_AM_ARCHER	25184	823.419983	-175.210007	1228.55005	200	150	10	6	10	2	1	1	100	0	0	1	1	100	0	0	0
MOB_AM_ARCHER	25184	1660.01001	-175.520004	1080.65002	200	150	10	6	10	2	1	1	100	0	0	1	1	100	0	0	0
MOB_AM_ARCHER	25185	257.970001	-117.93	581.049988	200	150	10	6	10	2	1	1	100	0	0	1	1	100	0	0	0
MOB_AM_ARCHER	25185	1049.08997	34.1300011	912.460022	200	150	10	6	10	2	1	1	100	0	0	1	1	100	0	0	0
MOB_AM_ARCHER	25185	1405.04004	155.669998	1624.21997	200	150	10	6	10	2	1	1	100	0	0	1	1	100	0	0	0
MOB_AM_ARCHER	25439	264.179993	-92.4899979	67.0699997	200	150	10	6	10	2	1	1	100	0	0	1	1	100	0	0	0
MOB_AM_ARCHER	25697	1322.5	180	1646.98999	200	150	10	4	4	2	1	1	100	0	0	1	1	100	0	0	0
MOB_AM_ARCHER	25697	1765.96997	178.699997	346.809998	200	150	10	4	4	2	1	1	100	0	0	1	1	100	0	0	0
MOB_AM_ARCHER	25698	208.479996	180	1797.54004	200	150	10	4	4	2	1	1	100	0	0	1	1	100	0	0	0
MOB_AM_ARCHER	25698	669.48999	182.399994	944.059998	200	150	10	4	4	2	1	1	100	0	0	1	1	100	0	0	0
MOB_AM_ARCHER	25698	1024.16003	180	1471.31995	200	150	10	4	4	2	1	1	100	0	0	1	1	100	0	0	0
MOB_AM_ARCHER	25698	1177.21997	180	674.830017	200	150	10	4	4	2	1	1	100	0	0	1	1	100	0	0	0
MOB_AM_ARCHER	25698	1727.31995	180	1636.83997	200	150	10	4	4	2	1	1	100	0	0	1	1	100	0	0	0
MOB_AM_ARCHER	25698	1747.04004	180	970.469971	200	150	10	4	4	4	1	1	100	0	0	1	1	100	0	0	0
MOB_AM_ARCHER	25699	257.609985	181.710007	418.660004	600	550	10	4	6	6	1	1	100	0	0	1	1	100	0	0	0
MOB_AM_ARCHER	25699	364.559998	180	1343.82996	200	150	10	4	4	2	1	1	100	0	0	1	1	100	0	0	0
MOB_AM_ARCHER	25699	1107.95996	180	1251.58997	600	550	10	4	6	4	1	1	100	0	0	1	1	100	0	0	0
MOB_AM_ARCHER	25699	1442.97998	180.330002	1815.17004	200	150	10	4	4	2	1	1	100	0	0	1	1	100	0	0	0
MOB_AM_ARCHER	25953	1444.75	180	793.309998	200	150	10	4	4	2	1	1	100	0	0	1	1	100	0	0	0
MOB_AM_ARCHER	25953	1533.90002	180	1778.81995	200	150	10	4	4	2	1	1	100	0	0	1	1	100	0	0	0
MOB_AM_ARCHER	25954	672.330017	180	580.179993	200	150	10	4	4	2	1	1	100	0	0	1	1	100	0	0	0
MOB_AM_ARCHER	25954	834.719971	180	1902.62	200	150	10	4	4	2	1	1	100	0	0	1	1	100	0	0	0
MOB_AM_ARCHER	25954	886.969971	180	1451.26001	600	550	10	4	6	8	1	1	100	0	0	1	1	100	0	0	0
MOB_AM_ARCHER	25954	1220.52002	180	848.059998	600	550	10	4	6	8	1	1	100	0	0	1	1	100	0	0	0
MOB_AM_ARCHER	25954	1710.64001	180	605.219971	200	150	10	4	4	4	1	1	100	0	0	1	1	100	0	0	0
MOB_AM_ARCHER	25954	1718.87	180	1428.71997	200	150	10	4	4	2	1	1	100	0	0	1	1	100	0	0	0
MOB_AM_ARCHER	25954	1724.29004	180	1034.43005	600	550	10	4	6	4	1	1	100	0	0	1	1	100	0	0	0
MOB_AM_ARCHER	25955	463.769989	180	304.100006	600	550	10	4	6	4	1	1	100	0	0	1	1	100	0	0	0
MOB_AM_ARCHER	25955	576.76001	180	1242.91003	600	550	10	4	6	4	1	1	100	0	0	1	1	100	0	0	0
MOB_AM_ARCHER	25955	699.900024	180	517.919983	200	150	10	4	4	2	1	1	100	0	0	1	1	100	0	0	0
MOB_AM_ARCHER	25955	1313.91003	180.279999	1511.56995	600	550	10	4	6	6	1	1	100	0	0	1	1	100	0	0	0
MOB_AM_ARCHER	25955	1508.06995	180	806.539978	200	150	10	4	4	2	1	1	100	0	0	1	1	100	0	0	0
MOB_AM_ARCHER	25955	1860.32996	180	1865.03003	200	150	10	4	4	2	1	1	100	0	0	1	1	100	0	0	0
MOB_AM_ARCHER	25956	134.679993	180	1247.56006	600	550	10	4	6	6	1	1	100	0	0	1	1	100	0	0	0
MOB_AM_ARCHER	25956	712.700012	180.25	999.539978	200	150	10	4	4	2	1	1	100	0	0	1	1	100	0	0	0
MOB_AM_ARCHER	25956	1415.38	226.070007	1271.31995	600	550	10	4	6	6	1	1	100	0	0	1	1	100	0	0	0
MOB_AM_ARCHER	26210	371.839996	180	745.969971	200	150	10	4	4	2	1	1	100	0	0	1	1	100	0	0	0
MOB_AM_ARCHER	26210	766.72998	192.589996	1635.72998	200	150	10	4	4	2	1	1	100	0	0	1	1	100	0	0	0
MOB_AM_ARCHER	26210	1623.56006	195.75	827.599976	200	150	10	4	4	2	1	1	100	0	0	1	1	100	0	0	0
MOB_AM_ARCHER	26211	299.850006	220.789993	1860.18005	200	150	10	4	4	2	1	1	100	0	0	1	1	100	0	0	0
MOB_AM_ARCHER	26211	458.359985	180	853.609985	600	550	10	4	6	8	1	1	100	0	0	1	1	100	0	0	0
MOB_AM_ARCHER	26211	736.359985	180	163.649994	200	150	10	4	4	2	1	1	100	0	0	1	1	100	0	0	0
MOB_AM_ARCHER	26211	1411.30005	187.570007	472.410004	600	550	10	4	6	6	1	1	100	0	0	1	1	100	0	0	0
MOB_AM_ARCHER	26212	623.179993	180	95.9100037	600	550	10	4	6	6	1	1	100	0	0	1	1	100	0	0	0
MOB_AM_ARCHER	26465	1395.20996	180	24.1399994	200	150	10	4	4	2	1	1	100	0	0	1	1	100	0	0	0
MOB_AM_ARCHER	26465	1663.71997	180	1360.89001	200	150	10	4	4	2	1	1	100	0	0	1	1	100	0	0	0
MOB_AM_ARCHER	26466	829.070007	188.619995	1467.68005	200	150	10	4	4	2	1	1	100	0	0	1	1	100	0	0	0
MOB_AM_ARCHER	26466	1396.01001	288.869995	602.23999	200	150	10	4	4	2	1	1	100	0	0	1	1	100	0	0	0
MOB_AM_ARCHER	26467	49.8400002	456.859985	1274.75	200	150	10	4	4	2	1	1	100	0	0	1	1	100	0	0	0
MOB_AM_ARCHER	26467	434.130005	345.320007	688.01001	600	550	10	4	6	8	1	1	100	0	0	1	1	100	0	0	0
MOB_AM_ARCHER	26467	1051.27002	302.690002	1395.5	200	150	10	4	4	2	1	1	100	0	0	1	1	100	0	0	0
MOB_AM_ARCHER	26721	1619.68994	179.990005	473.420013	200	150	10	4	4	2	1	1	100	0	0	1	1	100	0	0	0
MOB_AM_ARCHER	26721	1670.68994	180	1497.12	200	150	10	4	4	2	1	1	100	0	0	1	1	100	0	0	0
MOB_AM_ARCHER	26722	688.429993	180	990.809998	200	150	10	4	4	2	1	1	100	0	0	1	1	100	0	0	0
MOB_AM_ARCHER	26722	1453.81006	197.559998	430.320007	200	150	10	4	4	2	1	1	100	0	0	1	1	100	0	0	0
MOB_AM_ARCHER	26723	495.160004	286.179993	395.290009	200	150	10	4	4	2	1	1	100	0	0	1	1	100	0	0	0
MOB_AM_ARCHER	26723	1298.93994	286.140015	261.859985	600	550	10	4	6	8	1	1	100	0	0	1	1	100	0	0	0
MOB_AM_ARCHER	26723	1411.84998	244.380005	748.659973	200	150	10	4	4	2	1	1	100	0	0	1	1	100	0	0	0
MOB_AM_ARCHER	26723	1607.08997	171.630005	1810.39001	600	550	10	4	6	6	1	1	100	0	0	1	1	100	0	0	0
MOB_AM_ARCHER	26723	1759.60999	303.420013	38.0499992	200	150	10	4	4	2	1	1	100	0	0	1	1	100	0	0	0
MOB_AM_ARCHER	26724	25.6000004	186.149994	1203.58997	600	550	10	4	6	6	1	1	100	0	0	1	1	100	0	0	0
MOB_AM_ARCHER	26724	594.590027	200.289993	800.900024	200	150	10	4	4	2	1	1	100	0	0	1	1	100	0	0	0
MOB_AM_ARCHER	26724	805.919983	175.160004	1531.06995	600	550	10	4	6	8	1	1	100	0	0	1	1	100	0	0	0
MOB_AM_ARCHER	26978	15.2700005	171.660004	1362.46997	200	150	10	4	4	2	1	1	100	0	0	1	1	100	0	0	0
MOB_AM_ARCHER	26978	556.109985	180	501.630005	200	150	10	4	4	2	1	1	100	0	0	1	1	100	0	0	0
MOB_AM_ARCHER	26978	1134.20996	181.509995	1218.84998	200	150	10	4	4	4	1	1	100	0	0	1	1	100	0	0	0
MOB_AM_ARCHER	26978	1594.78003	222.309998	254.460007	200	150	10	4	4	4	1	1	100	0	0	1	1	100	0	0	0
MOB_AM_ARCHER	26979	45.2200012	191.660004	1613.12	200	150	10	4	4	4	1	1	100	0	0	1	1	100	0	0	0
MOB_AM_ARCHER	26979	328.910004	261.700012	829.590027	200	150	10	4	4	4	1	1	100	0	0	1	1	100	0	0	0
MOB_AM_ARCHER	26979	960.309998	250.289993	1414.96997	200	150	10	4	4	4	1	1	100	0	0	1	1	100	0	0	0
MOB_AM_ARCHER	26979	1307.79004	250.309998	573.929993	200	150	10	4	4	4	1	1	100	0	0	1	1	100	0	0	0
MOB_AM_ARCHER	26979	1820.28003	237.449997	1255.69995	200	150	10	4	4	4	1	1	100	0	0	1	1	100	0	0	0
MOB_AM_ARCHER	26980	299.829987	187.330002	514.820007	200	150	10	4	4	4	1	1	100	0	0	1	1	100	0	0	0
MOB_AM_ARCHER	27233	162.070007	242.839996	1687.06006	200	150	10	4	4	2	1	1	100	0	0	1	1	100	0	0	0
MOB_AM_ARCHER	27233	287.839996	194.389999	18.3199997	400	350	10	4	4	4	1	1	100	0	0	1	1	100	0	0	0
MOB_AM_ARCHER	27233	1041.73999	276.309998	96.4000015	200	150	10	4	4	2	1	1	100	0	0	1	1	100	0	0	0
MOB_AM_ARCHER	27233	1194.16003	192.009995	1177.68994	200	150	10	4	4	2	1	1	100	0	0	1	1	100	0	0	0
MOB_AM_ARCHER	27234	135.050003	170.710007	1658.05005	200	150	10	4	4	4	1	1	100	0	0	1	1	100	0	0	0
MOB_AM_ARCHER	27234	165.669998	219.899994	526.849976	200	150	10	4	4	4	1	1	100	0	0	1	1	100	0	0	0
MOB_AM_ARCHER	27234	1211.58997	180	1327.47998	200	150	10	4	4	4	1	1	100	0	0	1	1	100	0	0	0
MOB_AM_ARCHER	27234	1373.29004	180	368.209991	200	150	10	4	4	4	1	1	100	0	0	1	1	100	0	0	0
MOB_AM_ARCHER	27488	1505.35999	141.440002	210.5	400	350	10	4	4	4	1	1	100	0	0	1	1	100	0	0	0
MOB_AM_ARCHER	27489	1116.97998	60.8600006	159.729996	200	150	10	4	4	4	1	1	100	0	0	1	1	100	0	0	0
MOB_AM_ARCHER	27489	1757.69995	89.7300034	230.919998	400	350	10	4	4	4	1	1	100	0	0	1	1	100	0	0	0
MOB_AM_ARCHER_CLON	24926	589.77002	-39.4099998	1765.56006	200	150	10	2	3	4	1	1	100	0	0	1	1	100	0	0	0
MOB_AM_ARCHER_CLON	24926	1338.63	-109.169998	1494.32996	200	150	10	2	3	4	1	1	100	0	0	1	1	100	0	0	0
MOB_AM_ARCHER_CLON	24927	291.890015	-173	1764.60999	200	150	10	2	3	4	1	1	100	0	0	1	1	100	0	0	0
MOB_AM_ARCHER_CLON	24928	142.960007	-146.960007	1377.05005	200	150	10	2	3	4	1	1	100	0	0	1	1	100	0	0	0
MOB_AM_ARCHER_CLON	25182	952.969971	8.06000042	1481.64001	200	150	10	2	3	4	1	1	100	0	0	1	1	100	0	0	0
MOB_AM_ARCHER_CLON	25182	1706.94995	-136.690002	1897.22998	200	150	10	2	3	4	1	1	100	0	0	1	1	100	0	0	0
MOB_AM_ARCHER_CLON	25183	221.100006	-160.360001	386.130005	200	150	10	2	3	4	1	1	100	0	0	1	1	100	0	0	0
MOB_AM_ARCHER_CLON	25183	640.719971	-169.369995	1694.16003	200	150	10	2	3	4	1	1	100	0	0	1	1	100	0	0	0
MOB_AM_ARCHER_CLON	25183	1278.01001	-174.119995	613.22998	200	150	10	2	3	4	1	1	100	0	0	1	1	100	0	0	0
MOB_AM_ARCHER_CLON	25183	1699.46997	-170.360001	1462.62	200	150	10	2	3	4	1	1	100	0	0	1	1	100	0	0	0
MOB_AM_ARCHER_CLON	25184	315.040009	-172.440002	1326.59998	200	150	10	2	3	2	1	1	100	0	0	1	1	100	0	0	0
MOB_AM_ARCHER_CLON	25184	1227.64001	-174.899994	921.219971	200	150	10	2	3	4	1	1	100	0	0	1	1	100	0	0	0
MOB_AM_ARCHER_CLON	25438	429.890015	19.6700001	120.919998	200	150	10	2	3	4	1	1	100	0	0	1	1	100	0	0	0
MOB_AM_CRAB	24925	1133.81995	-23.6700001	1765.75	350	300	10	7	10	4	1	0	100	0	0	1	1	100	0	0	0
MOB_AM_CRAB	25180	474.269989	-22.3999996	1329.48999	350	300	10	7	10	4	1	0	100	0	0	1	1	100	0	0	0
MOB_AM_CRAB	25180	1276.01001	-2.43000007	1417.60999	500	450	10	7	10	6	1	0	100	0	0	1	1	100	0	0	0
MOB_AM_CRAB	25181	262.970001	-10.9700003	768.460022	500	450	10	7	10	10	1	0	100	0	0	1	1	100	0	0	0
MOB_AM_CRAB	25433	1451.91003	-29.8600006	1212.82996	350	300	10	7	10	4	1	0	100	0	0	1	1	100	0	0	0
MOB_AM_CRAB	25434	678.080017	-6.94000006	505.350006	500	450	10	7	10	8	1	0	100	0	0	1	1	100	0	0	0
MOB_AM_CRAB	25434	1487.79004	-23.5400009	466.369995	350	300	10	7	10	4	1	0	100	0	0	1	1	100	0	0	0
MOB_AM_CRAB	25434	1666.71997	-1.87	939.909973	500	450	10	7	10	8	1	0	100	0	0	1	1	100	0	0	0
MOB_AM_CRAB	25435	653.900024	1.16999996	884.200012	500	450	10	7	10	8	1	0	100	0	0	1	1	100	0	0	0
MOB_AM_CRAB	25435	953.559998	-6.13000011	580.890015	350	300	10	7	10	4	1	0	100	0	0	1	1	100	0	0	0
MOB_AM_CRAB	25435	1427.06995	-5.5999999	858.330017	500	450	10	7	10	6	1	0	100	0	0	1	1	100	0	0	0
MOB_AM_CRAB	25435	1634.89001	-16.3600006	559.059998	500	450	10	7	10	8	1	0	100	0	0	1	1	100	0	0	0
MOB_AM_CRAB	25436	945.780029	0.00999999978	244.110001	500	450	10	7	10	10	1	0	100	0	0	1	1	100	0	0	0
MOB_AM_CRAB	25689	148.399994	-21.5900002	1028.95996	200	150	10	7	10	6	1	0	100	0	0	1	1	100	0	0	0
MOB_AM_CRAB	25689	479.48999	-22.5499992	517.469971	500	450	10	7	10	8	1	0	100	0	0	1	1	100	0	0	0
MOB_AM_CRAB	25689	545.599976	-23.3500004	1363.95996	500	450	10	7	10	8	1	0	100	0	0	1	1	100	0	0	0
MOB_AM_CRAB	25689	1372.82996	1.20000005	1763.04004	500	450	10	7	10	4	1	0	100	0	0	1	1	100	0	0	0
MOB_AM_CRAB	25689	1407.71997	-18.1100006	556.710022	500	450	10	7	10	6	1	0	100	0	0	1	1	100	0	0	0
MOB_AM_CRAB	25689	1415.93005	-3.79999995	1150.07996	500	450	10	7	10	10	1	0	100	0	0	1	1	100	0	0	0
MOB_AM_CRAB	25690	191.490005	-2.38000011	1629.83997	500	450	10	7	10	6	1	0	100	0	0	1	1	100	0	0	0
MOB_AM_CRAB	25945	354.399994	-17.75	1833.15002	200	150	10	7	10	4	1	0	100	0	0	1	1	100	0	0	0
MOB_AM_CRAB	25946	848.140015	1.49000001	150.789993	500	450	10	7	10	6	1	0	100	0	0	1	1	100	0	0	0
MOB_AM_CRAB	25946	1129.38	26.0599995	948.52002	500	450	10	7	10	8	1	0	100	0	0	1	1	100	0	0	0
MOB_AM_CRAB	25946	1450.81006	0.589999974	1419.64001	200	150	10	7	10	2	1	0	100	0	0	1	1	100	0	0	0
MOB_AM_CRAB	25946	1871.79004	1.28999996	539.590027	200	150	10	7	10	4	1	0	100	0	0	1	1	100	0	0	0
MOB_AM_CRAB	25947	899.659973	6.53000021	1086.56006	200	150	10	7	10	4	1	0	100	0	0	1	1	100	0	0	0
MOB_AM_CRAB	26201	451.630005	-13.0200005	1668.21997	200	150	10	7	10	2	1	0	100	0	0	1	1	100	0	0	0
MOB_AM_CRAB	26201	877.969971	0.340000004	809.530029	200	150	10	7	10	4	1	0	100	0	0	1	1	100	0	0	0
MOB_AM_CRAB	26201	1275.13	-0.560000002	1698.43005	400	350	10	7	10	4	1	0	100	0	0	1	1	100	0	0	0
MOB_AM_CRAB	26202	52.6399994	-1.51999998	762.51001	200	150	10	7	10	2	1	0	100	0	0	1	1	100	0	0	0
MOB_AM_CRAB	26202	1038.42004	3.8900001	379.190002	200	150	10	7	10	2	1	0	100	0	0	1	1	100	0	0	0
MOB_AM_CRAB	26202	1411.82996	0.0299999993	32.7400017	400	350	10	7	10	6	1	0	100	0	0	1	1	100	0	0	0
MOB_AM_CRAB	26202	1789.77002	0.230000004	233.490005	400	350	10	7	10	6	1	0	100	0	0	1	1	100	0	0	0
MOB_AM_CRAB	26203	143	1.89999998	1227.25	200	150	10	7	10	2	1	0	100	0	0	1	1	100	0	0	0
MOB_AM_CRAB	26203	479.829987	-33.5200005	142.979996	200	150	10	7	10	2	1	0	100	0	0	1	1	100	0	0	0
MOB_AM_CRAB	26203	774.109985	43.6800003	1912.51001	200	150	10	7	10	2	1	0	100	0	0	1	1	100	0	0	0
MOB_AM_CRAB	26203	1426.68005	6.36000013	1135.37	200	150	10	7	10	4	1	0	100	0	0	1	1	100	0	0	0
MOB_AM_CRAB	26203	1597.08997	2.22000003	223.690002	200	150	10	7	10	2	1	0	100	0	0	1	1	100	0	0	0
MOB_AM_CRAB	26457	1245.94995	-2.11999989	1376.26001	300	350	10	7	10	8	1	0	100	0	0	1	1	100	0	0	0
MOB_AM_CRAB	26458	1836.58997	15.3800001	1274.54004	200	150	10	7	10	4	1	0	100	0	0	1	1	100	0	0	0
MOB_AM_CRAB	26459	418.299988	55.0400009	1894.33997	200	150	10	7	10	2	1	0	100	0	0	1	1	100	0	0	0
MOB_AM_CRAB	26459	579.150024	111.529999	875.789978	200	150	10	7	10	2	1	0	100	0	0	1	1	100	0	0	0
MOB_AM_CRAB	26459	1056.97998	20.9899998	1037.44995	400	350	10	7	10	4	1	0	100	0	0	1	1	100	0	0	0
MOB_AM_CRAB	26459	1418.42004	12.8800001	1286.93994	200	150	10	7	10	4	1	0	100	0	0	1	1	100	0	0	0
MOB_AM_CRAB	26459	1594.47998	13.5	424.519989	200	150	10	7	10	4	1	0	100	0	0	1	1	100	0	0	0
MOB_AM_CRAB	26460	293.230011	24.3700008	950.809998	200	150	10	7	10	2	1	0	100	0	0	1	1	100	0	0	0
MOB_AM_CRAB	26713	505.040009	8.65999985	827.080017	200	150	10	6	9	4	1	0	100	0	0	1	1	100	0	0	0
MOB_AM_CRAB	26713	1888.51001	-0.50999999	552.880005	200	150	10	7	10	4	1	0	100	0	0	1	1	100	0	0	0
MOB_AM_CRAB	26714	1351.81995	23.3600006	112.809998	200	150	10	7	10	4	1	0	100	0	0	1	1	100	0	0	0
MOB_AM_CRAB	26715	1216.87	72.5400009	233.809998	300	250	10	7	10	6	1	0	100	0	0	1	1	100	0	0	0
MOB_AM_CRAB	26716	193.809998	83.0299988	69.7799988	200	150	10	7	10	2	1	0	100	0	0	1	1	100	0	0	0
MOB_AM_CRAB	26969	1117.64001	-26.3500004	118.790001	200	150	10	6	9	4	1	0	100	0	0	1	1	100	0	0	0
MOB_AM_CRAB	26969	1849.04004	-18.3600006	1113.95996	200	150	10	6	9	4	1	0	100	0	0	1	1	100	0	0	0
MOB_AM_CRAB	26970	356.109985	-9.96000004	135.029999	200	150	10	6	9	4	1	0	100	0	0	1	1	100	0	0	0
MOB_AM_CRAB	26970	1125.71997	-14.1000004	1711.77002	200	150	10	6	9	4	1	0	100	0	0	1	1	100	0	0	0
MOB_AM_CRAB	27227	431.709991	-10.3699999	192.869995	200	150	10	6	9	4	1	0	100	0	0	1	1	100	0	0	0
MOB_AM_CRAB	27227	1609.29004	-15.9899998	460.059998	200	150	10	6	9	4	1	0	100	0	0	1	1	100	0	0	0
MOB_AM_CRAB	27228	174.039993	-18.3600006	1395.76001	200	150	10	6	9	4	1	0	100	0	0	1	1	100	0	0	0
MOB_AM_CRAB	27228	1253.70996	-12.8199997	1558.10999	200	150	10	6	9	4	1	0	100	0	0	1	1	100	0	0	0
MOB_AM_CRAB	27229	711.359985	-14.5600004	1600.09998	200	150	10	6	9	4	1	0	100	0	0	1	1	100	0	0	0
MOB_AM_CRAB	27230	1220.76001	-6.48999977	1619	200	150	10	6	9	4	1	0	100	0	0	1	1	100	0	0	0
MOB_AM_CRAB	27231	168.800003	-3.43000007	1485.97998	200	150	10	6	9	4	1	0	100	0	0	1	1	100	0	0	0
MOB_AM_CRAB	27231	890.580017	-10.9899998	1817.01001	200	150	10	6	9	4	1	0	100	0	0	1	1	100	0	0	0
MOB_AM_CRAB_CLON	25689	133.990005	-20	1008.33002	300	250	10	4	6	4	1	0	100	0	0	1	1	100	0	0	0
MOB_AM_CRAB_CLON	25689	1107.90002	-14.3699999	1504.5	300	250	10	4	6	6	1	0	100	0	0	1	1	100	0	0	0
MOB_AM_CRAB_CLON	25689	1734.40002	1.29999995	1408.76001	300	250	10	4	6	6	1	0	100	0	0	1	1	100	0	0	0
MOB_AM_CRAB_CLON	25945	341.309998	-16.4699993	1864.93994	300	250	10	4	6	4	1	0	100	0	0	1	1	100	0	0	0
MOB_AM_CRAB_CLON	25945	1145.71997	-0.0299999993	1649.30005	400	350	10	4	6	6	1	0	100	0	0	1	1	100	0	0	0
MOB_AM_CRAB_CLON	25945	1888.94995	-15.8800001	71.8099976	300	250	10	4	6	6	1	0	100	0	0	1	1	100	0	0	0
MOB_AM_CRAB_CLON	25946	600.26001	0	483.730011	300	250	10	4	6	6	1	0	100	0	0	1	1	100	0	0	0
MOB_AM_CRAB_CLON	25946	938.75	0	1696.39001	400	350	10	4	6	8	1	0	100	0	0	1	1	100	0	0	0
MOB_AM_CRAB_CLON	25946	1236.18994	-4.07000017	222.240005	300	250	10	4	6	6	1	0	100	0	0	1	1	100	0	0	0
MOB_AM_CRAB_CLON	25946	1459.57996	1.36000001	1457.93005	300	250	10	4	6	8	1	0	100	0	0	1	1	100	0	0	0
MOB_AM_CRAB_CLON	25946	1845.31006	1.28999996	521.72998	300	250	10	4	6	8	1	0	100	0	0	1	1	100	0	0	0
MOB_AM_CRAB_CLON	25947	48.9300003	0.200000003	1661.05005	400	350	10	4	6	8	1	0	100	0	0	1	1	100	0	0	0
MOB_AM_CRAB_CLON	25947	199.070007	0.970000029	1151.80005	300	250	10	4	6	6	1	0	100	0	0	1	1	100	0	0	0
MOB_AM_CRAB_CLON	25947	935.02002	2.5999999	1099.01001	300	250	10	4	6	8	1	0	100	0	0	1	1	100	0	0	0
MOB_AM_CRAB_CLON	25947	1096.81006	1.08000004	1808.14001	400	350	10	4	6	8	1	0	100	0	0	1	1	100	0	0	0
MOB_AM_CRAB_CLON	26201	224.270004	-8.47000027	764.469971	400	350	10	4	6	8	1	0	100	0	0	1	1	100	0	0	0
MOB_AM_CRAB_CLON	26201	488.320007	-12.9300003	1658.32996	300	250	10	4	6	4	1	0	100	0	0	1	1	100	0	0	0
MOB_AM_CRAB_CLON	26201	745.450012	-1.88999999	1301.10999	400	350	10	4	6	6	1	0	100	0	0	1	1	100	0	0	0
MOB_AM_CRAB_CLON	26201	827.789978	-3.92000008	247.789993	400	350	10	4	6	6	1	0	100	0	0	1	1	100	0	0	0
MOB_AM_CRAB_CLON	26201	901.48999	0.629999995	844.73999	300	250	10	4	6	8	1	0	100	0	0	1	1	100	0	0	0
MOB_AM_CRAB_CLON	26201	1266.43005	-2.20000005	347.720001	400	350	10	4	6	6	1	0	100	0	0	1	1	100	0	0	0
MOB_AM_CRAB_CLON	26201	1481.23999	-4.30000019	1186.60999	400	350	10	4	6	8	1	0	100	0	0	1	1	100	0	0	0
MOB_AM_CRAB_CLON	26201	1702.12	-2.05999994	21.0200005	400	350	10	4	6	6	1	0	100	0	0	1	1	100	0	0	0
MOB_AM_CRAB_CLON	26202	82.3600006	-1.38	756.609985	300	250	10	4	6	8	1	0	100	0	0	1	1	100	0	0	0
MOB_AM_CRAB_CLON	26202	336.059998	201.509995	110.919998	400	350	10	4	6	8	1	0	100	0	0	1	1	100	0	0	0
MOB_AM_CRAB_CLON	26202	679.929993	-2.70000005	795.26001	400	350	10	4	6	8	1	0	100	0	0	1	1	100	0	0	0
MOB_AM_CRAB_CLON	26202	1059.13	8.44999981	396.209991	300	250	10	4	6	8	1	0	100	0	0	1	1	100	0	0	0
MOB_AM_CRAB_CLON	26202	1624.45996	0.550000012	729.47998	400	350	10	4	6	8	1	0	100	0	0	1	1	100	0	0	0
MOB_AM_CRAB_CLON	26203	93.1299973	1.89999998	1233.18994	300	250	10	4	6	8	1	0	100	0	0	1	1	100	0	0	0
MOB_AM_CRAB_CLON	26203	246.550003	9.86999989	1839	400	350	10	4	6	8	1	0	100	0	0	1	1	100	0	0	0
MOB_AM_CRAB_CLON	26203	290.709991	4.57999992	677.669983	400	350	10	4	6	8	1	0	100	0	0	1	1	100	0	0	0
MOB_AM_CRAB_CLON	26203	506.670013	-33.5699997	164.740005	300	250	10	4	6	8	1	0	100	0	0	1	1	100	0	0	0
MOB_AM_CRAB_CLON	26203	737.130005	4.36999989	1365.17004	400	350	10	4	6	8	1	0	100	0	0	1	1	100	0	0	0
MOB_AM_CRAB_CLON	26203	1462.19995	6.36000013	1123.38	300	250	10	4	6	8	1	0	100	0	0	1	1	100	0	0	0
MOB_AM_CRAB_CLON	26203	1638.37	2.42000008	241.100006	300	250	10	4	6	8	1	0	100	0	0	1	1	100	0	0	0
MOB_AM_CRAB_CLON	26457	797.169983	-17.2399998	1490.21997	300	250	10	4	6	8	1	0	100	0	0	1	1	100	0	0	0
MOB_AM_CRAB_CLON	26457	1203.13	0.959999979	1805.44995	300	250	10	4	6	8	1	0	100	0	0	1	1	100	0	0	0
MOB_AM_CRAB_CLON	26457	1647.25	22.6700001	1608.54004	300	250	10	4	6	8	1	0	100	0	0	1	1	100	0	0	0
MOB_AM_CRAB_CLON	26458	188.190002	0	343.519989	400	350	10	4	6	8	1	0	100	0	0	1	1	100	0	0	0
MOB_AM_CRAB_CLON	26458	291.209991	0.00999999978	1585.60999	400	350	10	4	6	8	1	0	100	0	0	1	1	100	0	0	0
MOB_AM_CRAB_CLON	26458	659.219971	3.17000008	1137.89001	400	350	10	4	6	8	1	0	100	0	0	1	1	100	0	0	0
MOB_AM_CRAB_CLON	26458	723.880005	0	561.330017	400	350	10	4	6	8	1	0	100	0	0	1	1	100	0	0	0
MOB_AM_CRAB_CLON	26458	835.789978	0.300000012	1670.91003	400	350	10	4	6	8	1	0	100	0	0	1	1	100	0	0	0
MOB_AM_CRAB_CLON	26458	1169.45996	1.25	306.329987	400	350	10	2	3	4	1	0	100	0	0	1	1	100	0	0	0
MOB_AM_CRAB_CLON	26458	1218.47998	1.50999999	1046.77002	400	350	10	4	6	8	1	0	100	0	0	1	1	100	0	0	0
MOB_AM_CRAB_CLON	26458	1254.53003	11.79	1507.54004	400	350	10	4	6	8	1	0	100	0	0	1	1	100	0	0	0
MOB_AM_CRAB_CLON	26458	1834.71997	9.98999977	1796.31995	400	350	10	4	6	8	1	0	100	0	0	1	1	100	0	0	0
MOB_AM_CRAB_CLON	26458	1850.38	26.5400009	1232.85999	300	250	10	4	6	8	1	0	100	0	0	1	1	100	0	0	0
MOB_AM_CRAB_CLON	26459	101.43	68.8700027	680.440002	400	350	10	4	6	8	1	0	100	0	0	1	1	100	0	0	0
MOB_AM_CRAB_CLON	26459	464.640015	57.5999985	1884.23999	300	250	10	4	6	8	1	0	100	0	0	1	1	100	0	0	0
MOB_AM_CRAB_CLON	26459	598.809998	110.440002	889.969971	300	250	10	4	6	8	1	0	100	0	0	1	1	100	0	0	0
MOB_AM_CRAB_CLON	26459	813.210022	42.5600014	4.86999989	300	250	10	4	6	8	1	0	100	0	0	1	1	100	0	0	0
MOB_AM_CRAB_CLON	26459	887.349976	13.9399996	1538.18994	400	350	10	4	6	8	1	0	100	0	0	1	1	100	0	0	0
MOB_AM_CRAB_CLON	26459	1018.79999	88.3300018	531.169983	400	350	10	4	6	8	1	0	100	0	0	1	1	100	0	0	0
MOB_AM_CRAB_CLON	26459	1465.01001	13.6400003	1284.12	300	250	10	4	6	8	1	0	100	0	0	1	1	100	0	0	0
MOB_AM_CRAB_CLON	26459	1626.33997	52.5200005	1783.21997	300	250	10	4	6	6	1	0	100	0	0	1	1	100	0	0	0
MOB_AM_CRAB_CLON	26459	1639.28003	12.2700005	455.630005	300	250	10	4	6	6	1	0	100	0	0	1	1	100	0	0	0
MOB_AM_CRAB_CLON	26460	316.049988	23.8199997	970.51001	300	250	10	4	6	8	1	0	100	0	0	1	1	100	0	0	0
MOB_AM_CRAB_CLON	26713	362.899994	-6.98999977	1244.87	500	450	10	3	3	4	1	0	100	0	0	1	1	100	0	0	0
MOB_AM_CRAB_CLON	26713	431.429993	-7.07999992	448.619995	500	450	10	3	3	10	1	0	100	0	0	1	1	100	0	0	0
MOB_AM_CRAB_CLON	26713	508.950012	8.92000008	800.960022	300	250	10	4	6	4	1	0	100	0	0	1	1	100	0	0	0
MOB_AM_CRAB_CLON	26713	858.630005	-21.8199997	1512.90002	500	450	10	3	3	6	1	0	100	0	0	1	1	100	0	0	0
MOB_AM_CRAB_CLON	26713	1134.22998	3.71000004	553.929993	500	450	10	3	3	8	1	0	100	0	0	1	1	100	0	0	0
MOB_AM_CRAB_CLON	26713	1575.43005	-1.23000002	1169.75	500	450	10	3	3	8	1	0	100	0	0	1	1	100	0	0	0
MOB_AM_CRAB_CLON	26713	1843.31995	-1.47000003	575.299988	300	250	10	4	6	8	1	0	100	0	0	1	1	100	0	0	0
MOB_AM_CRAB_CLON	26714	1372.45996	18.6700001	146.889999	300	250	10	4	6	8	1	0	100	0	0	1	1	100	0	0	0
MOB_AM_CRAB_CLON	26716	225.009995	86.75	77.5999985	300	250	10	4	6	8	1	0	100	0	0	1	1	100	0	0	0
MOB_AM_CRAB_CLON	26969	487.130005	-33.9799995	92.7900009	500	450	10	3	3	10	1	0	100	0	0	1	1	100	0	0	0
MOB_AM_CRAB_CLON	26969	1154.90002	-26.2099991	149.070007	300	250	10	4	6	8	1	0	100	0	0	1	1	100	0	0	0
MOB_AM_CRAB_CLON	26969	1674.5	-20.9899998	1842.66003	500	450	10	3	4	8	1	0	100	0	0	1	1	100	0	0	0
MOB_AM_CRAB_CLON	26969	1737.06006	-24.0100002	497.51001	500	450	10	3	3	8	1	0	100	0	0	1	1	100	0	0	0
MOB_AM_CRAB_CLON	26969	1866.39001	-21.9400005	1124.55005	300	250	10	4	6	8	1	0	100	0	0	1	1	100	0	0	0
MOB_AM_CRAB_CLON	26970	363.209991	-10.0900002	154.880005	300	250	10	4	6	8	1	0	100	0	0	1	1	100	0	0	0
MOB_AM_CRAB_CLON	26970	1138.12	-14.6099997	1716.37	300	250	10	4	6	8	1	0	100	0	0	1	1	100	0	0	0
MOB_AM_CRAB_CLON	26970	1789.27002	-9.02000046	1795	500	450	10	3	3	6	1	0	100	0	0	1	1	100	0	0	0
MOB_AM_CRAB_CLON	27227	458.119995	-7.67999983	183.179993	300	250	10	4	6	8	1	0	100	0	0	1	1	100	0	0	0
MOB_AM_CRAB_CLON	27227	1642.57996	-14.7700005	471.190002	300	250	10	4	6	8	1	0	100	0	0	1	1	100	0	0	0
MOB_AM_CRAB_CLON	27227	1780.14001	-19.8899994	967.890015	500	450	10	3	3	8	1	0	100	0	0	1	1	100	0	0	0
MOB_AM_CRAB_CLON	27228	190.259995	-16.6700001	1388.38	300	250	10	4	6	8	1	0	100	0	0	1	1	100	0	0	0
MOB_AM_CRAB_CLON	27228	1266.92004	-7.92000008	1520.26001	300	250	10	4	6	8	1	0	100	0	0	1	1	100	0	0	0
MOB_AM_CRAB_CLON	27228	1911.04004	-17.6700001	1533.81995	500	450	10	3	3	8	1	0	100	0	0	1	1	100	0	0	0
MOB_AM_CRAB_CLON	27229	737.289978	-12.6499996	1584.57996	300	250	10	4	6	8	1	0	100	0	0	1	1	100	0	0	0
MOB_AM_CRAB_CLON	27229	1368.27002	-4.46999979	1561.46997	500	450	10	3	3	8	1	0	100	0	0	1	1	100	0	0	0
MOB_AM_CRAB_CLON	27230	1197.82996	-6.8499999	1633.83997	300	250	10	4	6	8	1	0	100	0	0	1	1	100	0	0	0
MOB_AM_CRAB_CLON	27230	1656.35999	-4.36000013	1536.43994	500	450	10	3	3	6	1	0	100	0	0	1	1	100	0	0	0
MOB_AM_CRAB_CLON	27230	1674.98999	-0.119999997	1251.27002	500	450	10	3	3	4	1	0	100	0	0	1	1	100	0	0	0
MOB_AM_CRAB_CLON	27231	2.96000004	-13.2799997	1672.81995	500	450	10	3	3	4	1	0	100	0	0	1	1	100	0	0	0
MOB_AM_CRAB_CLON	27231	153.509995	-4.44000006	1515.39001	300	250	10	2	3	4	1	0	100	0	0	1	1	100	0	0	0
MOB_AM_CRAB_CLON	27231	640.039978	-2.1500001	1446.37	500	450	10	3	3	4	1	0	100	0	0	1	1	100	0	0	0
MOB_AM_CRAB_CLON	27231	753.030029	11.6999998	1215.12	500	450	10	3	3	4	1	0	100	0	0	1	1	100	0	0	0
MOB_AM_CRAB_CLON	27231	886.320007	5.28000021	1286.93005	500	450	10	3	3	4	1	0	100	0	0	1	1	100	0	0	0
MOB_AM_CRAB_CLON	27231	911.799988	-10.9200001	1796.42004	300	250	10	2	3	4	1	0	100	0	0	1	1	100	0	0	0
MOB_AM_CRAB_CLON	27231	1357.41003	51.3899994	1481.96997	500	450	10	3	3	6	1	0	100	0	0	1	1	100	0	0	0
MOB_AM_CRAB_CLON	27231	1432.70996	46.3100014	1752.41003	500	450	10	3	3	6	1	0	100	0	0	1	1	100	0	0	0
MOB_AM_CRAB_CLON	27231	1513.18994	71.2300034	1649.39001	500	450	10	3	3	6	1	0	100	0	0	1	1	100	0	0	0
MOB_AM_PUNISHER	25957	462.089996	255.410004	1502.64001	200	150	10	3	3	4	1	1	100	0	0	1	1	100	0	0	0
MOB_AM_PUNISHER	25957	1257.91003	280.029999	1131	200	150	10	3	3	4	1	1	100	0	0	1	1	100	0	0	0
MOB_AM_PUNISHER	25958	37.0999985	256.359985	1808.10999	200	150	10	3	3	4	1	1	100	0	0	1	1	100	0	0	0
MOB_AM_PUNISHER	25958	272.630005	180	1016.08002	200	150	10	3	3	4	1	1	100	0	0	1	1	100	0	0	0
MOB_AM_PUNISHER	25959	1016.34998	186.690002	1717.18994	200	150	10	3	3	4	1	1	100	0	0	1	1	100	0	0	0
MOB_AM_PUNISHER	26211	1442.62	108.370003	1215.06995	200	150	10	3	3	2	1	1	100	0	0	1	1	100	0	0	0
MOB_AM_PUNISHER	26212	273.970001	171.389999	1791.07996	200	150	10	3	3	2	1	1	100	0	0	1	1	100	0	0	0
MOB_AM_PUNISHER	26212	622.47998	180	777.780029	200	150	10	3	3	2	1	1	100	0	0	1	1	100	0	0	0
MOB_AM_PUNISHER	26212	1293.79004	193.169998	9.80000019	200	150	10	3	3	2	1	1	100	0	0	1	1	100	0	0	0
MOB_AM_PUNISHER	26212	1545.22998	180	1338.17004	200	150	10	3	3	2	1	1	100	0	0	1	1	100	0	0	0
MOB_AM_PUNISHER	26213	83.2600021	180	952.859985	500	450	10	3	3	8	1	1	100	0	0	1	1	100	0	0	0
MOB_AM_PUNISHER	26213	1096.18994	220.020004	192.460007	200	150	10	3	3	4	1	1	100	0	0	1	1	100	0	0	0
MOB_AM_PUNISHER	26213	1484.23999	180	978.179993	200	150	10	3	3	4	1	1	100	0	0	1	1	100	0	0	0
MOB_AM_PUNISHER	26214	530.809998	218.100006	898.159973	200	150	10	3	3	4	1	1	100	0	0	1	1	100	0	0	0
MOB_AM_PUNISHER	26214	1036.19995	257.73999	118.75	200	150	10	3	3	4	1	1	100	0	0	1	1	100	0	0	0
MOB_AM_PUNISHER	26214	1491.23999	188.539993	1027.96997	200	150	10	3	3	4	1	1	100	0	0	1	1	100	0	0	0
MOB_AM_PUNISHER	26215	232.830002	222.850006	381.140015	200	150	10	3	3	4	1	1	100	0	0	1	1	100	0	0	0
MOB_AM_PUNISHER	26215	254.759995	212.220001	403.170013	200	150	10	3	3	4	1	1	100	0	0	1	1	100	0	0	0
MOB_AM_PUNISHER	26215	814.72998	180	1069.06995	200	150	10	3	3	4	1	1	100	0	0	1	1	100	0	0	0
MOB_AM_PUNISHER	26215	1129.27002	196.339996	1705.14001	500	450	10	3	3	8	1	1	100	0	0	1	1	100	0	0	0
MOB_AM_PUNISHER	26215	1595.31006	180.279999	469.600006	200	150	10	3	3	4	1	1	100	0	0	1	1	100	0	0	0
MOB_AM_PUNISHER	26215	1744.26001	219.649994	1326.06995	200	150	10	3	3	4	1	1	100	0	0	1	1	100	0	0	0
MOB_AM_PUNISHER	26468	215.660004	259.76001	981.349976	200	150	10	3	3	2	1	1	100	0	0	1	1	100	0	0	0
MOB_AM_PUNISHER	26468	1215.18994	266.450012	1616.76001	200	150	10	3	3	2	1	1	100	0	0	1	1	100	0	0	0
MOB_AM_PUNISHER	26468	1266.31995	124.82	455.549988	200	150	10	3	3	2	1	1	100	0	0	1	1	100	0	0	0
MOB_AM_PUNISHER	26469	344.75	198.570007	932.900024	200	150	10	3	3	2	1	1	100	0	0	1	1	100	0	0	0
MOB_AM_PUNISHER	26469	707.890015	237.149994	1444.47998	500	450	10	3	3	8	1	1	100	0	0	1	1	100	0	0	0
MOB_AM_PUNISHER	26469	1289.20996	149.470001	1477.13	200	150	10	3	3	4	1	1	100	0	0	1	1	100	0	0	0
MOB_AM_PUNISHER	26469	1414.85999	180	46.5	500	450	10	3	3	8	1	1	100	0	0	1	1	100	0	0	0
MOB_AM_PUNISHER	26470	315.25	178.160004	976.789978	200	150	10	3	3	4	1	1	100	0	0	1	1	100	0	0	0
MOB_AM_PUNISHER	26470	552.51001	180	400.579987	500	450	10	3	3	8	1	1	100	0	0	1	1	100	0	0	0
MOB_AM_PUNISHER	26470	1192.57996	146.669998	1595.18994	200	150	10	3	3	4	1	1	100	0	0	1	1	100	0	0	0
MOB_AM_PUNISHER	26470	1411.16003	128.949997	807.140015	500	450	10	3	3	8	1	1	100	0	0	1	1	100	0	0	0
MOB_AM_PUNISHER	26470	1717.38	180	16.7700005	500	450	10	3	3	8	1	1	100	0	0	1	1	100	0	0	0
MOB_AM_PUNISHER	26471	42.9799995	180	1302.70996	200	150	10	3	3	4	1	1	100	0	0	1	1	100	0	0	0
MOB_AM_PUNISHER	26471	368.51001	201.960007	664.590027	500	450	10	3	3	8	1	1	100	0	0	1	1	100	0	0	0
MOB_AM_PUNISHER	26471	530.23999	262.209991	1453.97998	500	450	10	3	3	8	1	1	100	0	0	1	1	100	0	0	0
MOB_AM_PUNISHER	26471	898.690002	180	1102.55005	200	150	10	3	3	4	1	1	100	0	0	1	1	100	0	0	0
MOB_AM_PUNISHER	26471	1167.46997	180.830002	469.609985	500	450	10	3	3	8	1	1	100	0	0	1	1	100	0	0	0
MOB_AM_PUNISHER	26471	1487.87	280.350006	1757.38	200	150	10	3	3	4	1	1	100	0	0	1	1	100	0	0	0
MOB_AM_PUNISHER	26724	1552.06995	216.460007	870.98999	200	150	10	3	3	2	1	1	100	0	0	1	1	100	0	0	0
MOB_AM_PUNISHER	26725	503.660004	255.789993	155.839996	200	150	10	3	3	2	1	1	100	0	0	1	1	100	0	0	0
MOB_AM_PUNISHER	26725	800.27002	255.229996	1069.38	200	150	10	3	3	2	1	1	100	0	0	1	1	100	0	0	0
MOB_AM_PUNISHER	26725	1006.63	202.679993	1746.27002	500	450	10	5	6	8	1	1	100	0	0	1	1	100	0	0	0
MOB_AM_PUNISHER	26725	1167.56995	247.979996	200.080002	500	450	10	3	3	8	1	1	100	0	0	1	1	100	0	0	0
MOB_AM_PUNISHER	26725	1608.73999	241.039993	566.669983	200	150	10	3	3	4	1	1	100	0	0	1	1	100	0	0	0
MOB_AM_PUNISHER	26726	358.359985	184.139999	1216.09998	200	150	10	3	3	4	1	1	100	0	0	1	1	100	0	0	0
MOB_AM_PUNISHER	26726	390.23999	146.990005	38.3300018	200	150	10	3	3	4	1	1	100	0	0	1	1	100	0	0	0
MOB_AM_PUNISHER	26726	1018.37	230.509995	616.919983	200	150	10	3	3	4	1	1	100	0	0	1	1	100	0	0	0
MOB_AM_PUNISHER	26726	1283.23999	158.5	218.169998	500	450	10	3	3	8	1	1	100	0	0	1	1	100	0	0	0
MOB_AM_PUNISHER	26726	1644.89001	180	1108.87	200	150	10	3	3	4	1	1	100	0	0	1	1	100	0	0	0
MOB_AM_PUNISHER	26726	1759.60999	180	314.619995	200	150	10	3	3	4	1	1	100	0	0	1	1	100	0	0	0
MOB_AM_PUNISHER	26727	498.420013	180	804.669983	200	150	10	3	3	4	1	1	100	0	0	1	1	100	0	0	0
MOB_AM_PUNISHER	26727	661.539978	180	31.5100002	200	150	10	3	3	4	1	1	100	0	0	1	1	100	0	0	0
MOB_AM_PUNISHER	26727	1036.98999	180	361.359985	500	450	10	3	3	8	1	1	100	0	0	1	1	100	0	0	0
MOB_AM_PUNISHER	26727	1274.15002	180	771.190002	200	150	10	3	3	4	1	1	100	0	0	1	1	100	0	0	0
MOB_AM_PUNISHER	26980	605.48999	198.339996	1868.81006	200	150	10	5	6	2	1	1	100	0	0	1	1	100	0	0	0
MOB_AM_PUNISHER	26980	910.179993	181.889999	1248.27002	200	150	10	5	6	4	1	1	100	0	0	1	1	100	0	0	0
MOB_AM_PUNISHER	26980	1350.53003	180	387.76001	200	150	10	5	6	2	1	1	100	0	0	1	1	100	0	0	0
MOB_AM_PUNISHER	26980	1461.20996	216.759995	1826.5	200	150	10	5	6	2	1	1	100	0	0	1	1	100	0	0	0
MOB_AM_PUNISHER	26980	1797.02002	215.660004	1060.38	200	150	10	5	6	2	1	1	100	0	0	1	1	100	0	0	0
MOB_AM_PUNISHER	26980	1901.22998	155.240005	274.959991	500	450	10	5	6	8	1	1	100	0	0	1	1	100	0	0	0
MOB_AM_PUNISHER	26981	564.650024	181.820007	426.98999	300	200	10	5	6	4	1	1	100	0	0	1	1	100	0	0	0
MOB_AM_PUNISHER	26981	776.25	246.940002	1671.30005	250	200	10	5	6	4	1	1	100	0	0	1	1	100	0	0	0
MOB_AM_PUNISHER	26981	1188.43994	215.380005	1072.87	200	150	10	5	6	4	1	1	100	0	0	1	1	100	0	0	0
MOB_AM_PUNISHER	26981	1351.88	212.410004	216.850006	250	200	10	5	6	4	1	1	100	0	0	1	1	100	0	0	0
MOB_AM_PUNISHER	26981	1706.84998	208.429993	908.109985	500	400	10	5	6	2	1	1	100	0	0	1	1	100	0	0	0
MOB_AM_PUNISHER	26981	1784.98999	245.050003	1434.21997	200	150	10	5	6	2	1	1	100	0	0	1	1	100	0	0	0
MOB_AM_PUNISHER	26982	3.20000005	236.399994	129.309998	500	400	10	5	6	2	1	1	100	0	0	1	1	100	0	0	0
MOB_AM_PUNISHER	26982	69.7699966	187.630005	715.5	200	150	10	5	6	4	1	1	100	0	0	1	1	100	0	0	0
MOB_AM_PUNISHER	26982	414.48999	192.729996	713.799988	500	400	10	5	6	2	1	1	100	0	0	1	1	100	0	0	0
MOB_AM_PUNISHER	26982	478.709991	217.240005	1805.56006	500	450	10	5	6	2	1	1	100	0	0	1	1	100	0	0	0
MOB_AM_PUNISHER	26982	667.619995	216.419998	38.0999985	500	400	10	5	6	8	1	1	100	0	0	1	1	100	0	0	0
MOB_AM_PUNISHER	26982	717.47998	180	596.650024	200	150	10	5	6	4	1	1	100	0	0	1	1	100	0	0	0
MOB_AM_PUNISHER	26982	753.450012	206.910004	1252.10999	200	150	10	5	6	4	1	1	100	0	0	1	1	100	0	0	0
MOB_AM_PUNISHER	26982	1163.76001	180	1139.92004	500	400	10	5	6	2	1	1	100	0	0	1	1	100	0	0	0
MOB_AM_PUNISHER	26982	1230.42004	180	65.7300034	200	150	10	5	6	2	1	1	100	0	0	1	1	100	0	0	0
MOB_AM_PUNISHER	26982	1242.75	180	82.1699982	200	150	10	5	6	2	1	1	100	0	0	1	1	100	0	0	0
MOB_AM_PUNISHER	26982	1480.95996	180	1288.21997	200	150	10	5	6	4	1	1	100	0	0	1	1	100	0	0	0
MOB_AM_PUNISHER	26982	1495.33997	180	697.369995	200	150	10	5	6	4	1	1	100	0	0	1	1	100	0	0	0
MOB_AM_PUNISHER	26982	1867.88	180	461	500	400	10	5	6	6	1	1	100	0	0	1	1	100	0	0	0
MOB_AM_PUNISHER	26983	76.4899979	180	70.3899994	200	150	10	5	6	2	1	1	100	0	0	1	1	100	0	0	0
MOB_AM_PUNISHER	26983	241.220001	180	762.460022	200	150	10	5	6	4	1	1	100	0	0	1	1	100	0	0	0
MOB_AM_PUNISHER	26983	269.309998	180	1381.19995	200	150	10	5	6	4	1	1	100	0	0	1	1	100	0	0	0
MOB_AM_PUNISHER	26983	553.940002	180	498.480011	500	400	10	5	6	6	1	1	100	0	0	1	1	100	0	0	0
MOB_AM_PUNISHER	26983	780.039978	180	114.230003	200	150	10	5	6	4	1	1	100	0	0	1	1	100	0	0	0
MOB_AM_PUNISHER	26983	989.309998	180	776.98999	200	150	10	5	6	2	1	1	100	0	0	1	1	100	0	0	0
MOB_AM_PUNISHER	26983	1025.93005	180	1495.08997	200	150	10	5	6	4	1	1	100	0	0	1	1	100	0	0	0
MOB_AM_PUNISHER	26983	1601.75	180	349.029999	200	150	10	5	6	4	1	1	100	0	0	1	1	100	0	0	0
MOB_AM_PUNISHER	26983	1735.48999	180	1185.81995	200	150	10	5	6	4	1	1	100	0	0	1	1	100	0	0	0
MOB_AM_PUNISHER	27236	1053.76001	221.440002	1410.65002	200	150	10	5	6	2	1	1	100	0	0	1	1	100	0	0	0
MOB_AM_PUNISHER	27236	1098.37	191.339996	658.059998	200	150	10	5	6	2	1	1	100	0	0	1	1	100	0	0	0
MOB_AM_PUNISHER	27236	1658.63	295.109985	1917.18994	200	150	10	5	6	2	1	1	100	0	0	1	1	100	0	0	0
MOB_AM_PUNISHER	27236	1845.73999	290.690002	575.51001	500	450	10	5	6	2	1	1	100	0	0	1	1	100	0	0	0
MOB_AM_PUNISHER	27237	124.440002	295.390015	1773.62	500	450	10	5	6	4	1	1	100	0	0	1	1	100	0	0	0
MOB_AM_PUNISHER	27237	330.709991	218.919998	218.369995	200	150	10	5	6	2	1	1	100	0	0	1	1	100	0	0	0
MOB_AM_PUNISHER	27237	538.900024	380.220001	1917.80005	200	150	10	5	6	2	1	1	100	0	0	1	1	100	0	0	0
MOB_AM_PUNISHER	27237	583.460022	218.779999	980.950012	200	150	10	5	6	4	1	1	100	0	0	1	1	100	0	0	0
MOB_AM_PUNISHER	27237	750.619995	218	177.330002	500	450	10	5	6	2	1	1	100	0	0	1	1	100	0	0	0
MOB_AM_PUNISHER	27237	991.799988	400.98999	1836.31006	300	200	10	5	6	4	1	1	100	0	0	1	1	100	0	0	0
MOB_AM_PUNISHER	27237	1059.67004	217.800003	478.660004	200	150	10	5	6	4	1	1	100	0	0	1	1	100	0	0	0
MOB_AM_PUNISHER	27237	1101.78003	218.690002	956.619995	500	450	10	5	6	4	1	1	100	0	0	1	1	100	0	0	0
MOB_AM_PUNISHER	27237	1451.08997	218.589996	1324.71997	200	150	10	5	6	2	1	1	100	0	0	1	1	100	0	0	0
MOB_AM_PUNISHER	27237	1463.33997	218.559998	1302.67004	200	150	10	5	6	2	1	1	100	0	0	1	1	100	0	0	0
MOB_AM_PUNISHER	27237	1530.02002	217.880005	443.100006	500	450	10	5	6	2	1	1	100	0	0	1	1	100	0	0	0
MOB_AM_PUNISHER	27237	1658.70996	220.759995	56.9500008	200	150	10	5	6	4	1	1	100	0	0	1	1	100	0	0	0
MOB_AM_PUNISHER	27237	1730.43005	218.100006	736.27002	200	150	10	5	6	4	1	1	100	0	0	1	1	100	0	0	0
MOB_AM_PUNISHER	27237	1911.79004	216.839996	1198.64001	500	300	10	5	6	4	1	1	100	0	0	1	1	100	0	0	0
MOB_AM_PUNISHER	27238	121.769997	295.019989	1797.67004	200	150	10	5	6	2	1	1	100	0	0	1	1	100	0	0	0
MOB_AM_PUNISHER	27238	448.48999	216.029999	1454.60999	500	450	10	5	6	4	1	1	100	0	0	1	1	100	0	0	0
MOB_AM_PUNISHER	27238	672	217.529999	536.659973	200	150	10	5	6	2	1	1	100	0	0	1	1	100	0	0	0
MOB_AM_PUNISHER	27238	717.559998	219.339996	1094.40002	200	150	10	5	6	2	1	1	100	0	0	1	1	100	0	0	0
MOB_AM_PUNISHER	27238	729.659973	217	1793.77002	200	150	10	5	6	2	1	1	100	0	0	1	1	100	0	0	0
MOB_AM_PUNISHER_CLON	25957	483.149994	254.059998	1526.54004	300	250	10	6	9	6	1	1	100	0	0	1	1	100	0	0	0
MOB_AM_PUNISHER_CLON	25957	696.609985	224.649994	847.869995	500	450	10	6	9	6	1	1	100	0	0	1	1	100	0	0	0
MOB_AM_PUNISHER_CLON	25957	978.090027	262.179993	1622.71997	500	450	10	6	9	6	1	1	100	0	0	1	1	100	0	0	0
MOB_AM_PUNISHER_CLON	25957	1275.77002	282.109985	1150.37	300	250	10	6	9	6	1	1	100	0	0	1	1	100	0	0	0
MOB_AM_PUNISHER_CLON	25957	1759.12	254.229996	1335.59998	500	450	10	6	9	6	1	1	100	0	0	1	1	100	0	0	0
MOB_AM_PUNISHER_CLON	25958	62.7900009	251.979996	1829.73999	300	250	10	6	9	6	1	1	100	0	0	1	1	100	0	0	0
MOB_AM_PUNISHER_CLON	25958	273.540009	180	1060.55005	300	250	10	4	6	6	1	1	100	0	0	1	1	100	0	0	0
MOB_AM_PUNISHER_CLON	25958	314.230011	180	1054.55005	300	250	10	6	9	6	1	1	100	0	0	1	1	100	0	0	0
MOB_AM_PUNISHER_CLON	25958	564.02002	180	1617.78003	500	450	10	6	9	6	1	1	100	0	0	1	1	100	0	0	0
MOB_AM_PUNISHER_CLON	25959	1024.84998	184.25	1752.95996	300	250	10	6	9	6	1	1	100	0	0	1	1	100	0	0	0
MOB_AM_PUNISHER_CLON	25959	1833.08997	180.690002	1606.89001	500	450	10	6	9	6	1	1	100	0	0	1	1	100	0	0	0
MOB_AM_PUNISHER_CLON	26211	1417.82996	107.459999	1228.42004	300	250	10	6	9	6	1	1	100	0	0	1	1	100	0	0	0
MOB_AM_PUNISHER_CLON	26212	117.300003	145.389999	1143.22998	500	450	10	6	9	6	1	1	100	0	0	1	1	100	0	0	0
MOB_AM_PUNISHER_CLON	26212	296.149994	175.350006	1817.40002	300	250	10	6	9	6	1	1	100	0	0	1	1	100	0	0	0
MOB_AM_PUNISHER_CLON	26212	657.280029	180	794.700012	300	250	10	6	9	6	1	1	100	0	0	1	1	100	0	0	0
MOB_AM_PUNISHER_CLON	26212	847.619995	180	1328.28003	500	450	10	6	9	6	1	1	100	0	0	1	1	100	0	0	0
MOB_AM_PUNISHER_CLON	26212	1010.63	180	1757.06995	500	450	10	6	9	6	1	1	100	0	0	1	1	100	0	0	0
MOB_AM_PUNISHER_CLON	26212	1309.68005	180	647.22998	500	450	10	6	9	6	1	1	100	0	0	1	1	100	0	0	0
MOB_AM_PUNISHER_CLON	26212	1310.90002	193.690002	28.3899994	300	250	10	6	9	6	1	1	100	0	0	1	1	100	0	0	0
MOB_AM_PUNISHER_CLON	26212	1514.69995	180	1310.26001	300	250	10	6	9	6	1	1	100	0	0	1	1	100	0	0	0
MOB_AM_PUNISHER_CLON	26213	183.229996	201.589996	1629.88	500	450	10	6	9	6	1	1	100	0	0	1	1	100	0	0	0
MOB_AM_PUNISHER_CLON	26213	480.51001	192.289993	205.470001	500	450	10	6	9	6	1	1	100	0	0	1	1	100	0	0	0
MOB_AM_PUNISHER_CLON	26213	636.869995	180	1911.43994	500	450	10	6	9	6	1	1	100	0	0	1	1	100	0	0	0
MOB_AM_PUNISHER_CLON	26213	966.919983	180	772.690002	500	450	10	6	9	6	1	1	100	0	0	1	1	100	0	0	0
MOB_AM_PUNISHER_CLON	26213	1125.77002	225.229996	184.830002	300	250	10	6	9	6	1	1	100	0	0	1	1	100	0	0	0
MOB_AM_PUNISHER_CLON	26213	1505.31006	180	971.659973	300	250	10	6	9	6	1	1	100	0	0	1	1	100	0	0	0
MOB_AM_PUNISHER_CLON	26213	1707.95996	200.720001	446.339996	500	450	10	6	9	6	1	1	100	0	0	1	1	100	0	0	0
MOB_AM_PUNISHER_CLON	26214	92.3499985	187.789993	1293	500	450	10	6	9	6	1	1	100	0	0	1	1	100	0	0	0
MOB_AM_PUNISHER_CLON	26214	472.410004	165.229996	354.640015	500	450	10	6	9	6	1	1	100	0	0	1	1	100	0	0	0
MOB_AM_PUNISHER_CLON	26214	552.77002	219.009995	877.140015	300	250	10	4	6	6	1	1	100	0	0	1	1	100	0	0	0
MOB_AM_PUNISHER_CLON	26214	554.849976	221.899994	903.090027	300	250	10	6	9	6	1	1	100	0	0	1	1	100	0	0	0
MOB_AM_PUNISHER_CLON	26214	982.710022	207.070007	1307.64001	500	450	10	6	9	6	1	1	100	0	0	1	1	100	0	0	0
MOB_AM_PUNISHER_CLON	26214	1014.12	253.789993	126.629997	300	250	10	6	9	6	1	1	100	0	0	1	1	100	0	0	0
MOB_AM_PUNISHER_CLON	26214	1069.48999	291.519989	718.390015	500	450	10	6	9	6	1	1	100	0	0	1	1	100	0	0	0
MOB_AM_PUNISHER_CLON	26214	1511.43005	188.509995	1023.16998	300	250	10	6	9	6	1	1	100	0	0	1	1	100	0	0	0
MOB_AM_PUNISHER_CLON	26214	1547.38	238.240005	442.75	500	450	10	6	9	6	1	1	100	0	0	1	1	100	0	0	0
MOB_AM_PUNISHER_CLON	26215	211.570007	180.880005	1019.53998	500	450	10	6	9	6	1	1	100	0	0	1	1	100	0	0	0
MOB_AM_PUNISHER_CLON	26215	217.320007	222.710007	399.399994	300	250	10	6	9	6	1	1	100	0	0	1	1	100	0	0	0
MOB_AM_PUNISHER_CLON	26215	855.719971	180	1057.95996	300	250	10	6	9	6	1	1	100	0	0	1	1	100	0	0	0
MOB_AM_PUNISHER_CLON	26215	938.190002	180	471.540009	500	450	10	6	9	6	1	1	100	0	0	1	1	100	0	0	0
MOB_AM_PUNISHER_CLON	26215	1363.20996	197.229996	990.080017	500	450	10	6	9	6	1	1	100	0	0	1	1	100	0	0	0
MOB_AM_PUNISHER_CLON	26215	1614.05005	181.399994	487.450012	300	250	10	6	9	6	1	1	100	0	0	1	1	100	0	0	0
MOB_AM_PUNISHER_CLON	26215	1752.17004	215.300003	1358.82996	300	250	10	6	9	6	1	1	100	0	0	1	1	100	0	0	0
MOB_AM_PUNISHER_CLON	26467	1693.38	307.890015	1358.33997	500	450	10	6	9	6	1	1	100	0	0	1	1	100	0	0	0
MOB_AM_PUNISHER_CLON	26467	1795.02002	232.339996	523.059998	500	450	10	6	9	6	1	1	100	0	0	1	1	100	0	0	0
MOB_AM_PUNISHER_CLON	26468	234.639999	256.399994	956.98999	300	250	10	6	9	6	1	1	100	0	0	1	1	100	0	0	0
MOB_AM_PUNISHER_CLON	26468	503.630005	297.700012	1629.94995	500	450	10	6	9	6	1	1	100	0	0	1	1	100	0	0	0
MOB_AM_PUNISHER_CLON	26468	604.51001	165.490005	424.649994	500	450	10	6	9	6	1	1	100	0	0	1	1	100	0	0	0
MOB_AM_PUNISHER_CLON	26468	850.070007	219.839996	998.320007	500	450	10	6	9	6	1	1	100	0	0	1	1	100	0	0	0
MOB_AM_PUNISHER_CLON	26468	1234.65002	266.279999	1637.22998	300	250	10	6	9	6	1	1	100	0	0	1	1	100	0	0	0
MOB_AM_PUNISHER_CLON	26468	1290.38	123.410004	461.420013	300	250	10	6	9	6	1	1	100	0	0	1	1	100	0	0	0
MOB_AM_PUNISHER_CLON	26468	1617.70996	189.440002	1091.65002	500	450	10	6	9	6	1	1	100	0	0	1	1	100	0	0	0
MOB_AM_PUNISHER_CLON	26469	110.32	269.799988	1552.77002	500	450	10	6	9	6	1	1	100	0	0	1	1	100	0	0	0
MOB_AM_PUNISHER_CLON	26469	157.919998	171.809998	262.140015	500	450	10	6	9	6	1	1	100	0	0	1	1	100	0	0	0
MOB_AM_PUNISHER_CLON	26469	374.880005	198.520004	929.090027	300	250	10	6	9	6	1	1	100	0	0	1	1	100	0	0	0
MOB_AM_PUNISHER_CLON	26469	1007.97998	174.210007	644.960022	500	450	10	6	9	6	1	1	100	0	0	1	1	100	0	0	0
MOB_AM_PUNISHER_CLON	26469	1308.30005	145.970001	1477.35999	300	250	10	6	9	6	1	1	100	0	0	1	1	100	0	0	0
MOB_AM_PUNISHER_CLON	26469	1596.97998	122.129997	860	500	450	10	6	9	6	1	1	100	0	0	1	1	100	0	0	0
MOB_AM_PUNISHER_CLON	26470	13.79	111.260002	1505.28003	500	450	10	6	9	6	1	1	100	0	0	1	1	100	0	0	0
MOB_AM_PUNISHER_CLON	26470	346.220001	178.690002	965.609985	300	250	10	6	9	6	1	1	100	0	0	1	1	100	0	0	0
MOB_AM_PUNISHER_CLON	26470	695.330017	174.440002	1458.80005	500	450	10	6	9	6	1	1	100	0	0	1	1	100	0	0	0
MOB_AM_PUNISHER_CLON	26470	1155.37	117.879997	928.690002	500	450	10	6	9	6	1	1	100	0	0	1	1	100	0	0	0
MOB_AM_PUNISHER_CLON	26470	1210.54004	148.800003	1579.25	300	250	10	6	9	6	1	1	100	0	0	1	1	100	0	0	0
MOB_AM_PUNISHER_CLON	26471	51.7299995	180	1312.19995	300	250	10	6	9	6	1	1	100	0	0	1	1	100	0	0	0
MOB_AM_PUNISHER_CLON	26471	97.9400024	180	1877.82996	500	450	10	6	9	6	1	1	100	0	0	1	1	100	0	0	0
MOB_AM_PUNISHER_CLON	26471	909.299988	180	1131.46997	300	250	10	6	9	6	1	1	100	0	0	1	1	100	0	0	0
MOB_AM_PUNISHER_CLON	26471	1036.13	180	1612.90002	500	450	10	6	9	6	1	1	100	0	0	1	1	100	0	0	0
MOB_AM_PUNISHER_CLON	26471	1516.89001	279.420013	1755.12	300	250	10	6	9	6	1	1	100	0	0	1	1	100	0	0	0
MOB_AM_PUNISHER_CLON	26471	1690.13	180	1140.38	500	450	10	6	9	6	1	1	100	0	0	1	1	100	0	0	0
MOB_AM_PUNISHER_CLON	26724	416.01001	254.529999	272.019989	500	450	10	6	9	6	1	1	100	0	0	1	1	100	0	0	0
MOB_AM_PUNISHER_CLON	26724	976.169983	227.919998	329.230011	500	450	10	6	9	6	1	1	100	0	0	1	1	100	0	0	0
MOB_AM_PUNISHER_CLON	26724	1561.91003	217.779999	862.900024	300	250	10	6	9	6	1	1	100	0	0	1	1	100	0	0	0
MOB_AM_PUNISHER_CLON	26724	1621.98999	180.470001	1638.51001	500	450	10	6	9	6	1	1	100	0	0	1	1	100	0	0	0
MOB_AM_PUNISHER_CLON	26724	1783.5	256.549988	196.410004	500	450	10	6	9	6	1	1	100	0	0	1	1	100	0	0	0
MOB_AM_PUNISHER_CLON	26725	243.919998	247.380005	775.830017	500	450	10	6	9	6	1	1	100	0	0	1	1	100	0	0	0
MOB_AM_PUNISHER_CLON	26725	398.790009	184.419998	1442.39001	500	450	10	6	9	6	1	1	100	0	0	1	1	100	0	0	0
MOB_AM_PUNISHER_CLON	26725	517.309998	254.880005	175.419998	300	250	10	6	9	6	1	1	100	0	0	1	1	100	0	0	0
MOB_AM_PUNISHER_CLON	26725	813.77002	256.600006	1072.69995	300	250	10	6	9	6	1	1	100	0	0	1	1	100	0	0	0
MOB_AM_PUNISHER_CLON	26725	1352.35999	268.619995	1058.39001	500	450	10	6	9	6	1	1	100	0	0	1	1	100	0	0	0
MOB_AM_PUNISHER_CLON	26725	1634.75	242.160004	565.22998	300	250	10	6	9	6	1	1	100	0	0	1	1	100	0	0	0
MOB_AM_PUNISHER_CLON	26725	1748.29004	215.279999	1161.32996	500	450	10	6	9	6	1	1	100	0	0	1	1	100	0	0	0
MOB_AM_PUNISHER_CLON	26726	384.290009	183.300003	1232.18994	300	250	10	6	9	6	1	1	100	0	0	1	1	100	0	0	0
MOB_AM_PUNISHER_CLON	26726	385.230011	177.649994	604.719971	500	450	10	6	9	6	1	1	100	0	0	1	1	100	0	0	0
MOB_AM_PUNISHER_CLON	26726	405.769989	149.389999	56.2900009	300	250	10	6	9	6	1	1	100	0	0	1	1	100	0	0	0
MOB_AM_PUNISHER_CLON	26726	1026.93005	178.820007	1283.81995	500	450	10	6	9	6	1	1	100	0	0	1	1	100	0	0	0
MOB_AM_PUNISHER_CLON	26726	1048.91003	211.089996	622.659973	300	250	10	6	9	6	1	1	100	0	0	1	1	100	0	0	0
MOB_AM_PUNISHER_CLON	26726	1610.40002	180.759995	1732.40002	500	450	10	5	6	8	1	1	100	0	0	1	1	100	0	0	0
MOB_AM_PUNISHER_CLON	26726	1656.43005	180	1097.71997	300	250	10	6	9	6	1	1	100	0	0	1	1	100	0	0	0
MOB_AM_PUNISHER_CLON	26726	1735.76001	180	316.26001	300	250	10	6	9	6	1	1	100	0	0	1	1	100	0	0	0
MOB_AM_PUNISHER_CLON	26727	238.169998	180	1290.63	500	450	10	6	9	6	1	1	100	0	0	1	1	100	0	0	0
MOB_AM_PUNISHER_CLON	26727	520	180	839.359985	300	250	10	6	9	6	1	1	100	0	0	1	1	100	0	0	0
MOB_AM_PUNISHER_CLON	26727	692.609985	180	16.8199997	300	250	10	6	9	6	1	1	100	0	0	1	1	100	0	0	0
MOB_AM_PUNISHER_CLON	26727	906.969971	180	1218.55005	500	450	10	6	9	6	1	1	100	0	0	1	1	100	0	0	0
MOB_AM_PUNISHER_CLON	26727	1299.06006	180	771.700012	300	250	10	6	9	6	1	1	100	0	0	1	1	100	0	0	0
MOB_AM_PUNISHER_CLON	26727	1647.16003	179.990005	1481.14001	500	450	10	6	9	6	1	1	100	0	0	1	1	100	0	0	0
MOB_AM_PUNISHER_CLON	26727	1809.84998	181.119995	418.529999	500	450	10	6	9	6	1	1	100	0	0	1	1	100	0	0	0
MOB_AM_PUNISHER_CLON	26980	627.960022	205.679993	1892.64001	250	200	10	5	6	8	1	1	100	0	0	1	1	100	0	0	0
MOB_AM_PUNISHER_CLON	26980	753.179993	180	800.049988	500	450	10	5	6	10	1	1	100	0	0	1	1	100	0	0	0
MOB_AM_PUNISHER_CLON	26980	820.549988	182.320007	50.0999985	500	450	10	5	6	10	1	1	100	0	0	1	1	100	0	0	0
MOB_AM_PUNISHER_CLON	26980	885.289978	180	1236.22998	250	200	10	5	6	4	1	1	100	0	0	1	1	100	0	0	0
MOB_AM_PUNISHER_CLON	26980	1355.5	180	430.040009	250	200	10	5	6	4	1	1	100	0	0	1	1	100	0	0	0
MOB_AM_PUNISHER_CLON	26980	1373.03003	181.160004	974.179993	500	450	10	5	6	10	1	1	100	0	0	1	1	100	0	0	0
MOB_AM_PUNISHER_CLON	26980	1451.40002	216.770004	1855.93005	250	200	10	5	6	4	1	1	100	0	0	1	1	100	0	0	0
MOB_AM_PUNISHER_CLON	26980	1787.22998	216.309998	1084.80005	250	200	10	5	6	4	1	1	100	0	0	1	1	100	0	0	0
MOB_AM_PUNISHER_CLON	26980	1798.41003	217.729996	1814.56006	500	450	10	5	6	4	1	1	100	0	0	1	1	100	0	0	0
MOB_AM_PUNISHER_CLON	26981	394.799988	213.059998	891.719971	500	450	10	5	6	4	1	1	100	0	0	1	1	100	0	0	0
MOB_AM_PUNISHER_CLON	26981	526.5	182.149994	420.209991	300	200	10	5	6	4	1	1	100	0	0	1	1	100	0	0	0
MOB_AM_PUNISHER_CLON	26981	795.619995	246.529999	1664.07996	250	200	10	5	6	4	1	1	100	0	0	1	1	100	0	0	0
MOB_AM_PUNISHER_CLON	26981	1171.27002	215.309998	1077.79004	250	200	10	5	6	4	1	1	100	0	0	1	1	100	0	0	0
MOB_AM_PUNISHER_CLON	26981	1314.30005	211.179993	217.009995	250	200	10	5	6	4	1	1	100	0	0	1	1	100	0	0	0
MOB_AM_PUNISHER_CLON	26981	1345.23999	252.559998	1590.67004	500	450	10	5	6	2	1	1	100	0	0	1	1	100	0	0	0
MOB_AM_PUNISHER_CLON	26981	1792.25	245.300003	1417.21997	250	200	10	5	6	4	1	1	100	0	0	1	1	100	0	0	0
MOB_AM_PUNISHER_CLON	26982	61.6100006	186.759995	703.27002	250	200	10	5	6	4	1	1	100	0	0	1	1	100	0	0	0
MOB_AM_PUNISHER_CLON	26982	727.75	180	590.47998	250	200	10	5	6	4	1	1	100	0	0	1	1	100	0	0	0
MOB_AM_PUNISHER_CLON	26982	777.690002	204.25	1225.75	250	200	10	5	6	4	1	1	100	0	0	1	1	100	0	0	0
MOB_AM_PUNISHER_CLON	26982	1156.01001	180	541.559998	500	400	10	5	6	6	1	1	100	0	0	1	1	100	0	0	0
MOB_AM_PUNISHER_CLON	26982	1230.42004	180	88.3300018	250	200	10	5	6	4	1	1	100	0	0	1	1	100	0	0	0
MOB_AM_PUNISHER_CLON	26982	1499.44995	180	1267.67004	250	200	10	5	6	4	1	1	100	0	0	1	1	100	0	0	0
MOB_AM_PUNISHER_CLON	26982	1528.21997	180	682.98999	250	200	10	5	6	4	1	1	100	0	0	1	1	100	0	0	0
MOB_AM_PUNISHER_CLON	26982	1865.20996	180	1073.43005	500	400	10	5	6	6	1	1	100	0	0	1	1	100	0	0	0
MOB_AM_PUNISHER_CLON	26983	49.7700005	180	72.4400024	250	200	10	5	6	4	1	1	100	0	0	1	1	100	0	0	0
MOB_AM_PUNISHER_CLON	26983	255.600006	180	783.01001	250	200	10	5	6	8	1	1	100	0	0	1	1	100	0	0	0
MOB_AM_PUNISHER_CLON	26983	283.690002	180	1385.31006	250	200	10	5	6	8	1	1	100	0	0	1	1	100	0	0	0
MOB_AM_PUNISHER_CLON	26983	680.789978	180	1012.22998	500	400	10	5	6	6	1	1	100	0	0	1	1	100	0	0	0
MOB_AM_PUNISHER_CLON	26983	788.26001	180	149.169998	250	200	10	5	6	4	1	1	100	0	0	1	1	100	0	0	0
MOB_AM_PUNISHER_CLON	26983	995.469971	180	793.429993	250	200	10	5	6	4	1	1	100	0	0	1	1	100	0	0	0
MOB_AM_PUNISHER_CLON	26983	1034.15002	180	1468.38	250	200	10	5	6	4	1	1	100	0	0	1	1	100	0	0	0
MOB_AM_PUNISHER_CLON	26983	1251.25	180	207.389999	500	400	10	5	6	6	1	1	100	0	0	1	1	100	0	0	0
MOB_AM_PUNISHER_CLON	26983	1286.63	180	1187.69995	500	400	10	5	6	6	1	1	100	0	0	1	1	100	0	0	0
MOB_AM_PUNISHER_CLON	26983	1620.25	180	363.420013	250	200	10	5	6	4	1	1	100	0	0	1	1	100	0	0	0
MOB_AM_PUNISHER_CLON	26983	1725.21997	180	1196.09998	250	200	10	5	6	4	1	1	100	0	0	1	1	100	0	0	0
MOB_AM_PUNISHER_CLON	27236	808.030029	205.229996	545.059998	500	450	10	5	6	10	1	1	100	0	0	1	1	100	0	0	0
MOB_AM_PUNISHER_CLON	27236	898.190002	197.070007	1078.06006	500	450	10	5	6	10	1	1	100	0	0	1	1	100	0	0	0
MOB_AM_PUNISHER_CLON	27236	1068.44995	222.440002	1434.95996	250	200	10	5	6	6	1	1	100	0	0	1	1	100	0	0	0
MOB_AM_PUNISHER_CLON	27236	1078.56995	189.860001	668.140015	250	200	10	5	6	6	1	1	100	0	0	1	1	100	0	0	0
MOB_AM_PUNISHER_CLON	27236	1629.75	213.649994	1149.93005	500	450	10	5	6	4	1	1	100	0	0	1	1	100	0	0	0
MOB_AM_PUNISHER_CLON	27236	1668.01001	295.920013	1895.31995	250	200	10	5	6	4	1	1	100	0	0	1	1	100	0	0	0
MOB_AM_PUNISHER_CLON	27237	347.859985	218.919998	225.720001	250	200	10	5	6	6	1	1	100	0	0	1	1	100	0	0	0
MOB_AM_PUNISHER_CLON	27237	558.960022	218.779999	973.590027	250	200	10	5	6	4	1	1	100	0	0	1	1	100	0	0	0
MOB_AM_PUNISHER_CLON	27237	1089.08997	217.860001	478.660004	250	200	10	5	6	4	1	1	100	0	0	1	1	100	0	0	0
MOB_AM_PUNISHER_CLON	27237	1431.47998	218.649994	1310	250	200	10	5	6	4	1	1	100	0	0	1	1	100	0	0	0
MOB_AM_PUNISHER_CLON	27237	1680.82996	219.580002	76.6500015	250	200	10	5	6	4	1	1	100	0	0	1	1	100	0	0	0
MOB_AM_PUNISHER_CLON	27237	1730.43005	218.139999	753.429993	250	200	10	5	6	6	1	1	100	0	0	1	1	100	0	0	0
MOB_AM_PUNISHER_CLON	27238	140.399994	295.959991	1771.06995	250	200	10	5	6	4	1	1	100	0	0	1	1	100	0	0	0
MOB_AM_PUNISHER_CLON	27238	638.349976	216.830002	521.25	250	200	10	5	6	4	1	1	100	0	0	1	1	100	0	0	0
MOB_AM_PUNISHER_CLON	27238	697.390015	219.149994	1078.27002	250	200	10	5	6	4	1	1	100	0	0	1	1	100	0	0	0
MOB_AM_PUNISHER_CLON	27238	741.77002	217.110001	1771.54004	250	200	10	5	6	4	1	1	100	0	0	1	1	100	0	0	0
MOB_AM_PUNISHER_CLON	27493	549.039978	380.109985	26.6800003	250	200	10	5	6	4	1	1	100	0	0	1	1	100	0	0	0
MOB_AM_ROGUE	25180	823.25	-9.81999969	1527.37	200	150	10	7	10	4	1	1	100	0	0	1	1	100	0	0	0
MOB_AM_ROGUE	25180	1739.53003	1.86000001	1349.68005	200	150	10	7	10	4	1	1	100	0	0	1	1	100	0	0	0
MOB_AM_ROGUE	25181	878.900024	1.67999995	1162.13	200	150	10	7	10	4	1	1	100	0	0	1	1	100	0	0	0
MOB_AM_ROGUE	25181	1446.04004	-4.07999992	308.309998	200	150	10	7	10	4	1	1	100	0	0	1	1	100	0	0	0
MOB_AM_ROGUE	25433	1530.70996	-25.8400002	1443.30005	200	150	10	7	10	2	1	1	100	0	0	1	1	100	0	0	0
MOB_AM_ROGUE	25434	290.140015	3.53999996	972.219971	200	150	10	7	10	4	1	1	100	0	0	1	1	100	0	0	0
MOB_AM_ROGUE	25434	371.670013	123.410004	1742.22998	200	150	10	7	10	6	1	1	100	0	0	1	1	100	0	0	0
MOB_AM_ROGUE	25434	1201.29004	-2.52999997	791.609985	200	150	10	7	10	4	1	1	100	0	0	1	1	100	0	0	0
MOB_AM_ROGUE	25434	1234.40002	143.729996	1661.28003	200	150	10	7	10	6	1	1	100	0	0	1	1	100	0	0	0
MOB_AM_ROGUE	25435	11.5900002	-1.88999999	1311.38	200	150	10	7	10	4	1	1	100	0	0	1	1	100	0	0	0
MOB_AM_ROGUE	25435	307.51001	0.159999996	693.809998	200	150	10	7	10	4	1	1	100	0	0	1	1	100	0	0	0
MOB_AM_ROGUE	25435	739.890015	6.21000004	1416.91003	200	150	10	7	10	4	1	1	100	0	0	1	1	100	0	0	0
MOB_AM_ROGUE	25435	1397.89001	0.409999996	1439.68005	200	150	10	7	10	4	1	1	100	0	0	1	1	100	0	0	0
MOB_AM_ROGUE	25436	142.520004	-8.10999966	861.47998	200	150	10	7	10	4	1	1	100	0	0	1	1	100	0	0	0
MOB_AM_ROGUE	25689	928.789978	-9.07999992	827.789978	200	150	10	7	10	4	1	1	100	0	0	1	1	100	0	0	0
MOB_AM_ROGUE	25689	1123.08997	-20.1800003	208.619995	200	150	10	7	10	2	1	1	100	0	0	1	1	100	0	0	0
MOB_AM_ROGUE	25689	1845.44995	105.440002	726.02002	200	150	10	7	10	6	1	1	100	0	0	1	1	100	0	0	0
MOB_AM_ROGUE	25690	619.440002	0.99000001	1726.53003	200	150	10	7	10	4	1	1	100	0	0	1	1	100	0	0	0
MOB_AM_ROGUE	25690	761.5	126.239998	723.140015	200	150	10	7	10	6	1	1	100	0	0	1	1	100	0	0	0
MOB_AM_ROGUE	25690	1472.08997	0.0900000036	1496.15002	200	150	10	7	10	4	1	1	100	0	0	1	1	100	0	0	0
MOB_AM_ROGUE	25690	1575.59998	147.660004	502.679993	200	150	10	7	10	6	1	1	100	0	0	1	1	100	0	0	0
MOB_AM_ROGUE	25691	279.390015	4.38999987	923.219971	200	150	10	7	10	4	1	1	100	0	0	1	1	100	0	0	0
MOB_AM_ROGUE	25691	328.670013	2.70000005	108.739998	200	150	10	7	10	4	1	1	100	0	0	1	1	100	0	0	0
MOB_AM_ROGUE	25691	488.089996	1.22000003	1750.27002	200	150	10	7	10	4	1	1	100	0	0	1	1	100	0	0	0
MOB_AM_ROGUE	25691	1249.47998	14.2399998	1167.44995	200	150	10	7	10	4	1	1	100	0	0	1	1	100	0	0	0
MOB_AM_ROGUE	25691	1412.10999	0.0700000003	203.880005	200	150	10	7	10	4	1	1	100	0	0	1	1	100	0	0	0
MOB_AM_ROGUE	25947	1079.52002	1.37	257.799988	200	150	10	7	10	4	1	1	100	0	0	1	1	100	0	0	0
MOB_AM_ROGUE	26200	1677.16003	-25.9799995	904.630005	200	150	10	3	4	4	1	1	100	0	0	1	1	100	0	0	0
MOB_AM_ROGUE	26200	1797.04004	-19.7600002	1427.06995	200	150	10	3	4	4	1	1	100	0	0	1	1	100	0	0	0
MOB_AM_ROGUE	26457	279.920013	-21.5699997	1905.31995	200	150	10	7	9	2	1	1	100	0	0	1	1	100	0	0	0
MOB_AM_ROGUE	26712	1818.52002	-22.9500008	560.97998	200	150	10	7	9	2	1	1	100	0	0	1	1	100	0	0	0
MOB_AM_ROGUE	26712	1919.81006	-9.06000042	1129.43005	200	150	10	7	9	2	1	1	100	0	0	1	1	100	0	0	0
MOB_AM_ROGUE	26713	333.269989	-23.25	1635.84998	200	150	10	7	9	4	1	1	100	0	0	1	1	100	0	0	0
MOB_AM_ROGUE	26714	1191.87	-3.88000011	1317.20996	200	150	10	7	9	2	1	1	100	0	0	1	1	100	0	0	0
MOB_AM_ROGUE	26715	210.75	4.38999987	1087.10999	200	150	10	7	9	2	1	1	100	0	0	1	1	100	0	0	0
MOB_AM_ROGUE	26715	1230.76001	62.8899994	1246.70996	200	150	10	7	9	2	1	1	100	0	0	1	1	100	0	0	0
MOB_AM_ROGUE	26970	1112.40002	2.8499999	835.789978	200	150	10	7	9	2	1	1	100	0	0	1	1	100	0	0	0
MOB_AM_ROGUE	26970	1795.26001	0	341.649994	200	150	10	7	9	2	1	1	100	0	0	1	1	100	0	0	0
MOB_AM_ROGUE	26971	812.099976	5.17999983	1180.67004	200	150	10	7	9	4	1	1	100	0	0	1	1	100	0	0	0
MOB_AM_ROGUE	26971	829.780029	0	487.529999	500	450	10	5	6	12	1	1	100	0	0	1	1	100	0	0	0
MOB_AM_ROGUE	26971	1261.57996	0	259.230011	200	150	10	7	9	4	1	1	100	0	0	1	1	100	0	0	0
MOB_AM_ROGUE	26971	1611.05005	102.940002	1311.43005	200	150	10	7	9	4	1	1	100	0	0	1	1	100	0	0	0
MOB_AM_ROGUE	26972	386.470001	0	850.840027	200	150	10	7	9	4	1	1	100	0	0	1	1	100	0	0	0
MOB_AM_ROGUE	26972	536.919983	6.55000019	1792.19995	200	150	10	7	9	4	1	1	100	0	0	1	1	100	0	0	0
MOB_AM_ROGUE	26972	1176.22998	8.32999992	1146.27002	200	150	10	7	9	2	1	1	100	0	0	1	1	100	0	0	0
MOB_AM_ROGUE	26972	1581.45996	0	1851.57996	200	150	10	7	9	4	1	1	100	0	0	1	1	100	0	0	0
MOB_AM_ROGUE	26973	694.580017	0	1822.15002	200	150	10	7	9	4	1	1	100	0	0	1	1	100	0	0	0
MOB_AM_ROGUE	27228	981.02002	0	655.650024	200	150	10	7	9	4	1	1	100	0	0	1	1	100	0	0	0
MOB_AM_ROGUE	27229	94.1399994	0	720.400024	200	150	10	7	9	4	1	1	100	0	0	1	1	100	0	0	0
MOB_AM_ROGUE	27229	1398.30005	2.83999991	725.77002	200	150	10	7	9	4	1	1	100	0	0	1	1	100	0	0	0
MOB_AM_ROGUE	27230	443.459991	0	958.809998	200	150	10	7	9	4	1	1	100	0	0	1	1	100	0	0	0
MOB_AM_ROGUE	27231	1284.08997	45.9199982	973.440002	200	150	10	7	9	4	1	1	100	0	0	1	1	100	0	0	0
MOB_AM_ROGUE_CLON	25180	833.070007	-10.8100004	1504.88	300	250	10	3	4	4	1	1	100	0	0	1	1	100	0	0	0
MOB_AM_ROGUE_CLON	25180	1719.45996	-1.22000003	1347.62	300	250	10	3	4	4	1	1	100	0	0	1	1	100	0	0	0
MOB_AM_ROGUE_CLON	25181	884.809998	0.180000007	1138.12	300	250	10	3	4	6	1	1	100	0	0	1	1	100	0	0	0
MOB_AM_ROGUE_CLON	25181	1463.40002	-4.53000021	265.859985	300	250	10	3	4	4	1	1	100	0	0	1	1	100	0	0	0
MOB_AM_ROGUE_CLON	25433	1549.47998	-24.7600002	1453.56006	300	250	10	3	4	8	1	1	100	0	0	1	1	100	0	0	0
MOB_AM_ROGUE_CLON	25434	290.190002	5.01000023	1000.75	300	250	10	3	4	4	1	1	100	0	0	1	1	100	0	0	0
MOB_AM_ROGUE_CLON	25434	347.470001	123.309998	1733.28003	200	150	10	15	20	8	1	1	100	0	0	1	1	100	0	0	0
MOB_AM_ROGUE_CLON	25434	818.01001	134.5	1364.33997	300	250	10	3	4	8	1	1	100	0	0	1	1	100	0	0	0
MOB_AM_ROGUE_CLON	25434	1184.63	-3.48000002	781.890015	300	250	10	7	10	8	1	1	100	0	0	1	1	100	0	0	0
MOB_AM_ROGUE_CLON	25434	1220.31995	143.830002	1668.77002	200	150	10	3	4	8	1	1	100	0	0	1	1	100	0	0	0
MOB_AM_ROGUE_CLON	25435	327.589996	0.25	701.690002	300	250	10	3	4	8	1	1	100	0	0	1	1	100	0	0	0
MOB_AM_ROGUE_CLON	25435	370.630005	-0.150000006	1598.39001	500	450	10	4	6	8	1	1	100	0	0	1	1	100	0	0	0
MOB_AM_ROGUE_CLON	25435	748.119995	3.93000007	1392.66003	300	250	10	3	4	4	1	1	100	0	0	1	1	100	0	0	0
MOB_AM_ROGUE_CLON	25435	920.369995	-4.61000013	1881.92004	500	450	10	4	6	8	1	1	100	0	0	1	1	100	0	0	0
MOB_AM_ROGUE_CLON	25435	1423.29004	0.239999995	1428.04004	300	250	10	3	4	4	1	1	100	0	0	1	1	100	0	0	0
MOB_AM_ROGUE_CLON	25436	159.789993	-1.10000002	888.659973	300	250	10	3	4	4	1	1	100	0	0	1	1	100	0	0	0
MOB_AM_ROGUE_CLON	25689	949.820007	-8.10000038	832.159973	300	250	10	3	4	6	1	1	100	0	0	1	1	100	0	0	0
MOB_AM_ROGUE_CLON	25689	1142.81006	-19.7600002	208.570007	300	250	10	3	4	6	1	1	100	0	0	1	1	100	0	0	0
MOB_AM_ROGUE_CLON	25689	1753.75	123.720001	15.6599998	500	450	10	4	6	8	1	1	100	0	0	1	1	100	0	0	0
MOB_AM_ROGUE_CLON	25689	1865.09998	113.860001	715.570007	200	150	10	3	4	8	1	1	100	0	0	1	1	100	0	0	0
MOB_AM_ROGUE_CLON	25690	345.380005	131.619995	1021.12	500	450	10	4	6	8	1	1	100	0	0	1	1	100	0	0	0
MOB_AM_ROGUE_CLON	25690	638.280029	0.0500000007	1721.82996	300	250	10	3	4	6	1	1	100	0	0	1	1	100	0	0	0
MOB_AM_ROGUE_CLON	25690	759.669983	125.830002	734.409973	200	150	10	3	4	8	1	1	100	0	0	1	1	100	0	0	0
MOB_AM_ROGUE_CLON	25690	1257.08997	145.600006	933.070007	500	450	10	4	6	8	1	1	100	0	0	1	1	100	0	0	0
MOB_AM_ROGUE_CLON	25690	1462.58997	0.0799999982	1484.27002	300	250	10	3	4	6	1	1	100	0	0	1	1	100	0	0	0
MOB_AM_ROGUE_CLON	25690	1560.31006	147.509995	493.140015	200	150	10	15	30	8	1	1	100	0	0	1	1	100	0	0	0
MOB_AM_ROGUE_CLON	25690	1898.26001	-11.1899996	1915.71997	500	450	10	4	6	8	1	1	100	0	0	1	1	100	0	0	0
MOB_AM_ROGUE_CLON	25691	305.190002	4.51999998	925.47998	300	250	10	3	4	8	1	1	100	0	0	1	1	100	0	0	0
MOB_AM_ROGUE_CLON	25691	326.450012	0.970000029	134.889999	300	250	10	3	4	8	1	1	100	0	0	1	1	100	0	0	0
MOB_AM_ROGUE_CLON	25691	356.880005	2.18000007	542.849976	500	450	10	4	6	8	1	1	100	0	0	1	1	100	0	0	0
MOB_AM_ROGUE_CLON	25691	466.570007	1.22000003	1754.97998	300	250	10	3	4	8	1	1	100	0	0	1	1	100	0	0	0
MOB_AM_ROGUE_CLON	25691	715.289978	2.50999999	1249.94995	500	450	10	4	6	8	1	1	100	0	0	1	1	100	0	0	0
MOB_AM_ROGUE_CLON	25691	1143.43994	9.85000038	651.080017	500	450	10	4	6	8	1	1	100	0	0	1	1	100	0	0	0
MOB_AM_ROGUE_CLON	25691	1261.06995	14.1800003	1186.83997	300	250	10	3	4	8	1	1	100	0	0	1	1	100	0	0	0
MOB_AM_ROGUE_CLON	25691	1406.85999	0.0599999987	191.350006	300	250	10	3	4	8	1	1	100	0	0	1	1	100	0	0	0
MOB_AM_ROGUE_CLON	25947	748.469971	5.96999979	519.48999	500	450	10	4	6	8	1	1	100	0	0	1	1	100	0	0	0
MOB_AM_ROGUE_CLON	25947	1107.16003	1.41999996	253.380005	300	250	10	3	4	8	1	1	100	0	0	1	1	100	0	0	0
MOB_AM_ROGUE_CLON	25947	1343.67004	8.19999981	1236.39001	500	450	10	4	6	10	1	1	100	0	0	1	1	100	0	0	0
MOB_AM_ROGUE_CLON	26200	1664.09998	-28.0100002	896.219971	200	150	10	3	4	4	1	1	100	0	0	1	1	100	0	0	0
MOB_AM_ROGUE_CLON	26200	1784.29004	-19.3400002	1418.48999	200	150	10	3	4	4	1	1	100	0	0	1	1	100	0	0	0
MOB_AM_ROGUE_CLON	26203	1007.53998	29.5900002	548.880005	500	450	10	4	6	10	1	1	100	0	0	1	1	100	0	0	0
MOB_AM_ROGUE_CLON	26203	1368.37	16.1599998	1770.34998	500	450	10	4	6	10	1	1	100	0	0	1	1	100	0	0	0
MOB_AM_ROGUE_CLON	26203	1885.5	3.20000005	753.179993	500	450	10	4	6	10	1	1	100	0	0	1	1	100	0	0	0
MOB_AM_ROGUE_CLON	26204	88.6100006	8.71000004	1317.34998	500	450	10	4	6	10	1	1	100	0	0	1	1	100	0	0	0
MOB_AM_ROGUE_CLON	26459	1791.40002	12.6400003	906.640015	500	450	10	4	6	8	1	1	100	0	0	1	1	100	0	0	0
MOB_AM_ROGUE_CLON	26712	1804.17004	-22.5	571.179993	400	350	10	3	4	6	1	1	100	0	0	1	1	100	0	0	0
MOB_AM_ROGUE_CLON	26712	1913.68005	-8.39000034	1123.23999	400	350	10	3	4	4	1	1	100	0	0	1	1	100	0	0	0
MOB_AM_ROGUE_CLON	26713	273.799988	-22.4899998	12.0699997	400	350	10	3	4	8	1	1	100	0	0	1	1	100	0	0	0
MOB_AM_ROGUE_CLON	26713	314.75	-22.6700001	1629.68005	400	350	10	3	4	6	1	1	100	0	0	1	1	100	0	0	0
MOB_AM_ROGUE_CLON	26713	1897.71997	-13.8900003	1420.19995	400	350	10	3	4	8	1	1	100	0	0	1	1	100	0	0	0
MOB_AM_ROGUE_CLON	26714	76.0899963	-1.23000002	89.4800034	400	350	10	3	4	8	1	1	100	0	0	1	1	100	0	0	0
MOB_AM_ROGUE_CLON	26714	606.140015	-0.25	383.820007	400	350	10	3	4	8	1	1	100	0	0	1	1	100	0	0	0
MOB_AM_ROGUE_CLON	26714	844.669983	0.819999993	1711.25	400	350	10	3	4	8	1	1	100	0	0	1	1	100	0	0	0
MOB_AM_ROGUE_CLON	26714	1209.15002	-3.91000009	1322.63	400	350	10	3	4	8	1	1	100	0	0	1	1	100	0	0	0
MOB_AM_ROGUE_CLON	26714	1489.63	2.96000004	754.289978	400	350	10	3	4	8	1	1	100	0	0	1	1	100	0	0	0
MOB_AM_ROGUE_CLON	26715	225.710007	4.1500001	1111.14001	400	350	10	3	4	8	1	1	100	0	0	1	1	100	0	0	0
MOB_AM_ROGUE_CLON	26715	564.01001	0	1358.04004	400	350	10	3	4	8	1	1	100	0	0	1	1	100	0	0	0
MOB_AM_ROGUE_CLON	26715	996.679993	0	1755.39001	400	350	10	3	4	8	1	1	100	0	0	1	1	100	0	0	0
MOB_AM_ROGUE_CLON	26715	1212.31006	40.2200012	1274.60999	400	350	10	3	4	8	1	1	100	0	0	1	1	100	0	0	0
MOB_AM_ROGUE_CLON	26970	409.850006	-16.4500008	1412.05005	400	350	10	3	4	8	1	1	100	0	0	1	1	100	0	0	0
MOB_AM_ROGUE_CLON	26970	1110.04004	2.38000011	847.349976	400	350	10	3	4	8	1	1	100	0	0	1	1	100	0	0	0
MOB_AM_ROGUE_CLON	26970	1247.63	-2.36999989	250.699997	400	350	10	3	4	8	1	1	100	0	0	1	1	100	0	0	0
MOB_AM_ROGUE_CLON	26970	1603.58997	-7.69000006	1296.48999	400	350	10	3	4	8	1	1	100	0	0	1	1	100	0	0	0
MOB_AM_ROGUE_CLON	26970	1780.55005	0	341.649994	400	350	10	3	4	8	1	1	100	0	0	1	1	100	0	0	0
MOB_AM_ROGUE_CLON	26971	811.919983	3.38000011	1156.42004	400	350	10	3	4	8	1	1	100	0	0	1	1	100	0	0	0
MOB_AM_ROGUE_CLON	26971	1232.15002	0	271	400	350	10	3	4	6	1	1	100	0	0	1	1	100	0	0	0
MOB_AM_ROGUE_CLON	26971	1346.93005	0.25	803.72998	400	350	10	3	4	8	1	1	100	0	0	1	1	100	0	0	0
MOB_AM_ROGUE_CLON	26971	1642.52002	105.949997	1333.41003	400	350	10	3	4	6	1	1	100	0	0	1	1	100	0	0	0
MOB_AM_ROGUE_CLON	26972	415.929993	2.6400001	847.75	400	350	10	3	4	8	1	1	100	0	0	1	1	100	0	0	0
MOB_AM_ROGUE_CLON	26972	560.289978	6.21999979	1805.90002	400	350	10	3	4	8	1	1	100	0	0	1	1	100	0	0	0
MOB_AM_ROGUE_CLON	26972	1142.91003	0	1863.35999	400	350	10	3	4	8	1	1	100	0	0	1	1	100	0	0	0
MOB_AM_ROGUE_CLON	26972	1157.62	0.00999999978	1177.56006	400	350	10	3	4	8	1	1	100	0	0	1	1	100	0	0	0
MOB_AM_ROGUE_CLON	26972	1607.94995	0	1857.46997	400	350	10	3	4	8	1	1	100	0	0	1	1	100	0	0	0
MOB_AM_ROGUE_CLON	26973	718.130005	0	1845.69995	400	350	10	3	4	8	1	1	100	0	0	1	1	100	0	0	0
MOB_AM_ROGUE_CLON	27227	1060.20996	46.9300003	95.6900024	400	350	10	3	4	8	1	1	100	0	0	1	1	100	0	0	0
MOB_AM_ROGUE_CLON	27228	459.98999	-0.5	570.359985	400	350	10	3	4	8	1	1	100	0	0	1	1	100	0	0	0
MOB_AM_ROGUE_CLON	27228	836.929993	1.24000001	1220.55005	400	350	10	3	4	8	1	1	100	0	0	1	1	100	0	0	0
MOB_AM_ROGUE_CLON	27228	975.140015	0	673.309998	400	350	10	3	4	8	1	1	100	0	0	1	1	100	0	0	0
MOB_AM_ROGUE_CLON	27229	91.1900024	0	735.119995	400	350	10	3	4	8	1	1	100	0	0	1	1	100	0	0	0
MOB_AM_ROGUE_CLON	27229	185.380005	0	190.600006	400	350	10	3	4	8	1	1	100	0	0	1	1	100	0	0	0
MOB_AM_ROGUE_CLON	27229	947.710022	0	378.970001	400	350	10	3	4	8	1	1	100	0	0	1	1	100	0	0	0
MOB_AM_ROGUE_CLON	27229	1421.48999	1.88999999	729.090027	400	350	10	3	4	8	1	1	100	0	0	1	1	100	0	0	0
MOB_AM_ROGUE_CLON	27229	1889.5	-1.30999994	1212.03003	400	350	10	3	4	8	1	1	100	0	0	1	1	100	0	0	0
MOB_AM_ROGUE_CLON	27230	443.459991	0	935.26001	400	350	10	3	4	8	1	1	100	0	0	1	1	100	0	0	0
MOB_AM_ROGUE_CLON	27230	807.909973	2.1500001	1269.21997	400	350	10	3	4	8	1	1	100	0	0	1	1	100	0	0	0
MOB_AM_ROGUE_CLON	27230	955.599976	0	1126.57996	400	350	10	3	4	8	1	1	100	0	0	1	1	100	0	0	0
MOB_AM_ROGUE_CLON	27231	1328.14001	51.7000008	986.530029	400	350	10	3	4	8	1	1	100	0	0	1	1	100	0	0	0
MOB_AM_SOLDIER	24677	1301.69995	206.389999	1215.62	200	150	10	3	4	4	1	1	100	0	0	1	1	100	0	0	0
MOB_AM_SOLDIER	24678	795.880005	321.769989	780.130005	200	150	10	3	4	4	1	1	100	0	0	1	1	100	0	0	0
MOB_AM_SOLDIER	24678	1171.72998	435.26001	977.960022	200	150	10	3	4	4	1	1	100	0	0	1	1	100	0	0	0
MOB_AM_SOLDIER	24678	1432.93005	390.200012	668.200012	200	150	10	3	4	4	1	1	100	0	0	1	1	100	0	0	0
MOB_AM_SOLDIER	24678	1772.40002	536.640015	695.409973	500	450	10	3	4	4	1	1	100	0	0	1	1	100	0	0	0
MOB_AM_SOLDIER	24930	485.470001	180	1466.68005	450	300	10	3	4	8	1	1	100	0	0	1	1	100	0	0	0
MOB_AM_SOLDIER	24930	1299.78003	180	820.289978	450	300	10	3	4	8	1	1	100	0	0	1	1	100	0	0	0
MOB_AM_SOLDIER	24931	297.980011	321.190002	1042.92004	450	300	10	3	4	8	1	1	100	0	0	1	1	100	0	0	0
MOB_AM_SOLDIER	24931	1109.31995	309.73999	532.650024	450	300	10	3	4	8	1	1	100	0	0	1	1	100	0	0	0
MOB_AM_SOLDIER	24931	1242.90002	180	1830.42004	200	150	10	3	4	4	1	1	100	0	0	1	1	100	0	0	0
MOB_AM_SOLDIER	24931	1678.59998	302.470001	62.4300003	450	300	10	3	4	8	1	1	100	0	0	1	1	100	0	0	0
MOB_AM_SOLDIER	24932	273.079987	306.339996	1439.65002	200	150	10	3	4	4	1	1	100	0	0	1	1	100	0	0	0
MOB_AM_SOLDIER	24932	469.179993	180	702.539978	250	150	10	3	4	4	1	1	100	0	0	1	1	100	0	0	0
MOB_AM_SOLDIER	24932	971.049988	197.339996	923.109985	500	450	10	3	3	8	1	1	100	0	0	1	1	100	0	0	0
MOB_AM_SOLDIER	24932	1089.93994	180	1473.58997	200	150	10	3	4	6	1	1	100	0	0	1	1	100	0	0	0
MOB_AM_SOLDIER	24932	1300.67004	180	481.290009	250	150	10	3	4	6	1	1	100	0	0	1	1	100	0	0	0
MOB_AM_SOLDIER	24932	1516.18994	171.350006	1666.58997	500	450	10	3	3	8	1	1	100	0	0	1	1	100	0	0	0
MOB_AM_SOLDIER	24932	1889.42004	180	436.75	500	450	10	3	3	8	1	1	100	0	0	1	1	100	0	0	0
MOB_AM_SOLDIER	24933	6.86000013	179.940002	1072.04004	250	150	10	3	4	4	1	1	100	0	0	1	1	100	0	0	0
MOB_AM_SOLDIER	24933	423.329987	180	68.1500015	200	150	10	3	4	4	1	1	100	0	0	1	1	100	0	0	0
MOB_AM_SOLDIER	24933	1453.18005	203.619995	1378.44995	200	150	10	3	4	4	1	1	100	0	0	1	1	100	0	0	0
MOB_AM_SOLDIER	24934	172.509995	186.270004	1908.22998	200	150	10	3	4	4	1	1	100	0	0	1	1	100	0	0	0
MOB_AM_SOLDIER	24934	575.320007	378.350006	968.570007	200	150	10	3	4	4	1	1	100	0	0	1	1	100	0	0	0
MOB_AM_SOLDIER	25186	784.47998	180	115.559998	450	300	10	3	4	8	1	1	100	0	0	1	1	100	0	0	0
MOB_AM_SOLDIER	25186	861.98999	180	1381.79004	450	300	10	3	4	8	1	1	100	0	0	1	1	100	0	0	0
MOB_AM_SOLDIER	25186	1388.83997	180	1238.06006	200	150	10	3	4	4	1	1	100	0	0	1	1	100	0	0	0
MOB_AM_SOLDIER	25186	1656.96997	241.470001	1672.47998	500	450	10	3	3	6	1	1	100	0	0	1	1	100	0	0	0
MOB_AM_SOLDIER	25186	1817.05005	180	1178.31995	500	450	10	3	3	4	1	1	100	0	0	1	1	100	0	0	0
MOB_AM_SOLDIER	25187	191.580002	180	1532.78003	200	150	10	3	4	6	1	1	100	0	0	1	1	100	0	0	0
MOB_AM_SOLDIER	25187	217.460007	180	793.690002	200	150	10	3	4	4	1	1	100	0	0	1	1	100	0	0	0
MOB_AM_SOLDIER	25187	814.419983	180	1111.60999	500	450	10	3	3	4	1	1	100	0	0	1	1	100	0	0	0
MOB_AM_SOLDIER	25187	873.580017	180	1762.68994	200	150	10	3	4	4	1	1	100	0	0	1	1	100	0	0	0
MOB_AM_SOLDIER	25187	889.289978	180	606.73999	200	150	10	3	4	4	1	1	100	0	0	1	1	100	0	0	0
MOB_AM_SOLDIER	25187	1268.19995	180	1197.68994	200	150	10	3	4	4	1	1	100	0	0	1	1	100	0	0	0
MOB_AM_SOLDIER	25187	1512.85999	180	668.400024	200	150	10	3	4	4	1	1	100	0	0	1	1	100	0	0	0
MOB_AM_SOLDIER	25187	1637.04004	180.029999	1696.21997	200	150	10	3	4	4	1	1	100	0	0	1	1	100	0	0	0
MOB_AM_SOLDIER	25188	4.48999977	180	1315.53003	200	150	10	3	4	4	1	1	100	0	0	1	1	100	0	0	0
MOB_AM_SOLDIER	25188	171.619995	296.089996	150.25	200	150	10	3	4	4	1	1	100	0	0	1	1	100	0	0	0
MOB_AM_SOLDIER	25188	769.690002	180	1432.71997	250	150	10	3	4	6	1	1	100	0	0	1	1	100	0	0	0
MOB_AM_SOLDIER	25188	952.51001	161.669998	563.51001	200	150	10	3	4	4	1	1	100	0	0	1	1	100	0	0	0
MOB_AM_SOLDIER	25188	1356.60999	130.389999	657.400024	500	450	10	3	3	8	1	1	100	0	0	1	1	100	0	0	0
MOB_AM_SOLDIER	25188	1619.19995	106.07	1100.13	200	150	10	3	4	4	1	1	100	0	0	1	1	100	0	0	0
MOB_AM_SOLDIER	25188	1649.29004	143.710007	220.25	200	150	10	3	4	4	1	1	100	0	0	1	1	100	0	0	0
MOB_AM_SOLDIER	25189	103.690002	148.729996	696.210022	500	450	10	3	3	8	1	1	100	0	0	1	1	100	0	0	0
MOB_AM_SOLDIER	25189	643.299988	183.259995	1054.92004	200	150	10	3	4	4	1	1	100	0	0	1	1	100	0	0	0
MOB_AM_SOLDIER	25189	661.049988	180	166.410004	200	150	10	3	4	4	1	1	100	0	0	1	1	100	0	0	0
MOB_AM_SOLDIER	25189	1367.93994	180	598.400024	200	150	10	3	4	4	1	1	100	0	0	1	1	100	0	0	0
MOB_AM_SOLDIER	25189	1368.84998	180	1401.78003	200	150	10	3	4	4	1	1	100	0	0	1	1	100	0	0	0
MOB_AM_SOLDIER	25190	178.100006	180.690002	713.580017	200	150	10	3	4	4	1	1	100	0	0	1	1	100	0	0	0
MOB_AM_SOLDIER	25190	269.76001	180	1745.62	200	150	10	3	4	4	1	1	100	0	0	1	1	100	0	0	0
MOB_AM_SOLDIER	25190	950.5	186.490005	19.7399998	200	150	10	3	4	4	1	1	100	0	0	1	1	100	0	0	0
MOB_AM_SOLDIER	25442	240.479996	180	571.77002	450	300	10	3	4	6	1	1	100	0	0	1	1	100	0	0	0
MOB_AM_SOLDIER	25442	445.380005	180	1289.77002	500	450	10	3	3	4	1	1	100	0	0	1	1	100	0	0	0
MOB_AM_SOLDIER	25442	1114.55005	180	1616.73999	500	450	10	3	3	6	1	1	100	0	0	1	1	100	0	0	0
MOB_AM_SOLDIER	25442	1514.25	182.169998	157.619995	200	150	10	3	4	4	1	1	100	0	0	1	1	100	0	0	0
MOB_AM_SOLDIER	25442	1777.97998	193.070007	1168.98999	200	150	10	3	4	4	1	1	100	0	0	1	1	100	0	0	0
MOB_AM_SOLDIER	25442	1855.63	259.200012	652.179993	500	450	10	3	3	6	1	1	100	0	0	1	1	100	0	0	0
MOB_AM_SOLDIER	25443	367.350006	196.740005	504.01001	200	150	10	3	4	4	1	1	100	0	0	1	1	100	0	0	0
MOB_AM_SOLDIER	25443	714.909973	179.690002	1436.13	500	450	10	3	3	4	1	1	100	0	0	1	1	100	0	0	0
MOB_AM_SOLDIER	25443	1300	180	592.299988	200	150	10	3	4	4	1	1	100	0	0	1	1	100	0	0	0
MOB_AM_SOLDIER	25444	146.080002	266.970001	1194.35999	250	150	10	3	4	4	1	1	100	0	0	1	1	100	0	0	0
MOB_AM_SOLDIER	25444	151.119995	263.549988	680.219971	500	450	10	3	3	6	1	1	100	0	0	1	1	100	0	0	0
MOB_AM_SOLDIER	25444	725.289978	180	554.299988	250	150	10	3	4	4	1	1	100	0	0	1	1	100	0	0	0
MOB_AM_SOLDIER	25444	1101.93994	163.740005	1342.18994	250	150	10	3	4	4	1	1	100	0	0	1	1	100	0	0	0
MOB_AM_SOLDIER	25444	1591.98999	176.029999	193.429993	250	150	10	3	4	4	1	1	100	0	0	1	1	100	0	0	0
MOB_AM_SOLDIER	25445	75.4100037	218.860001	730.309998	500	450	10	3	3	6	1	1	100	0	0	1	1	100	0	0	0
MOB_AM_SOLDIER	25445	95.0400009	249.820007	1774.92004	500	450	10	3	3	6	1	1	100	0	0	1	1	100	0	0	0
MOB_AM_SOLDIER	25445	619.669983	180	44.2999992	200	150	10	3	4	4	1	1	100	0	0	1	1	100	0	0	0
MOB_AM_SOLDIER	25445	781.780029	180	912.710022	200	150	10	3	4	4	1	1	100	0	0	1	1	100	0	0	0
MOB_AM_SOLDIER	25445	867.72998	180	1699.72998	200	150	10	3	4	4	1	1	100	0	0	1	1	100	0	0	0
MOB_AM_SOLDIER	25445	1436.72998	180	289.540009	200	150	10	3	4	4	1	1	100	0	0	1	1	100	0	0	0
MOB_AM_SOLDIER	25445	1590.81006	224.160004	1208.75	200	150	10	3	4	4	1	1	100	0	0	1	1	100	0	0	0
MOB_AM_SOLDIER	25446	323.029999	182.660004	580.23999	200	150	10	3	4	4	1	1	100	0	0	1	1	100	0	0	0
MOB_AM_SOLDIER	25446	573.299988	180	1620.96997	200	150	10	3	4	4	1	1	100	0	0	1	1	100	0	0	0
MOB_AM_SOLDIER	25699	1041.30005	179.949997	219.740005	500	450	10	3	3	4	1	1	100	0	0	1	1	100	0	0	0
MOB_AM_SOLDIER	25700	79.1100006	180	1530.06995	500	450	10	3	3	6	1	1	100	0	0	1	1	100	0	0	0
MOB_AM_SOLDIER	25700	243.25	203.929993	269.209991	250	150	10	3	4	4	1	1	100	0	0	1	1	100	0	0	0
MOB_AM_SOLDIER	25700	882.73999	213.110001	784.23999	250	150	10	3	4	4	1	1	100	0	0	1	1	100	0	0	0
MOB_AM_SOLDIER	25700	1017.09998	180	1611.07996	500	450	10	3	3	6	1	1	100	0	0	1	1	100	0	0	0
MOB_AM_SOLDIER	25700	1519	225.110001	198.539993	250	150	10	3	4	4	1	1	100	0	0	1	1	100	0	0	0
MOB_AM_SOLDIER	25701	589.929993	190.729996	626.099976	200	150	10	3	4	4	1	1	100	0	0	1	1	100	0	0	0
MOB_AM_SOLDIER	25701	749.080017	184.529999	1582.55005	200	150	10	3	4	4	1	1	100	0	0	1	1	100	0	0	0
MOB_AM_SOLDIER	25701	1440.85999	180	1072.68994	200	150	10	3	4	4	1	1	100	0	0	1	1	100	0	0	0
MOB_AM_SOLDIER	25701	1685.33997	180	200.100006	200	150	10	3	4	4	1	1	100	0	0	1	1	100	0	0	0
MOB_AM_SOLDIER	25702	217.199997	227.009995	1209.13	200	150	10	3	4	4	1	1	100	0	0	1	1	100	0	0	0
MOB_AM_SOLDIER	25702	694.22998	180.210007	507.570007	200	150	10	3	4	4	1	1	100	0	0	1	1	100	0	0	0
MOB_AM_SOLDIER	25702	1210.58997	180	1194.65002	200	150	10	3	4	4	1	1	100	0	0	1	1	100	0	0	0
MOB_AM_SOLDIER	25702	1210.70996	180	1230.42004	200	150	10	3	4	4	1	1	100	0	0	1	1	100	0	0	0
MOB_AM_SOLDIER	25702	1454.07996	190.300003	401.350006	200	150	10	3	4	4	1	1	100	0	0	1	1	100	0	0	0
MOB_AM_SOLDIER	25702	1825.63	180	1799.48999	200	150	10	3	4	4	1	1	100	0	0	1	1	100	0	0	0
MOB_AM_SOLDIER	25703	179.649994	181.710007	930.090027	200	150	10	3	4	4	1	1	100	0	0	1	1	100	0	0	0
MOB_AM_SOLDIER	25703	805.390015	180	1435.80005	200	150	10	3	4	4	1	1	100	0	0	1	1	100	0	0	0
MOB_AM_SOLDIER	25703	827.26001	180	1417.77002	200	150	10	3	4	4	1	1	100	0	0	1	1	100	0	0	0
MOB_AM_SOLDIER	25703	1265.76001	180	750.460022	200	150	10	3	4	4	1	1	100	0	0	1	1	100	0	0	0
MOB_AM_SOLDIER	25703	1618.05005	211.600006	1495.28003	200	150	10	3	4	4	1	1	100	0	0	1	1	100	0	0	0
MOB_AM_SOLDIER	25956	1706.60999	224.229996	213.990005	500	450	10	3	3	6	1	1	100	0	0	1	1	100	0	0	0
MOB_AM_SOLDIER	25957	545.679993	214.809998	527	200	150	10	3	4	4	1	1	100	0	0	1	1	100	0	0	0
MOB_AM_SOLDIER	25957	1603.23999	197.570007	67.4300003	200	150	10	3	4	4	1	1	100	0	0	1	1	100	0	0	0
MOB_AM_SOLDIER	25958	660.950012	180	125.269997	200	150	10	3	4	4	1	1	100	0	0	1	1	100	0	0	0
MOB_AM_SOLDIER	25958	1344.06006	180.410004	643.390015	200	150	10	3	4	4	1	1	100	0	0	1	1	100	0	0	0
MOB_AM_SOLDIER	25959	142.289993	226.110001	1265.64001	200	150	10	3	4	4	1	1	100	0	0	1	1	100	0	0	0
MOB_AM_SOLDIER	25959	624.130005	180	338.149994	200	150	10	3	4	4	1	1	100	0	0	1	1	100	0	0	0
MOB_AM_SOLDIER	25959	1518.40002	216.399994	550.97998	200	150	10	3	4	4	1	1	100	0	0	1	1	100	0	0	0
MOB_AM_SOLDIER_CLON	24675	1051.56995	298.630005	1827.78003	450	300	10	3	4	8	1	1	100	0	0	1	1	100	0	0	0
MOB_AM_SOLDIER_CLON	24676	1741.75	213.339996	1537.18994	500	450	10	3	3	8	1	1	100	0	0	1	1	100	0	0	0
MOB_AM_SOLDIER_CLON	24677	759.299988	192.600006	1393.97998	450	300	10	7	9	6	1	1	100	0	0	1	1	100	0	0	0
MOB_AM_SOLDIER_CLON	24677	1060.79004	251.259995	1860.56006	450	300	10	7	9	6	1	1	100	0	0	1	1	100	0	0	0
MOB_AM_SOLDIER_CLON	24677	1321.57996	204.779999	1239.31995	350	250	10	6	7	6	1	1	100	0	0	1	1	100	0	0	0
MOB_AM_SOLDIER_CLON	24677	1852.83997	215.720001	948.179993	350	250	10	6	7	6	1	1	100	0	0	1	1	100	0	0	0
MOB_AM_SOLDIER_CLON	24677	1858.51001	312.859985	1509.20996	450	300	10	7	9	6	1	1	100	0	0	1	1	100	0	0	0
MOB_AM_SOLDIER_CLON	24678	524.070007	396.769989	1119.16003	450	300	10	7	9	6	1	1	100	0	0	1	1	100	0	0	0
MOB_AM_SOLDIER_CLON	24930	514.890015	181.570007	654.340027	450	300	10	3	4	8	1	1	100	0	0	1	1	100	0	0	0
MOB_AM_SOLDIER_CLON	24930	1123.89001	180	1423.32996	450	300	10	3	4	8	1	1	100	0	0	1	1	100	0	0	0
MOB_AM_SOLDIER_CLON	24931	146.779999	327.369995	1617.72998	450	300	10	3	4	8	1	1	100	0	0	1	1	100	0	0	0
MOB_AM_SOLDIER_CLON	24931	426.559998	310.269989	276.619995	450	300	10	3	4	8	1	1	100	0	0	1	1	100	0	0	0
MOB_AM_SOLDIER_CLON	24931	900.23999	351.160004	1099.89001	450	300	10	3	4	8	1	1	100	0	0	1	1	100	0	0	0
MOB_AM_SOLDIER_CLON	24931	1224.88	180	1832.42004	250	150	10	3	4	4	1	1	100	0	0	1	1	100	0	0	0
MOB_AM_SOLDIER_CLON	24931	1577.31995	352.130005	943.849976	450	300	10	3	4	8	1	1	100	0	0	1	1	100	0	0	0
MOB_AM_SOLDIER_CLON	24932	288.940002	305.779999	1415.95996	250	150	10	3	4	4	1	1	100	0	0	1	1	100	0	0	0
MOB_AM_SOLDIER_CLON	24932	449.910004	180	713.549988	250	150	10	3	4	4	1	1	100	0	0	1	1	100	0	0	0
MOB_AM_SOLDIER_CLON	24932	832.130005	180	204.229996	500	450	10	3	3	8	1	1	100	0	0	1	1	100	0	0	0
MOB_AM_SOLDIER_CLON	24932	1065.16003	180	1492.87	250	150	10	3	4	8	1	1	100	0	0	1	1	100	0	0	0
MOB_AM_SOLDIER_CLON	24932	1325.44995	180	467.529999	250	150	10	3	4	8	1	1	100	0	0	1	1	100	0	0	0
MOB_AM_SOLDIER_CLON	24933	23.3899994	179.869995	1094.07996	250	150	10	3	4	4	1	1	100	0	0	1	1	100	0	0	0
MOB_AM_SOLDIER_CLON	24933	208.110001	161.419998	1745.32996	500	450	10	3	3	8	1	1	100	0	0	1	1	100	0	0	0
MOB_AM_SOLDIER_CLON	24933	430.329987	181.350006	26.9400005	350	250	10	6	7	6	1	1	100	0	0	1	1	100	0	0	0
MOB_AM_SOLDIER_CLON	24933	939.849976	181.550003	1495.84998	450	300	10	7	9	6	1	1	100	0	0	1	1	100	0	0	0
MOB_AM_SOLDIER_CLON	24933	1462.27002	203.220001	1409.28003	350	250	10	6	7	6	1	1	100	0	0	1	1	100	0	0	0
MOB_AM_SOLDIER_CLON	24933	1509.68005	270.890015	741.77002	350	250	10	6	7	6	1	1	100	0	0	1	1	100	0	0	0
MOB_AM_SOLDIER_CLON	24934	80	278.440002	1129.18005	450	300	10	7	9	6	1	1	100	0	0	1	1	100	0	0	0
MOB_AM_SOLDIER_CLON	24934	136.960007	186.029999	1884.32996	350	250	10	3	4	6	1	1	100	0	0	1	1	100	0	0	0
MOB_AM_SOLDIER_CLON	24934	162.339996	186.080002	1885.89001	350	250	10	6	7	6	1	1	100	0	0	1	1	100	0	0	0
MOB_AM_SOLDIER_CLON	24934	285.380005	409.230011	418.839996	350	250	10	6	7	6	1	1	100	0	0	1	1	100	0	0	0
MOB_AM_SOLDIER_CLON	24934	552.549988	232.660004	1553.20996	450	300	10	7	9	6	1	1	100	0	0	1	1	100	0	0	0
MOB_AM_SOLDIER_CLON	24934	594.390015	383.149994	968.090027	350	250	10	6	7	6	1	1	100	0	0	1	1	100	0	0	0
MOB_AM_SOLDIER_CLON	25186	86.0899963	180	216.399994	450	300	10	3	4	8	1	1	100	0	0	1	1	100	0	0	0
MOB_AM_SOLDIER_CLON	25186	337.529999	180	1652.09998	450	300	10	3	4	8	1	1	100	0	0	1	1	100	0	0	0
MOB_AM_SOLDIER_CLON	25186	454.109985	208.649994	851.390015	450	300	10	3	4	8	1	1	100	0	0	1	1	100	0	0	0
MOB_AM_SOLDIER_CLON	25186	1251.51001	180	666.789978	450	300	10	3	4	8	1	1	100	0	0	1	1	100	0	0	0
MOB_AM_SOLDIER_CLON	25186	1391.29004	180	1265.03003	250	150	10	3	4	8	1	1	100	0	0	1	1	100	0	0	0
MOB_AM_SOLDIER_CLON	25187	218.559998	180	1515.60999	250	150	10	3	4	8	1	1	100	0	0	1	1	100	0	0	0
MOB_AM_SOLDIER_CLON	25187	230.729996	180	826.859985	250	150	10	3	4	8	1	1	100	0	0	1	1	100	0	0	0
MOB_AM_SOLDIER_CLON	25187	850.830017	180	1770.95996	250	150	10	3	4	8	1	1	100	0	0	1	1	100	0	0	0
MOB_AM_SOLDIER_CLON	25187	897.150024	180	633.98999	250	150	10	3	4	4	1	1	100	0	0	1	1	100	0	0	0
MOB_AM_SOLDIER_CLON	25187	1179.63	180	447.25	500	450	10	3	3	8	1	1	100	0	0	1	1	100	0	0	0
MOB_AM_SOLDIER_CLON	25187	1257.19995	180	1184.23999	250	150	10	3	4	8	1	1	100	0	0	1	1	100	0	0	0
MOB_AM_SOLDIER_CLON	25187	1494.84998	180	670.400024	250	150	10	3	4	4	1	1	100	0	0	1	1	100	0	0	0
MOB_AM_SOLDIER_CLON	25187	1661.85999	180.009995	1685.88	250	150	10	3	4	4	1	1	100	0	0	1	1	100	0	0	0
MOB_AM_SOLDIER_CLON	25187	1904.85999	180	1310.62	250	150	10	3	4	4	1	1	100	0	0	1	1	100	0	0	0
MOB_AM_SOLDIER_CLON	25188	157.929993	180	1691.03003	500	450	10	3	3	8	1	1	100	0	0	1	1	100	0	0	0
MOB_AM_SOLDIER_CLON	25188	184.850006	295.649994	168.860001	250	150	10	3	4	4	1	1	100	0	0	1	1	100	0	0	0
MOB_AM_SOLDIER_CLON	25188	459.820007	180	999.780029	500	450	10	3	3	8	1	1	100	0	0	1	1	100	0	0	0
MOB_AM_SOLDIER_CLON	25188	699.969971	180	96.7399979	500	450	10	3	3	8	1	1	100	0	0	1	1	100	0	0	0
MOB_AM_SOLDIER_CLON	25188	758.679993	180	1463.01001	250	150	10	3	4	8	1	1	100	0	0	1	1	100	0	0	0
MOB_AM_SOLDIER_CLON	25188	922.150024	164.080002	582.599976	250	150	10	3	4	4	1	1	100	0	0	1	1	100	0	0	0
MOB_AM_SOLDIER_CLON	25188	1310.21997	172.800003	1668.71997	500	450	10	3	3	8	1	1	100	0	0	1	1	100	0	0	0
MOB_AM_SOLDIER_CLON	25188	1605.06995	106.269997	1128.33997	250	150	10	3	4	4	1	1	100	0	0	1	1	100	0	0	0
MOB_AM_SOLDIER_CLON	25188	1638.14001	143.899994	248.089996	250	150	10	3	4	4	1	1	100	0	0	1	1	100	0	0	0
MOB_AM_SOLDIER_CLON	25189	222.589996	157.720001	1577.72998	500	450	10	3	3	8	1	1	100	0	0	1	1	100	0	0	0
MOB_AM_SOLDIER_CLON	25189	664.23999	183.449997	1081.47998	350	250	10	6	7	6	1	1	100	0	0	1	1	100	0	0	0
MOB_AM_SOLDIER_CLON	25189	686.619995	180	162.690002	350	250	10	6	7	6	1	1	100	0	0	1	1	100	0	0	0
MOB_AM_SOLDIER_CLON	25189	813.869995	180	545.47998	450	300	10	7	9	6	1	1	100	0	0	1	1	100	0	0	0
MOB_AM_SOLDIER_CLON	25189	931.23999	180	1601.41003	450	300	10	7	9	6	1	1	100	0	0	1	1	100	0	0	0
MOB_AM_SOLDIER_CLON	25189	1158.39001	180	985.159973	450	300	10	7	9	6	1	1	100	0	0	1	1	100	0	0	0
MOB_AM_SOLDIER_CLON	25189	1336.18005	180	600.97998	350	250	10	6	7	6	1	1	100	0	0	1	1	100	0	0	0
MOB_AM_SOLDIER_CLON	25189	1386.14001	180	1411.76001	350	250	10	6	7	6	1	1	100	0	0	1	1	100	0	0	0
MOB_AM_SOLDIER_CLON	25189	1581.52002	182.770004	21.4699993	450	300	10	7	9	6	1	1	100	0	0	1	1	100	0	0	0
MOB_AM_SOLDIER_CLON	25189	1697.98999	180	1803.09998	450	300	10	7	9	6	1	1	100	0	0	1	1	100	0	0	0
MOB_AM_SOLDIER_CLON	25189	1894.72998	180	1334.51001	450	300	10	7	9	6	1	1	100	0	0	1	1	100	0	0	0
MOB_AM_SOLDIER_CLON	25190	177.410004	180	689.570007	350	250	10	6	7	6	1	1	100	0	0	1	1	100	0	0	0
MOB_AM_SOLDIER_CLON	25190	290.029999	180	1770.12	350	250	10	6	7	6	1	1	100	0	0	1	1	100	0	0	0
MOB_AM_SOLDIER_CLON	25190	576.390015	180	397.670013	350	250	10	6	7	6	1	1	100	0	0	1	1	100	0	0	0
MOB_AM_SOLDIER_CLON	25190	925.5	186.320007	51.0400009	350	250	10	6	7	6	1	1	100	0	0	1	1	100	0	0	0
MOB_AM_SOLDIER_CLON	25442	442.630005	180	1311.80005	500	450	10	3	3	8	1	1	100	0	0	1	1	100	0	0	0
MOB_AM_SOLDIER_CLON	25442	860.27002	180	240.940002	450	300	10	3	4	8	1	1	100	0	0	1	1	100	0	0	0
MOB_AM_SOLDIER_CLON	25442	1223.67004	180	876.450012	500	450	10	3	3	8	1	1	100	0	0	1	1	100	0	0	0
MOB_AM_SOLDIER_CLON	25442	1501.96997	181.130005	174.929993	250	150	10	3	4	8	1	1	100	0	0	1	1	100	0	0	0
MOB_AM_SOLDIER_CLON	25442	1778	190.009995	1190.05005	250	150	10	3	4	8	1	1	100	0	0	1	1	100	0	0	0
MOB_AM_SOLDIER_CLON	25443	125.300003	184.440002	50.1500015	500	450	10	3	3	8	1	1	100	0	0	1	1	100	0	0	0
MOB_AM_SOLDIER_CLON	25443	369.619995	198.699997	527.900024	250	150	10	3	4	8	1	1	100	0	0	1	1	100	0	0	0
MOB_AM_SOLDIER_CLON	25443	724.919983	177.940002	1480.03003	500	450	10	3	3	8	1	1	100	0	0	1	1	100	0	0	0
MOB_AM_SOLDIER_CLON	25443	831.690002	181.149994	317.410004	500	450	10	3	3	8	1	1	100	0	0	1	1	100	0	0	0
MOB_AM_SOLDIER_CLON	25443	1300	180	634.830017	250	150	10	3	4	4	1	1	100	0	0	1	1	100	0	0	0
MOB_AM_SOLDIER_CLON	25443	1311	233.339996	1157.51001	500	450	10	3	3	8	1	1	100	0	0	1	1	100	0	0	0
MOB_AM_SOLDIER_CLON	25443	1644.52002	144.75	1757.19995	500	450	10	3	3	8	1	1	100	0	0	1	1	100	0	0	0
MOB_AM_SOLDIER_CLON	25444	111.18	264.160004	1197.57996	250	150	10	3	4	8	1	1	100	0	0	1	1	100	0	0	0
MOB_AM_SOLDIER_CLON	25444	436.179993	152.630005	1599.5	500	450	10	3	3	8	1	1	100	0	0	1	1	100	0	0	0
MOB_AM_SOLDIER_CLON	25444	732.869995	180	128.289993	500	450	10	3	3	8	1	1	100	0	0	1	1	100	0	0	0
MOB_AM_SOLDIER_CLON	25444	744.570007	180.039993	537.77002	250	150	10	3	4	4	1	1	100	0	0	1	1	100	0	0	0
MOB_AM_SOLDIER_CLON	25444	1063.16003	184.360001	1913.10999	500	450	10	3	3	8	1	1	100	0	0	1	1	100	0	0	0
MOB_AM_SOLDIER_CLON	25444	1068.57996	161.360001	1364.70996	250	150	10	3	4	8	1	1	100	0	0	1	1	100	0	0	0
MOB_AM_SOLDIER_CLON	25444	1302.03003	193.869995	726.809998	500	450	10	3	3	8	1	1	100	0	0	1	1	100	0	0	0
MOB_AM_SOLDIER_CLON	25444	1572.71997	177.259995	195.990005	250	150	10	3	4	4	1	1	100	0	0	1	1	100	0	0	0
MOB_AM_SOLDIER_CLON	25444	1729.72998	240.25	1312.43005	500	450	10	3	3	8	1	1	100	0	0	1	1	100	0	0	0
MOB_AM_SOLDIER_CLON	25445	647.289978	180	41.4399986	350	250	10	6	7	6	1	1	100	0	0	1	1	100	0	0	0
MOB_AM_SOLDIER_CLON	25445	792.73999	180	929.700012	350	250	10	6	7	6	1	1	100	0	0	1	1	100	0	0	0
MOB_AM_SOLDIER_CLON	25445	896.450012	180	1686.43994	350	250	10	6	7	6	1	1	100	0	0	1	1	100	0	0	0
MOB_AM_SOLDIER_CLON	25445	981.02002	180	402.670013	450	300	10	7	9	6	1	1	100	0	0	1	1	100	0	0	0
MOB_AM_SOLDIER_CLON	25445	1143.90002	208.679993	1168.56006	350	250	10	6	7	6	1	1	100	0	0	1	1	100	0	0	0
MOB_AM_SOLDIER_CLON	25445	1373.81006	180	1722.18994	450	300	10	7	9	6	1	1	100	0	0	1	1	100	0	0	0
MOB_AM_SOLDIER_CLON	25445	1427	180	313.290009	350	250	10	6	7	6	1	1	100	0	0	1	1	100	0	0	0
MOB_AM_SOLDIER_CLON	25445	1549.07996	223.729996	1209.06995	350	250	10	6	7	6	1	1	100	0	0	1	1	100	0	0	0
MOB_AM_SOLDIER_CLON	25445	1680.17004	248.080002	737.22998	450	300	10	7	9	6	1	1	100	0	0	1	1	100	0	0	0
MOB_AM_SOLDIER_CLON	25446	119.080002	180	1316.93005	450	300	10	7	9	6	1	1	100	0	0	1	1	100	0	0	0
MOB_AM_SOLDIER_CLON	25446	342.880005	181.660004	590.400024	350	250	10	6	7	6	1	1	100	0	0	1	1	100	0	0	0
MOB_AM_SOLDIER_CLON	25446	552.01001	180	1645.08997	350	250	10	6	7	6	1	1	100	0	0	1	1	100	0	0	0
MOB_AM_SOLDIER_CLON	25446	1109.47998	180	1806.53003	450	300	10	7	9	6	1	1	100	0	0	1	1	100	0	0	0
MOB_AM_SOLDIER_CLON	25698	1434.34998	180	105.07	500	450	10	3	3	8	1	1	100	0	0	1	1	100	0	0	0
MOB_AM_SOLDIER_CLON	25699	1057	179.979996	259.640015	500	450	10	3	3	8	1	1	100	0	0	1	1	100	0	0	0
MOB_AM_SOLDIER_CLON	25699	1564.66003	184.449997	750.02002	500	450	10	3	3	8	1	1	100	0	0	1	1	100	0	0	0
MOB_AM_SOLDIER_CLON	25700	254.179993	204.5	269.160004	250	150	10	3	4	8	1	1	100	0	0	1	1	100	0	0	0
MOB_AM_SOLDIER_CLON	25700	382.25	233.820007	832.02002	500	450	10	3	3	8	1	1	100	0	0	1	1	100	0	0	0
MOB_AM_SOLDIER_CLON	25700	863.48999	216.240005	797.48999	250	150	10	3	4	8	1	1	100	0	0	1	1	100	0	0	0
MOB_AM_SOLDIER_CLON	25700	1444.28003	184.630005	779.280029	500	450	10	3	3	8	1	1	100	0	0	1	1	100	0	0	0
MOB_AM_SOLDIER_CLON	25700	1489.33997	222.410004	193.199997	250	150	10	3	4	8	1	1	100	0	0	1	1	100	0	0	0
MOB_AM_SOLDIER_CLON	25700	1828.90002	223.339996	1350.52002	500	450	10	3	3	8	1	1	100	0	0	1	1	100	0	0	0
MOB_AM_SOLDIER_CLON	25701	71.5599976	261.880005	443.25	500	450	10	3	3	8	1	1	100	0	0	1	1	100	0	0	0
MOB_AM_SOLDIER_CLON	25701	614.26001	187.679993	639.090027	350	250	10	6	7	6	1	1	100	0	0	1	1	100	0	0	0
MOB_AM_SOLDIER_CLON	25701	776.710022	183.080002	1574.97998	350	250	10	6	7	6	1	1	100	0	0	1	1	100	0	0	0
MOB_AM_SOLDIER_CLON	25701	933.150024	180	1067.90002	450	300	10	7	9	6	1	1	100	0	0	1	1	100	0	0	0
MOB_AM_SOLDIER_CLON	25701	1219.59998	180	569.98999	450	300	10	7	9	6	1	1	100	0	0	1	1	100	0	0	0
MOB_AM_SOLDIER_CLON	25701	1468.41003	180	1054.30005	350	250	10	6	7	6	1	1	100	0	0	1	1	100	0	0	0
MOB_AM_SOLDIER_CLON	25701	1679.98999	180	234.559998	200	150	10	3	4	4	1	1	100	0	0	1	1	100	0	0	0
MOB_AM_SOLDIER_CLON	25701	1687.80005	180	191.020004	350	250	10	6	7	6	1	1	100	0	0	1	1	100	0	0	0
MOB_AM_SOLDIER_CLON	25701	1713.95996	186.25	1555.59998	450	300	10	7	9	6	1	1	100	0	0	1	1	100	0	0	0
MOB_AM_SOLDIER_CLON	25702	19.0300007	211.289993	690.380005	450	300	10	7	9	6	1	1	100	0	0	1	1	100	0	0	0
MOB_AM_SOLDIER_CLON	25702	194.029999	180	120.730003	450	300	10	7	9	6	1	1	100	0	0	1	1	100	0	0	0
MOB_AM_SOLDIER_CLON	25702	237.380005	228.300003	1216.65002	350	250	10	6	7	6	1	1	100	0	0	1	1	100	0	0	0
MOB_AM_SOLDIER_CLON	25702	417.059998	180	1707.18005	450	300	10	7	9	6	1	1	100	0	0	1	1	100	0	0	0
MOB_AM_SOLDIER_CLON	25702	714.849976	180.059998	524.419983	350	250	10	6	7	6	1	1	100	0	0	1	1	100	0	0	0
MOB_AM_SOLDIER_CLON	25702	715.669983	201.759995	1022.48999	450	300	10	7	9	6	1	1	100	0	0	1	1	100	0	0	0
MOB_AM_SOLDIER_CLON	25702	1116.27002	180	729.679993	450	300	10	7	9	6	1	1	100	0	0	1	1	100	0	0	0
MOB_AM_SOLDIER_CLON	25702	1184.89001	180	1219.56006	350	250	10	6	7	6	1	1	100	0	0	1	1	100	0	0	0
MOB_AM_SOLDIER_CLON	25702	1225.81006	180	1805.31006	450	300	10	7	9	6	1	1	100	0	0	1	1	100	0	0	0
MOB_AM_SOLDIER_CLON	25702	1438.90002	186.899994	419.369995	350	250	10	6	7	6	1	1	100	0	0	1	1	100	0	0	0
MOB_AM_SOLDIER_CLON	25702	1585.08997	183.300003	913.150024	450	300	10	7	9	6	1	1	100	0	0	1	1	100	0	0	0
MOB_AM_SOLDIER_CLON	25702	1843.77002	180	1819.20996	350	250	10	6	7	6	1	1	100	0	0	1	1	100	0	0	0
MOB_AM_SOLDIER_CLON	25703	213.529999	181.570007	933.349976	350	250	10	6	7	6	1	1	100	0	0	1	1	100	0	0	0
MOB_AM_SOLDIER_CLON	25703	338.570007	208.699997	1461.43005	450	300	10	7	9	6	1	1	100	0	0	1	1	100	0	0	0
MOB_AM_SOLDIER_CLON	25703	846.630005	180	1448.54004	350	250	10	6	7	6	1	1	100	0	0	1	1	100	0	0	0
MOB_AM_SOLDIER_CLON	25703	1241.81995	180.059998	1202.12	450	300	10	7	9	6	1	1	100	0	0	1	1	100	0	0	0
MOB_AM_SOLDIER_CLON	25703	1286.40002	180	774.140015	350	250	10	6	7	6	1	1	100	0	0	1	1	100	0	0	0
MOB_AM_SOLDIER_CLON	25703	1595.93994	213.889999	1503.42004	350	250	10	6	7	6	1	1	100	0	0	1	1	100	0	0	0
MOB_AM_SOLDIER_CLON	25956	1744.37	226.309998	208.600006	500	450	10	3	3	8	1	1	100	0	0	1	1	100	0	0	0
MOB_AM_SOLDIER_CLON	25957	563.109985	212.949997	535.929993	350	250	10	6	7	6	1	1	100	0	0	1	1	100	0	0	0
MOB_AM_SOLDIER_CLON	25957	1038.93005	180	162.300003	450	300	10	7	9	6	1	1	100	0	0	1	1	100	0	0	0
MOB_AM_SOLDIER_CLON	25957	1630.07996	199.970001	91.1200027	350	250	10	6	7	6	1	1	100	0	0	1	1	100	0	0	0
MOB_AM_SOLDIER_CLON	25957	1674.01001	258.589996	646.75	450	300	10	7	9	6	1	1	100	0	0	1	1	100	0	0	0
MOB_AM_SOLDIER_CLON	25958	672.25	180	171.009995	350	250	10	6	7	6	1	1	100	0	0	1	1	100	0	0	0
MOB_AM_SOLDIER_CLON	25958	704.640015	180	692.549988	450	300	10	7	9	6	1	1	100	0	0	1	1	100	0	0	0
MOB_AM_SOLDIER_CLON	25958	1107.15002	185.220001	1228.12	450	300	10	7	9	6	1	1	100	0	0	1	1	100	0	0	0
MOB_AM_SOLDIER_CLON	25958	1353.48999	181	617.530029	350	250	10	6	7	6	1	1	100	0	0	1	1	100	0	0	0
MOB_AM_SOLDIER_CLON	25958	1673.63	213.839996	1717.45996	450	300	10	7	9	6	1	1	100	0	0	1	1	100	0	0	0
MOB_AM_SOLDIER_CLON	25958	1898.28003	192.720001	549.539978	450	300	10	7	9	6	1	1	100	0	0	1	1	100	0	0	0
MOB_AM_SOLDIER_CLON	25959	125.110001	225.309998	1250.95996	350	250	10	6	7	6	1	1	100	0	0	1	1	100	0	0	0
MOB_AM_SOLDIER_CLON	25959	452.019989	191.350006	1761.78003	450	300	10	7	9	6	1	1	100	0	0	1	1	100	0	0	0
MOB_AM_SOLDIER_CLON	25959	634.419983	180	331.380005	350	250	10	6	7	6	1	1	100	0	0	1	1	100	0	0	0
MOB_AM_SOLDIER_CLON	25959	953.320007	180	873.809998	450	300	10	7	9	6	1	1	100	0	0	1	1	100	0	0	0
MOB_AM_SOLDIER_CLON	25959	1190.43005	181.369995	119.639999	450	300	10	7	9	6	1	1	100	0	0	1	1	100	0	0	0
MOB_AM_SOLDIER_CLON	25959	1539.56995	218.039993	561.070007	350	250	10	6	7	6	1	1	100	0	0	1	1	100	0	0	0
MOB_AM_WOLF	24926	1537.67004	-101.57	1820.44995	200	150	10	4	6	4	1	1	100	0	0	1	1	100	0	0	0
MOB_AM_WOLF	24927	868.72998	-186.940002	1726.66003	200	150	10	4	6	4	1	1	100	0	0	1	1	100	0	0	0
MOB_AM_WOLF	24927	1418.12	-146.279999	1327.18994	200	150	10	4	6	4	1	1	100	0	0	1	1	100	0	0	0
MOB_AM_WOLF	24928	47.3899994	-146.649994	1849.28003	200	150	10	4	6	4	1	1	100	0	0	1	1	100	0	0	0
MOB_AM_WOLF	25182	1371.57996	7.75	1386.20996	200	150	10	4	6	8	1	1	100	0	0	1	1	100	0	0	0
MOB_AM_WOLF	25182	1501.58997	-169.220001	649.460022	500	450	10	4	6	8	1	1	100	0	0	1	1	100	0	0	0
MOB_AM_WOLF	25182	1678.14001	-86.5	1287.25	500	450	10	4	6	8	1	1	100	0	0	1	1	100	0	0	0
MOB_AM_WOLF	25182	1888.04004	-103.419998	73.3300018	500	450	10	4	6	8	1	1	100	0	0	1	1	100	0	0	0
MOB_AM_WOLF	25183	302.380005	-176.75	788.109985	500	450	10	4	6	8	1	1	100	0	0	1	1	100	0	0	0
MOB_AM_WOLF	25183	339.230011	-168.789993	1275.88	200	150	10	4	6	8	1	1	100	0	0	1	1	100	0	0	0
MOB_AM_WOLF	25183	1017.28998	-174.160004	427.459991	500	450	10	4	6	8	1	1	100	0	0	1	1	100	0	0	0
MOB_AM_WOLF	25183	1158.91003	-146.699997	1503.26001	200	150	10	4	6	4	1	1	100	0	0	1	1	100	0	0	0
MOB_AM_WOLF	25183	1658.06995	-168.059998	848.200012	500	450	10	4	6	8	1	1	100	0	0	1	1	100	0	0	0
MOB_AM_WOLF	25184	189.509995	-178.330002	1804.52002	200	150	10	4	6	8	1	1	100	0	0	1	1	100	0	0	0
MOB_AM_WOLF	25184	456.230011	-157.080002	326.579987	500	450	10	4	6	8	1	1	100	0	0	1	1	100	0	0	0
MOB_AM_WOLF	25184	806.369995	-175.190002	1224.28003	200	150	10	4	6	4	1	1	100	0	0	1	1	100	0	0	0
MOB_AM_WOLF	25184	822.219971	-161.940002	515.5	200	150	10	4	6	4	1	1	100	0	0	1	1	100	0	0	0
MOB_AM_WOLF	25184	1645.01001	-185.550003	661.179993	500	450	10	4	6	8	1	1	100	0	0	1	1	100	0	0	0
MOB_AM_WOLF	25184	1670.81995	-175.520004	1091.46997	200	150	10	4	6	4	1	1	100	0	0	1	1	100	0	0	0
MOB_AM_WOLF	25185	274.390015	-112	595.590027	200	150	10	4	4	8	1	1	100	0	0	1	1	100	0	0	0
MOB_AM_WOLF	25185	719.809998	-10.4200001	651.140015	400	350	10	4	6	8	1	1	100	0	0	1	1	100	0	0	0
MOB_AM_WOLF	25185	1025.52002	30.7700005	933.859985	200	150	10	4	6	4	1	1	100	0	0	1	1	100	0	0	0
MOB_AM_WOLF	25185	1296.05005	93.4599991	1277.93005	400	350	10	4	6	8	1	1	100	0	0	1	1	100	0	0	0
MOB_AM_WOLF	25185	1389.38	154.360001	1624.40002	200	150	10	4	6	4	1	1	100	0	0	1	1	100	0	0	0
MOB_AM_WOLF	25439	244.139999	-93.0800018	71.1800003	200	150	10	4	6	4	1	1	100	0	0	1	1	100	0	0	0
MOB_AM_WOLF	25441	1481.75	180	81.5999985	400	350	10	4	6	8	1	1	100	0	0	1	1	100	0	0	0
MOB_AM_WOLF_CLON	24926	592.099976	-39.4099998	1749.21997	200	150	10	6	8	4	1	0	100	0	0	1	1	100	0	0	0
MOB_AM_WOLF_CLON	24926	1068.02002	-51.5200005	1860.21997	500	450	10	6	8	8	1	0	100	0	0	1	1	100	0	0	0
MOB_AM_WOLF_CLON	24926	1321.35999	-109.18	1486.93005	200	150	10	6	8	4	1	0	100	0	0	1	1	100	0	0	0
MOB_AM_WOLF_CLON	24927	271.200012	-171.550003	1785.07996	200	150	10	6	8	4	1	0	100	0	0	1	1	100	0	0	0
MOB_AM_WOLF_CLON	24927	641.900024	-149.070007	1793.71997	500	450	10	6	8	8	1	0	100	0	0	1	1	100	0	0	0
MOB_AM_WOLF_CLON	24927	1744.38	-146.639999	1668.70996	500	450	10	6	8	8	1	0	100	0	0	1	1	100	0	0	0
MOB_AM_WOLF_CLON	24928	139.149994	-146.949997	1394.81995	200	150	10	6	8	4	1	0	100	0	0	1	1	100	0	0	0
MOB_AM_WOLF_CLON	25181	1703.98999	165.460007	1784.60999	300	250	10	3	3	6	1	0	100	0	0	1	1	100	0	0	0
MOB_AM_WOLF_CLON	25182	94.5100021	173.679993	826.01001	200	150	10	3	3	6	1	0	100	0	0	1	1	100	0	0	0
MOB_AM_WOLF_CLON	25182	470.73999	-11.5100002	1565.68005	500	450	10	6	8	8	1	0	100	0	0	1	1	100	0	0	0
MOB_AM_WOLF_CLON	25182	925.539978	-95.5299988	925.159973	500	450	10	6	8	8	1	0	100	0	0	1	1	100	0	0	0
MOB_AM_WOLF_CLON	25182	953.130005	10.96	1462.30005	200	150	10	6	8	4	1	0	100	0	0	1	1	100	0	0	0
MOB_AM_WOLF_CLON	25182	1687.94995	-137.690002	1896.09998	200	150	10	6	8	4	1	0	100	0	0	1	1	100	0	0	0
MOB_AM_WOLF_CLON	25183	204.100006	-159.779999	395.019989	200	150	10	6	8	4	1	0	100	0	0	1	1	100	0	0	0
MOB_AM_WOLF_CLON	25183	250.440002	-99.5800018	1730.12	500	450	10	6	8	8	1	0	100	0	0	1	1	100	0	0	0
MOB_AM_WOLF_CLON	25183	640.719971	-169.350006	1707.06006	200	150	10	6	8	4	1	0	100	0	0	1	1	100	0	0	0
MOB_AM_WOLF_CLON	25183	816.840027	-171.729996	1192.23999	500	450	10	6	8	8	1	0	100	0	0	1	1	100	0	0	0
MOB_AM_WOLF_CLON	25183	1254.80005	-176.440002	646.630005	200	150	10	6	8	4	1	0	100	0	0	1	1	100	0	0	0
MOB_AM_WOLF_CLON	25183	1717.56006	-170.289993	1465.19995	200	150	10	6	8	8	1	0	100	0	0	1	1	100	0	0	0
MOB_AM_WOLF_CLON	25184	97.6399994	-195.509995	1557.14001	400	350	10	6	8	8	1	0	100	0	0	1	1	100	0	0	0
MOB_AM_WOLF_CLON	25184	312.420013	-173.039993	1344.75	200	150	10	6	8	8	1	0	100	0	0	1	1	100	0	0	0
MOB_AM_WOLF_CLON	25184	828.440002	-173.529999	853.580017	500	450	10	6	8	8	1	0	100	0	0	1	1	100	0	0	0
MOB_AM_WOLF_CLON	25184	1234.12	-174.919998	936.780029	200	150	10	6	8	4	1	0	100	0	0	1	1	100	0	0	0
MOB_AM_WOLF_CLON	25436	1166.19995	138.5	1348.80005	300	250	10	3	3	6	1	0	100	0	0	1	1	100	0	0	0
MOB_AM_WOLF_CLON	25437	13.1499996	166.600006	994.400024	600	550	10	4	4	6	1	0	100	0	0	1	1	100	0	0	0
MOB_AM_WOLF_CLON	25437	539.01001	180.830002	311.399994	300	250	10	3	3	6	1	0	100	0	0	1	1	100	0	0	0
MOB_AM_WOLF_CLON	25437	551.75	244.490005	1353.14001	300	250	10	3	3	6	1	0	100	0	0	1	1	100	0	0	0
MOB_AM_WOLF_CLON	25437	1105.41003	180	1188.89001	600	550	10	4	4	6	1	0	100	0	0	1	1	100	0	0	0
MOB_AM_WOLF_CLON	25437	1281.18005	179.860001	253.110001	600	550	10	4	4	6	1	0	100	0	0	1	1	100	0	0	0
MOB_AM_WOLF_CLON	25437	1684.96997	187.029999	818.73999	300	250	10	3	3	10	1	0	100	0	0	1	1	100	0	0	0
MOB_AM_WOLF_CLON	25438	334.950012	180	1240.57996	600	550	10	4	6	6	1	0	100	0	0	1	1	100	0	0	0
MOB_AM_WOLF_CLON	25438	421.619995	18	96.4499969	200	150	10	6	8	8	1	0	100	0	0	1	1	100	0	0	0
MOB_AM_WOLF_CLON	25438	831.530029	180	824.809998	300	250	10	3	3	6	1	0	100	0	0	1	1	100	0	0	0
MOB_AM_WOLF_CLON	25438	870.320007	180	1782.07996	300	250	10	3	3	6	1	0	100	0	0	1	1	100	0	0	0
MOB_AM_WOLF_CLON	25441	347.049988	180	1469	300	250	10	3	3	4	1	0	100	0	0	1	1	100	0	0	0
MOB_AM_WOLF_CLON	25692	99.8300018	137.529999	1478.63	500	450	10	4	4	6	1	0	100	0	0	1	1	100	0	0	0
MOB_AM_WOLF_CLON	25692	689.330017	139.880005	1399.27002	300	250	10	3	3	6	1	0	100	0	0	1	1	100	0	0	0
MOB_AM_WOLF_CLON	25692	699.429993	130.800003	396.850006	300	250	10	3	3	6	1	0	100	0	0	1	1	100	0	0	0
MOB_AM_WOLF_CLON	25692	1174.45996	175.770004	99.4800034	600	550	10	4	4	6	1	0	100	0	0	1	1	100	0	0	0
MOB_AM_WOLF_CLON	25692	1322.82996	179.070007	894.75	600	550	10	4	4	6	1	0	100	0	0	1	1	100	0	0	0
MOB_AM_WOLF_CLON	25692	1491.29004	173.190002	1538.44995	600	550	10	4	4	6	1	0	100	0	0	1	1	100	0	0	0
MOB_AM_WOLF_CLON	25692	1719.65002	195.110001	192.139999	300	250	10	3	3	10	1	0	100	0	0	1	1	100	0	0	0
MOB_AM_WOLF_CLON	25693	226.289993	180	1204.52002	300	250	10	3	3	6	1	0	100	0	0	1	1	100	0	0	0
MOB_AM_WOLF_CLON	25693	379.799988	170	1913.53003	600	550	10	4	4	6	1	0	100	0	0	1	1	100	0	0	0
MOB_AM_WOLF_CLON	25693	449.679993	182.990005	51.8400002	600	550	10	4	4	6	1	0	100	0	0	1	1	100	0	0	0
MOB_AM_WOLF_CLON	25693	760.900024	175.970001	320.579987	300	250	10	3	3	6	1	0	100	0	0	1	1	100	0	0	0
MOB_AM_WOLF_CLON	25693	1130.69995	160.839996	1472.35999	600	550	10	4	4	6	1	0	100	0	0	1	1	100	0	0	0
MOB_AM_WOLF_CLON	25693	1531.06006	180	196.100006	600	550	10	4	6	6	1	0	100	0	0	1	1	100	0	0	0
MOB_AM_WOLF_CLON	25693	1557.73999	180	658.530029	300	250	10	3	3	6	1	0	100	0	0	1	1	100	0	0	0
MOB_AM_WOLF_CLON	25694	294.100006	231.100006	300.320007	600	550	10	4	6	6	1	0	100	0	0	1	1	100	0	0	0
MOB_AM_WOLF_CLON	25694	1305.26001	201.039993	285.160004	600	550	10	4	6	6	1	0	100	0	0	1	1	100	0	0	0
MOB_AM_WOLF_CLON	25694	1500.81006	182.559998	859.940002	300	250	10	3	3	4	1	0	100	0	0	1	1	100	0	0	0
MOB_AM_WOLF_CLON	25695	555.22998	180.440002	356.579987	300	250	10	3	3	4	1	0	100	0	0	1	1	100	0	0	0
MOB_AM_WOLF_CLON	25695	654.090027	188.369995	989.049988	600	550	10	4	6	6	1	0	100	0	0	1	1	100	0	0	0
MOB_AM_WOLF_CLON	25695	1240.65002	180	476.630005	600	550	10	4	6	6	1	0	100	0	0	1	1	100	0	0	0
MOB_AM_WOLF_CLON	25695	1349.58997	183.919998	1097.09998	300	250	10	3	3	4	1	0	100	0	0	1	1	100	0	0	0
MOB_AM_WOLF_CLON	25695	1862.42004	180	295.420013	300	250	10	3	3	4	1	0	100	0	0	1	1	100	0	0	0
MOB_AM_WOLF_CLON	25696	65.3700027	180.210007	955.380005	600	550	10	4	6	6	1	0	100	0	0	1	1	100	0	0	0
MOB_AM_WOLF_CLON	25696	603.599976	180	473.089996	600	550	10	4	6	6	1	0	100	0	0	1	1	100	0	0	0
MOB_AM_WOLF_CLON	25696	725.070007	194.419998	1128.67004	300	250	10	3	3	4	1	0	100	0	0	1	1	100	0	0	0
MOB_AM_WOLF_CLON	25696	1050.06006	180	52.8499985	300	250	10	3	3	4	1	0	100	0	0	1	1	100	0	0	0
MOB_AM_WOLF_CLON	25696	1176.5	165.770004	730.130005	600	550	10	4	6	6	1	0	100	0	0	1	1	100	0	0	0
MOB_AM_WOLF_CLON	25696	1734.87	180	784.719971	300	250	10	3	3	4	1	0	100	0	0	1	1	100	0	0	0
MOB_AM_WOLF_CLON	25696	1776.12	180	12.3500004	600	550	10	4	6	6	1	0	100	0	0	1	1	100	0	0	0
MOB_AM_WOLF_CLON	25948	98.6699982	110.209999	232.210007	300	250	10	5	6	8	1	0	100	0	0	1	1	100	0	0	0
MOB_AM_WOLF_CLON	25948	445.950012	193.779999	1028.70996	600	550	10	5	6	8	1	0	100	0	0	1	1	100	0	0	0
MOB_AM_WOLF_CLON	25948	586.849976	180.139999	1420.10999	300	250	10	5	6	8	1	0	100	0	0	1	1	100	0	0	0
MOB_AM_WOLF_CLON	25948	634.26001	179.770004	632.570007	300	250	10	5	6	8	1	0	100	0	0	1	1	100	0	0	0
MOB_AM_WOLF_CLON	25948	724.320007	105.160004	37.7700005	500	450	10	4	4	6	1	0	100	0	0	1	1	100	0	0	0
MOB_AM_WOLF_CLON	25948	1023.40002	147.820007	1470.76001	600	550	10	5	6	8	1	0	100	0	0	1	1	100	0	0	0
MOB_AM_WOLF_CLON	25948	1144.47998	207.119995	703.849976	600	550	10	5	6	8	1	0	100	0	0	1	1	100	0	0	0
MOB_AM_WOLF_CLON	25948	1310.08997	152.940002	1878.81006	300	250	10	5	6	8	1	0	100	0	0	1	1	100	0	0	0
MOB_AM_WOLF_CLON	25948	1361.02002	152.070007	1156.54004	300	250	10	5	6	8	1	0	100	0	0	1	1	100	0	0	0
MOB_AM_WOLF_CLON	25948	1441.68994	164.210007	282.450012	300	250	10	5	6	8	1	0	100	0	0	1	1	100	0	0	0
MOB_AM_WOLF_CLON	25948	1832.47998	193.089996	785.26001	600	550	10	5	6	8	1	0	100	0	0	1	1	100	0	0	0
MOB_AM_WOLF_CLON	25949	162.080002	172.889999	1209.57996	300	250	10	5	6	8	1	0	100	0	0	1	1	100	0	0	0
MOB_AM_WOLF_CLON	25949	602.679993	172.589996	1730.93005	600	550	10	5	6	8	1	0	100	0	0	1	1	100	0	0	0
MOB_AM_WOLF_CLON	25949	618.190002	173.089996	642.73999	600	550	10	4	4	6	1	0	100	0	0	1	1	100	0	0	0
MOB_AM_WOLF_CLON	25949	1087.85999	160.660004	323.450012	300	250	10	3	3	6	1	0	100	0	0	1	1	100	0	0	0
MOB_AM_WOLF_CLON	25949	1108.12	179.100006	1539.62	300	250	10	5	6	8	1	0	100	0	0	1	1	100	0	0	0
MOB_AM_WOLF_CLON	25949	1371.18005	149.699997	1106.59998	600	550	10	4	4	6	1	0	100	0	0	1	1	100	0	0	0
MOB_AM_WOLF_CLON	25950	64.1999969	180	1748.06006	300	250	10	5	6	8	1	0	100	0	0	1	1	100	0	0	0
MOB_AM_WOLF_CLON	25950	694.559998	154.320007	1545.30005	600	550	10	4	4	6	1	0	100	0	0	1	1	100	0	0	0
MOB_AM_WOLF_CLON	25950	1138.51001	124.790001	1051.27002	300	250	10	5	6	8	1	0	100	0	0	1	1	100	0	0	0
MOB_AM_WOLF_CLON	25950	1291.17004	146.309998	712.669983	600	550	10	4	4	6	1	0	100	0	0	1	1	100	0	0	0
MOB_AM_WOLF_CLON	25950	1350.31006	180	1849.17004	300	250	10	5	6	8	1	0	100	0	0	1	1	100	0	0	0
MOB_AM_WOLF_CLON	26204	935.02002	209.460007	509.980011	300	250	10	5	6	8	1	0	100	0	0	1	1	100	0	0	0
MOB_AM_WOLF_CLON	26204	1134.20996	184.619995	885.460022	600	550	10	5	6	8	1	0	100	0	0	1	1	100	0	0	0
MOB_AM_WOLF_CLON	26204	1148.46997	176.25	1359.32996	300	250	10	5	6	8	1	0	100	0	0	1	1	100	0	0	0
MOB_AM_WOLF_CLON	26204	1400.57996	163.380005	1890.12	600	550	10	5	6	8	1	0	100	0	0	1	1	100	0	0	0
MOB_AM_WOLF_CLON	26204	1608.27002	146.070007	724.929993	300	250	10	5	6	8	1	0	100	0	0	1	1	100	0	0	0
MOB_AM_WOLF_CLON	26204	1656.21997	146.179993	225.800003	600	550	10	5	6	8	1	0	100	0	0	1	1	100	0	0	0
MOB_AM_WOLF_CLON	26204	1793.93994	168.740005	1687.57996	300	250	10	5	6	8	1	0	100	0	0	1	1	100	0	0	0
MOB_AM_WOLF_CLON	26205	16.1399994	171.520004	1136.03003	600	550	10	5	6	8	1	0	100	0	0	1	1	100	0	0	0
MOB_AM_WOLF_CLON	26205	166.610001	155.460007	281.880005	300	250	10	5	6	8	1	0	100	0	0	1	1	100	0	0	0
MOB_AM_WOLF_CLON	26205	569.820007	176.229996	1074.92004	300	250	10	5	6	10	1	0	100	0	0	1	1	100	0	0	0
MOB_AM_WOLF_CLON	26205	748.359985	180	1561.41003	600	550	10	5	6	8	1	0	100	0	0	1	1	100	0	0	0
MOB_AM_WOLF_CLON	26205	1028.41003	178.410004	403.769989	300	250	10	5	6	8	1	0	100	0	0	1	1	100	0	0	0
MOB_AM_WOLF_CLON	26205	1087.34998	176.869995	929.880005	600	550	10	5	6	8	1	0	100	0	0	1	1	100	0	0	0
MOB_AM_WOLF_CLON	26205	1252.82996	179.919998	1476.93994	300	250	10	5	6	8	1	0	100	0	0	1	1	100	0	0	0
MOB_AM_WOLF_CLON	26205	1460.15002	160.229996	91.8099976	600	550	10	5	6	8	1	0	100	0	0	1	1	100	0	0	0
MOB_AM_WOLF_CLON	26205	1751.47998	158.100006	1752.18005	600	550	10	5	6	8	1	0	100	0	0	1	1	100	0	0	0
MOB_AM_WOLF_CLON	26205	1839.43005	127.730003	666.01001	300	250	10	5	6	8	1	0	100	0	0	1	1	100	0	0	0
MOB_AM_WOLF_CLON	26206	291.170013	195.449997	1076.15002	600	550	10	5	6	8	1	0	100	0	0	1	1	100	0	0	0
MOB_AM_WOLF_CLON	26206	334.429993	233.460007	1654.70996	300	250	10	5	6	10	1	0	100	0	0	1	1	100	0	0	0
MOB_AM_WOLF_CLON	26206	743.469971	181.050003	728.429993	300	250	10	5	6	8	1	0	100	0	0	1	1	100	0	0	0
MOB_AM_WOLF_CLON	26206	845.940002	180	1389.52002	600	550	10	5	6	8	1	0	100	0	0	1	1	100	0	0	0
MOB_AM_WOLF_CLON	26206	1250.52002	180	534.809998	600	550	10	5	6	8	1	0	100	0	0	1	1	100	0	0	0
MOB_AM_WOLF_CLON	26206	1377.26001	181.850006	1473.89001	300	250	10	5	6	8	1	0	100	0	0	1	1	100	0	0	0
MOB_AM_WOLF_CLON	26206	1840.79004	211.25	747.75	300	250	10	10	15	8	1	0	100	0	0	1	1	100	0	0	0
MOB_AM_WOLF_CLON	26207	391.839996	329.070007	785.719971	500	450	10	10	15	4	1	0	100	0	0	1	1	100	0	0	0
MOB_AM_WOLF_CLON	26207	749.27002	421.670013	763.059998	500	450	10	10	15	4	1	0	100	0	0	1	1	100	0	0	0
MOB_AM_WOLF_CLON	26207	1234.43005	464.660004	826.690002	300	250	10	10	15	4	1	0	100	0	0	1	1	100	0	0	0
MOB_AM_WOLF_CLON	26207	1811.93005	569.76001	779.659973	500	450	10	10	15	8	1	0	100	0	0	1	1	100	0	0	0
MOB_AM_WOLF_CLON	26208	484.339996	571.179993	805.580017	300	250	10	10	15	4	1	0	100	0	0	1	1	100	0	0	0
MOB_AM_WOLF_CLON	26208	877.700012	591.340027	1188.08997	500	450	10	10	15	4	1	0	100	0	0	1	1	100	0	0	0
MOB_AM_WOLF_CLON	26208	1154.97998	506.220001	1048.81006	500	450	10	10	15	4	1	0	100	0	0	1	1	100	0	0	0
MOB_AM_WOLF_CLON	26208	1650.88	346.769989	1109.64001	300	250	10	10	15	4	1	0	100	0	0	1	1	100	0	0	0
MOB_AM_WOLF_CLON	26209	131.889999	306.929993	988.26001	500	450	10	10	15	4	1	0	100	0	0	1	1	100	0	0	0
MOB_AM_WOLF_CLON	26209	520.890015	278.440002	739.809998	300	250	10	10	15	4	1	0	100	0	0	1	1	100	0	0	0
MOB_AM_WOLF_CLON	26460	956.469971	212.100006	1153.31006	300	250	10	5	6	8	1	0	100	0	0	1	1	100	0	0	0
MOB_AM_WOLF_CLON	26460	981.169983	169.839996	323.529999	300	250	10	5	6	8	1	0	100	0	0	1	1	100	0	0	0
MOB_AM_WOLF_CLON	26460	1469.90002	173.649994	1159.23999	600	550	10	5	6	8	1	0	100	0	0	1	1	100	0	0	0
MOB_AM_WOLF_CLON	26460	1746.21997	251.75	596.150024	300	250	10	5	6	10	1	0	100	0	0	1	1	100	0	0	0
MOB_AM_WOLF_CLON	26460	1914.17004	171.059998	1447.94995	300	250	10	5	6	8	1	0	100	0	0	1	1	100	0	0	0
MOB_AM_WOLF_CLON	26461	142.970001	175.429993	204.110001	600	550	10	5	6	8	1	0	100	0	0	1	1	100	0	0	0
MOB_AM_WOLF_CLON	26461	354.649994	238.570007	764.320007	600	550	10	5	6	8	1	0	100	0	0	1	1	100	0	0	0
MOB_AM_WOLF_CLON	26461	652.809998	181.190002	1861.78003	300	250	10	5	6	8	1	0	100	0	0	1	1	100	0	0	0
MOB_AM_WOLF_CLON	26461	652.77002	196.690002	120.580002	300	250	10	5	6	8	1	0	100	0	0	1	1	100	0	0	0
MOB_AM_WOLF_CLON	26461	840.950012	196.479996	971.669983	300	250	10	5	6	8	1	0	100	0	0	1	1	100	0	0	0
MOB_AM_WOLF_CLON	26461	1061.48999	180	1523.81995	600	550	10	5	6	8	1	0	100	0	0	1	1	100	0	0	0
MOB_AM_WOLF_CLON	26461	1062.72998	180	465.850006	600	550	10	5	6	8	1	0	100	0	0	1	1	100	0	0	0
MOB_AM_WOLF_CLON	26461	1499.18005	180	318.709991	300	250	10	5	6	10	1	0	100	0	0	1	1	100	0	0	0
MOB_AM_WOLF_CLON	26461	1597.68005	188.039993	1608.76001	300	250	10	5	6	8	1	0	100	0	0	1	1	100	0	0	0
MOB_AM_WOLF_CLON	26462	511.309998	280.100006	1192.81995	300	250	10	5	6	8	1	0	100	0	0	1	1	100	0	0	0
MOB_AM_WOLF_CLON	26462	680.26001	346.299988	1646.02002	600	550	10	5	6	8	1	0	100	0	0	1	1	100	0	0	0
MOB_AM_WOLF_CLON	26462	865.469971	180.179993	324.529999	300	250	10	5	6	8	1	0	100	0	0	1	1	100	0	0	0
MOB_AM_WOLF_CLON	26462	1219.78003	218.149994	1636.83997	300	250	10	6	7	6	1	0	100	0	0	1	1	100	0	0	0
MOB_AM_WOLF_CLON	26462	1658.10999	180	753.210022	300	250	10	6	7	6	1	0	100	0	0	1	1	100	0	0	0
MOB_AM_WOLF_CLON	26463	479.160004	185.009995	502.26001	300	150	10	6	7	4	1	0	100	0	0	1	1	100	0	0	0
MOB_AM_WOLF_CLON	26463	1071.60999	364.170013	286.290009	300	150	10	6	7	4	1	0	100	0	0	1	1	100	0	0	0
MOB_AM_WOLF_CLON	26464	586.659973	383.799988	1451.48999	200	150	10	10	16	2	1	0	100	0	0	1	1	100	0	0	0
MOB_AM_WOLF_CLON	26464	1414.65002	413.779999	1482.81995	300	250	10	6	7	6	1	0	100	0	0	1	1	100	0	0	0
MOB_AM_WOLF_CLON	26464	1864.62	303.850006	1155.83997	300	250	10	6	7	6	1	0	100	0	0	1	1	100	0	0	0
MOB_AM_WOLF_CLON	26465	845.5	183.729996	823.119995	300	250	10	6	7	6	1	0	100	0	0	1	1	100	0	0	0
MOB_AM_WOLF_CLON	26716	706.299988	523.070007	1386	300	250	10	6	7	6	1	0	100	0	0	1	1	100	0	0	0
MOB_AM_WOLF_CLON	26716	976.909973	126.629997	31.6900005	300	250	10	5	6	8	1	0	100	0	0	1	1	100	0	0	0
MOB_AM_WOLF_CLON	26716	1280.68994	496.76001	1166.21997	600	550	10	6	7	6	1	0	100	0	0	1	1	100	0	0	0
MOB_AM_WOLF_CLON	26716	1617.80005	341.410004	1868.93005	300	250	10	6	7	6	1	0	100	0	0	1	1	100	0	0	0
MOB_AM_WOLF_CLON	26716	1762.10999	184.940002	66.4199982	600	550	10	5	6	8	1	0	100	0	0	1	1	100	0	0	0
MOB_AM_WOLF_CLON	26716	1861.04004	379.679993	782.630005	300	250	10	6	7	6	1	0	100	0	0	1	1	100	0	0	0
MOB_AM_WOLF_CLON	26717	242.509995	318.839996	1390.57996	600	550	10	6	7	6	1	0	100	0	0	1	1	100	0	0	0
MOB_AM_WOLF_CLON	26717	663.789978	220.279999	757.219971	600	550	10	6	7	6	1	0	100	0	0	1	1	100	0	0	0
MOB_AM_WOLF_CLON	26717	871.119995	215.119995	1359.38	300	250	10	6	7	6	1	0	100	0	0	1	1	100	0	0	0
MOB_AM_WOLF_CLON	26717	1382.43994	181.889999	652.659973	300	250	10	6	7	10	1	0	100	0	0	1	1	100	0	0	0
MOB_AM_WOLF_CLON	26717	1618.70996	180	1313.13	600	550	10	6	7	6	1	0	100	0	0	1	1	100	0	0	0
MOB_AM_WOLF_CLON	26717	1750.95996	194.229996	124.18	600	550	10	5	6	8	1	0	100	0	0	1	1	100	0	0	0
MOB_AM_WOLF_CLON	26718	411.959991	248.210007	489.390015	600	550	10	6	7	6	1	0	100	0	0	1	1	100	0	0	0
MOB_AM_WOLF_CLON	26718	648.630005	180	1720.93005	600	550	10	6	7	6	1	0	100	0	0	1	1	100	0	0	0
MOB_AM_WOLF_CLON	26718	831.450012	186.979996	975.599976	300	250	10	6	7	6	1	0	100	0	0	1	1	100	0	0	0
MOB_AM_WOLF_CLON	26718	1435.31006	180	1450.73999	600	550	10	6	7	6	1	0	100	0	0	1	1	100	0	0	0
MOB_AM_WOLF_CLON	26718	1794.15002	199.330002	1225.21997	300	250	10	6	7	6	1	0	100	0	0	1	1	100	0	0	0
MOB_AM_WOLF_CLON	26719	378.73999	218.75	1153.38	200	150	10	10	16	4	1	0	100	0	0	1	1	100	0	0	0
MOB_AM_WOLF_CLON	26719	780.969971	260.579987	988.630005	200	150	10	10	16	4	1	0	100	0	0	1	1	100	0	0	0
MOB_AM_WOLF_CLON	26719	1100.68994	353.880005	1753.30005	300	250	10	10	16	4	1	0	100	0	0	1	1	100	0	0	0
MOB_AM_WOLF_CLON	26719	1140.83997	343.829987	1212.47998	250	200	10	10	16	4	1	0	100	0	0	1	1	100	0	0	0
MOB_AM_WOLF_CLON	26719	1385.67004	290.899994	734.72998	200	150	10	10	16	2	1	0	100	0	0	1	1	100	0	0	0
MOB_AM_WOLF_CLON	26719	1620.5	316.01001	567.090027	200	150	10	10	16	2	1	0	100	0	0	1	1	100	0	0	0
MOB_AM_WOLF_CLON	26720	95.8399963	363.540009	36.0699997	200	150	10	10	16	2	1	0	100	0	0	1	1	100	0	0	0
MOB_AM_WOLF_CLON	26720	1396.48999	380.26001	267.230011	300	150	10	6	7	6	1	0	100	0	0	1	1	100	0	0	0
MOB_AM_WOLF_CLON	26972	1908.21997	198.220001	381.929993	600	550	10	6	7	6	1	0	100	0	0	1	1	100	0	0	0
MOB_AM_WOLF_CLON	26973	644.109985	161.279999	697.039978	300	250	10	6	7	6	1	0	100	0	0	1	1	100	0	0	0
MOB_AM_WOLF_CLON	26973	1295.26001	144.440002	693.030029	600	550	10	6	7	6	1	0	100	0	0	1	1	100	0	0	0
MOB_AM_WOLF_CLON	26973	1675.93005	142.059998	1140.41003	300	250	10	6	7	6	1	0	100	0	0	1	1	100	0	0	0
MOB_AM_WOLF_CLON	26973	1824.78003	83.6200027	51.3699989	300	250	10	6	7	10	1	0	100	0	0	1	1	100	0	0	0
MOB_AM_WOLF_CLON	26974	302.089996	180	1034.45996	600	550	10	6	7	6	1	0	100	0	0	1	1	100	0	0	0
MOB_AM_WOLF_CLON	26974	463.98999	176.880005	1787.53003	300	250	10	6	7	6	1	0	100	0	0	1	1	100	0	0	0
MOB_AM_WOLF_CLON	26974	820.25	174.570007	999.52002	300	250	10	6	7	6	1	0	100	0	0	1	1	100	0	0	0
MOB_AM_WOLF_CLON	26974	1224.88	180	99.1600037	300	250	10	6	7	6	1	0	100	0	0	1	1	100	0	0	0
MOB_AM_WOLF_CLON	26974	1319.64001	177.800003	1602.17004	300	250	10	6	7	10	1	0	100	0	0	1	1	100	0	0	0
MOB_AM_WOLF_CLON	26974	1415.08997	180	818.73999	600	550	10	6	7	6	1	0	100	0	0	1	1	100	0	0	0
MOB_AM_WOLF_CLON	26974	1899.17004	178.389999	1670.89001	600	550	10	6	7	6	1	0	100	0	0	1	1	100	0	0	0
MOB_AM_WOLF_CLON	26975	91.6299973	180	1148.14001	300	250	10	6	7	6	1	0	100	0	0	1	1	100	0	0	0
MOB_AM_WOLF_CLON	26975	851.219971	193.25	1538.5	600	550	10	6	7	6	1	0	100	0	0	1	1	100	0	0	0
MOB_AM_WOLF_CLON	26975	1194.57996	314.640015	232.479996	300	250	10	10	16	4	1	0	100	0	0	1	1	100	0	0	0
MOB_AM_WOLF_CLON	26975	1571.17004	180	1328.80005	300	250	10	6	7	6	1	0	100	0	0	1	1	100	0	0	0
MOB_AM_WOLF_CLON	26975	1700.32996	180	514.400024	300	250	10	10	16	4	1	0	100	0	0	1	1	100	0	0	0
MOB_AM_WOLF_CLON	26976	62.6800003	191.100006	1846.17004	600	550	10	6	7	6	1	0	100	0	0	1	1	100	0	0	0
MOB_AM_WOLF_CLON	26976	145.639999	180	951.23999	600	550	10	6	7	6	1	0	100	0	0	1	1	100	0	0	0
MOB_AM_WOLF_CLON	26976	712.859985	180	1134.71997	300	250	10	6	7	6	1	0	100	0	0	1	1	100	0	0	0
MOB_AM_WOLF_CLON	26976	1018.26001	208.610001	1710.03003	600	550	10	6	7	6	1	0	100	0	0	1	1	100	0	0	0
MOB_AM_WOLF_CLON	26976	1644.67004	180	1444.5	300	250	10	6	7	6	1	0	100	0	0	1	1	100	0	0	0
MOB_AM_WOLF_CLON	26977	175.100006	175.949997	1317.22998	600	550	10	6	7	6	1	0	100	0	0	1	1	100	0	0	0
MOB_AM_WOLF_CLON	27230	1079.15002	151.240005	134.539993	600	550	10	6	7	6	1	0	100	0	0	1	1	100	0	0	0
MOB_AM_WOLF_CLON	27230	1857.68994	177.800003	182.149994	300	250	10	6	7	6	1	0	100	0	0	1	1	100	0	0	0
MOB_AM_WOLF_CLON	27231	532.570007	146.490005	264.350006	600	550	10	4	4	10	1	0	100	0	0	1	1	100	0	0	0
MOB_AM_WOLF_CLON	27231	1310.34998	142.429993	218.440002	300	250	10	6	7	6	1	0	100	0	0	1	1	100	0	0	0
MOB_AM_WOLF_CLON	27232	552.130005	208.979996	264.940002	300	250	10	6	7	6	1	0	100	0	0	1	1	100	0	0	0
MOB_AM_WOLF_CLON	27232	901.140015	178.660004	1588.12	300	250	10	6	7	6	1	0	100	0	0	1	1	100	0	0	0
MOB_AM_WOLF_CLON	27232	1125.16003	191.039993	817.830017	600	550	10	6	7	6	1	0	100	0	0	1	1	100	0	0	0
MOB_AM_WOLF_CLON	27232	1798.97998	180	617.72998	300	250	10	6	7	10	1	0	100	0	0	1	1	100	0	0	0
MOB_CA_GOLEM	26229	366.450012	196.970001	208.039993	400	300	10	3	4	6	1	0	125	0	0	1	1	125	0	0	0
MOB_CA_GOLEM	26229	758.200012	180	937.539978	400	300	10	3	4	6	1	0	125	0	0	1	1	125	0	0	0
MOB_CA_GOLEM	26229	1145.53003	181	1412.04004	400	300	10	3	4	6	1	0	125	0	0	1	1	125	0	0	0
MOB_CA_GOLEM	26229	1189.17004	209.669998	225.169998	400	300	10	3	4	6	1	0	125	0	0	1	1	125	0	0	0
MOB_CA_GOLEM	26229	1832.65002	202.910004	1774.51001	400	300	10	3	4	6	1	0	125	0	0	1	1	125	0	0	0
MOB_CA_GOLEM	26230	138.580002	180	371.079987	400	300	10	3	4	6	1	0	125	0	0	1	1	125	0	0	0
MOB_CA_GOLEM	26230	173.850006	196.240005	1184.43994	400	300	10	3	4	6	1	0	125	0	0	1	1	125	0	0	0
MOB_CA_GOLEM	26230	859.640015	180	507.98999	400	300	10	3	4	6	1	0	125	0	0	1	1	125	0	0	0
MOB_CA_GOLEM	26230	1046.79004	188.910004	976.73999	400	300	10	3	4	6	1	0	125	0	0	1	1	125	0	0	0
MOB_CA_GOLEM	26230	1548.29004	247.029999	688.150024	400	300	10	3	4	6	1	0	125	0	0	1	1	125	0	0	0
MOB_CA_GOLEM	26230	1694.97998	180	1474.03003	400	300	10	3	4	6	1	0	125	0	0	1	1	125	0	0	0
MOB_CA_GOLEM	26231	548.419983	206.240005	336.149994	400	300	10	3	4	6	1	0	125	0	0	1	1	125	0	0	0
MOB_CA_GOLEM	26231	664.409973	201.199997	1234.37	400	300	10	3	4	6	1	0	125	0	0	1	1	125	0	0	0
MOB_CA_GOLEM	26231	1282.23999	200.889999	1130.27002	400	300	10	3	4	6	1	0	125	0	0	1	1	125	0	0	0
MOB_CA_GOLEM	26231	1693.47998	183.110001	534.940002	400	300	10	3	4	6	1	0	125	0	0	1	1	125	0	0	0
MOB_CA_GOLEM	26232	128.190002	181.539993	1450.80005	400	300	10	3	4	6	1	0	125	0	0	1	1	125	0	0	0
MOB_CA_GOLEM	26232	575.679993	232.979996	808.859985	400	300	10	3	4	6	1	0	125	0	0	1	1	125	0	0	0
MOB_CA_GOLEM	26232	1001.67999	180	423.48999	400	300	10	3	4	6	1	0	125	0	0	1	1	125	0	0	0
MOB_CA_GOLEM	26485	1110.77002	205.820007	581.440002	400	300	10	3	4	6	1	0	125	0	0	1	1	125	0	0	0
MOB_CA_GOLEM	26485	1135	180	1251.62	400	300	10	3	4	6	1	0	125	0	0	1	1	125	0	0	0
MOB_CA_GOLEM	26485	1534.22998	180	1788.12	400	300	10	3	4	6	1	0	125	0	0	1	1	125	0	0	0
MOB_CA_GOLEM	26485	1593.70996	167.009995	448.850006	400	300	10	3	4	6	1	0	125	0	0	1	1	125	0	0	0
MOB_CA_GOLEM	26485	1858.44995	180	1002.15002	400	300	10	3	4	6	1	0	125	0	0	1	1	125	0	0	0
MOB_CA_GOLEM	26486	332.579987	180	1568.81995	400	300	10	3	4	6	1	0	125	0	0	1	1	125	0	0	0
MOB_CA_GOLEM	26486	504.329987	195.410004	57.0900002	400	300	10	3	4	6	1	0	125	0	0	1	1	125	0	0	0
MOB_CA_GOLEM	26486	747.73999	179.990005	773.869995	400	300	10	3	4	6	1	0	125	0	0	1	1	125	0	0	0
MOB_CA_GOLEM	26486	857.710022	183.470001	1906.13	400	300	10	3	4	6	1	0	125	0	0	1	1	125	0	0	0
MOB_CA_GOLEM	26486	1277.41003	186.639999	1497.57996	400	300	10	3	4	6	1	0	125	0	0	1	1	125	0	0	0
MOB_CA_GOLEM	26486	1386.53003	179.960007	389.720001	400	300	10	3	4	6	1	0	125	0	0	1	1	125	0	0	0
MOB_CA_GOLEM	26486	1620.65002	229.440002	930.219971	400	300	10	3	4	6	1	0	125	0	0	1	1	125	0	0	0
MOB_CA_GOLEM	26487	3.92000008	180	1775.93994	400	300	10	3	4	6	1	0	125	0	0	1	1	125	0	0	0
MOB_CA_GOLEM	26487	94.6399994	183.350006	377.829987	400	300	10	3	4	6	1	0	125	0	0	1	1	125	0	0	0
MOB_CA_GOLEM	26487	247.669998	196.660004	1335.81006	400	300	10	3	4	6	1	0	125	0	0	1	1	125	0	0	0
MOB_CA_GOLEM	26487	609.630005	183.460007	857.659973	400	300	10	3	4	6	1	0	125	0	0	1	1	125	0	0	0
MOB_CA_GOLEM	26487	803.840027	188.839996	1895.42004	400	300	10	3	4	6	1	0	125	0	0	1	1	125	0	0	0
MOB_CA_GOLEM	26487	1248.92004	180	1479.83997	400	300	10	3	4	6	1	0	125	0	0	1	1	125	0	0	0
MOB_CA_GOLEM	26487	1293.67004	158.190002	16.2600002	400	300	10	3	4	6	1	0	125	0	0	1	1	125	0	0	0
MOB_CA_GOLEM	26487	1322.69995	191.100006	833.099976	400	300	10	3	4	6	1	0	125	0	0	1	1	125	0	0	0
MOB_CA_GOLEM	26487	1890.66003	155.570007	1413.06995	400	300	10	3	4	6	1	0	125	0	0	1	1	125	0	0	0
MOB_CA_GOLEM	26488	17.2999992	168.809998	546.390015	400	300	10	3	4	6	1	0	125	0	0	1	1	125	0	0	0
MOB_CA_GOLEM	26488	608.590027	180	1003.52002	400	300	10	3	4	6	1	0	125	0	0	1	1	125	0	0	0
MOB_CA_GOLEM	26488	679.01001	180	178.429993	400	300	10	3	4	6	1	0	125	0	0	1	1	125	0	0	0
MOB_CA_GOLEM	26488	727.400024	181.910004	1797.79004	400	300	10	3	4	6	1	0	125	0	0	1	1	125	0	0	0
MOB_CA_GOLEM	26741	583.72998	202.289993	160.770004	400	300	10	3	4	6	1	0	125	0	0	1	1	125	0	0	0
MOB_CA_GOLEM	26741	630.75	180	1000.90997	400	300	10	3	4	6	1	0	125	0	0	1	1	125	0	0	0
MOB_CA_GOLEM	26741	1011.54999	215.929993	1754.17004	400	300	10	3	4	6	1	0	125	0	0	1	1	125	0	0	0
MOB_CA_GOLEM	26741	1172.52002	201	223.339996	400	300	10	3	4	6	1	0	125	0	0	1	1	125	0	0	0
MOB_CA_GOLEM	26741	1215.93005	196.789993	1302.93994	400	300	10	3	4	6	1	0	125	0	0	1	1	125	0	0	0
MOB_CA_GOLEM	26741	1856.52002	199.300003	1494.29004	400	300	10	3	4	6	1	0	125	0	0	1	1	125	0	0	0
MOB_CA_GOLEM	26742	25.5900002	201.979996	244.130005	400	300	10	3	4	6	1	0	125	0	0	1	1	125	0	0	0
MOB_CA_GOLEM	26742	152.929993	193.380005	691.75	400	300	10	3	4	6	1	0	125	0	0	1	1	125	0	0	0
MOB_CA_GOLEM	26742	760.650024	193.139999	1916.68005	400	300	10	3	4	6	1	0	125	0	0	1	1	125	0	0	0
MOB_CA_GOLEM	26742	1012.37	226.270004	491.380005	400	300	10	3	4	6	1	0	125	0	0	1	1	125	0	0	0
MOB_CA_GOLEM	26742	1070.56995	191.910004	1113.05005	400	300	10	3	4	6	1	0	125	0	0	1	1	125	0	0	0
MOB_CA_GOLEM	26742	1624	214.759995	1328.72998	400	300	10	3	4	6	1	0	125	0	0	1	1	125	0	0	0
MOB_CA_GOLEM	26742	1795.23999	185.729996	515.880005	400	300	10	3	4	6	1	0	125	0	0	1	1	125	0	0	0
MOB_CA_GOLEM	26743	546.320007	335.179993	1362.94995	400	300	10	3	4	6	1	0	125	0	0	1	1	125	0	0	0
MOB_CA_GOLEM	26743	723.25	207.589996	586.530029	400	300	10	3	4	6	1	0	125	0	0	1	1	125	0	0	0
MOB_CA_GOLEM	26743	1396.17004	262.119995	740.210022	400	300	10	3	4	6	1	0	125	0	0	1	1	125	0	0	0
MOB_CA_GOLEM	26743	1655.53003	353.529999	1158.33997	400	300	10	3	4	6	1	0	125	0	0	1	1	125	0	0	0
MOB_CA_GOLEM	26743	1729.66003	390.540009	1881.96997	400	300	10	3	4	6	1	0	125	0	0	1	1	125	0	0	0
MOB_CA_GOLEM	26744	172.860001	210.509995	166.190002	400	300	10	3	4	6	1	0	125	0	0	1	1	125	0	0	0
MOB_CA_GOLEM	26744	299.320007	267.670013	858.840027	400	300	10	3	4	6	1	0	125	0	0	1	1	125	0	0	0
MOB_CA_GOLEM	26744	305.25	431.549988	1756.62	400	300	10	3	4	6	1	0	125	0	0	1	1	125	0	0	0
MOB_CA_GOLEM	26744	510.859985	447.519989	1390.82996	400	300	10	3	4	6	1	0	125	0	0	1	1	125	0	0	0
MOB_CA_GOLEM	26997	1547.73999	191.570007	1278.20996	400	300	10	3	4	6	1	0	125	0	0	1	1	125	0	0	0
MOB_CA_GOLEM	26998	373.450012	353.119995	1588.89001	400	300	10	3	4	6	1	0	125	0	0	1	1	125	0	0	0
MOB_CA_GOLEM	26998	685.219971	292.929993	610.619995	400	300	10	3	4	6	1	0	125	0	0	1	1	125	0	0	0
MOB_CA_GOLEM	26998	901.630005	463.5	1284.5	400	300	10	3	4	6	1	0	125	0	0	1	1	125	0	0	0
MOB_CA_GOLEM	26998	1335.54004	320.26001	213.300003	400	300	10	3	4	6	1	0	125	0	0	1	1	125	0	0	0
MOB_CA_GOLEM	26998	1587.45996	437.470001	716.280029	400	300	10	3	4	6	1	0	125	0	0	1	1	125	0	0	0
MOB_CA_GOLEM	26998	1790.53003	477.089996	1326.82996	400	300	10	3	4	6	1	0	125	0	0	1	1	125	0	0	0
MOB_CA_GOLEM	26999	315.230011	386.660004	117.93	400	300	10	3	4	6	1	0	125	0	0	1	1	125	0	0	0
MOB_CA_GOLEM	26999	567.299988	477.820007	1031.97998	400	300	10	3	4	6	1	0	125	0	0	1	1	125	0	0	0
MOB_CA_GOLEM	26999	591.01001	531.640015	1716.97998	400	300	10	3	4	6	1	0	125	0	0	1	1	125	0	0	0
MOB_CA_GOLEM	26999	872.900024	482.269989	855.590027	400	300	10	3	4	6	1	0	125	0	0	1	1	125	0	0	0
MOB_CA_GOLEM	26999	1073.65002	410.040009	126.800003	400	300	10	3	4	6	1	0	125	0	0	1	1	125	0	0	0
MOB_CA_GOLEM	26999	1323.93994	559.5	1432.31995	400	300	10	3	4	6	1	0	125	0	0	1	1	125	0	0	0
MOB_CA_GOLEM	26999	1552.91003	471.230011	681.119995	400	300	10	3	4	6	1	0	125	0	0	1	1	125	0	0	0
MOB_CA_GOLEM	27000	39.1599998	588.900024	1283.98999	400	300	10	3	4	6	1	0	125	0	0	1	1	125	0	0	0
MOB_CA_GOLEM	27000	188.279999	587.080017	1844.98999	400	300	10	3	4	6	1	0	125	0	0	1	1	125	0	0	0
MOB_CA_GOLEM	27000	416.339996	530.109985	754.820007	400	300	10	3	4	6	1	0	125	0	0	1	1	125	0	0	0
MOB_CA_GOLEM	27254	211.660004	283.190002	402.829987	400	300	10	3	4	6	1	0	125	0	0	1	1	125	0	0	0
MOB_CA_GOLEM	27254	646.960022	387.179993	739.190002	400	300	10	3	4	6	1	0	125	0	0	1	1	125	0	0	0
MOB_CA_GOLEM	27254	1110.96997	557.320007	1204.21997	400	300	10	3	4	6	1	0	125	0	0	1	1	125	0	0	0
MOB_CA_GOLEM	27254	1130.92004	485.890015	289.529999	400	300	10	3	4	6	1	0	125	0	0	1	1	125	0	0	0
MOB_CA_GOLEM	27254	1525.07996	688.070007	496.660004	400	300	10	3	4	6	1	0	125	0	0	1	1	125	0	0	0
MOB_CA_GOLEM	27254	1620.55005	548.609985	1754.51001	400	300	10	3	4	6	1	0	125	0	0	1	1	125	0	0	0
MOB_CA_GOLEM	27254	1790.40002	613.429993	1119.43005	400	300	10	3	4	6	1	0	125	0	0	1	1	125	0	0	0
MOB_CA_GOLEM	27255	487.029999	533.150024	691.98999	400	300	10	3	4	6	1	0	125	0	0	1	1	125	0	0	0
MOB_CA_GOLEM	27255	1078.95996	539.330017	120.699997	400	300	10	3	4	6	1	0	125	0	0	1	1	125	0	0	0
MOB_CA_GOLEM	27255	1138.17004	684.080017	1396.81995	400	300	10	3	4	6	1	0	125	0	0	1	1	125	0	0	0
MOB_CA_GOLEM	27255	1442.85999	685.099976	799.440002	400	300	10	3	4	6	1	0	125	0	0	1	1	125	0	0	0
MOB_CA_GOLEM	27255	1701.47998	687.969971	867.570007	400	300	10	3	4	6	1	0	125	0	0	1	1	125	0	0	0
MOB_CA_GOLEM	27255	1737.5	736.330017	1411.17004	400	300	10	3	4	6	1	0	125	0	0	1	1	125	0	0	0
MOB_CA_GOLEM	27255	1846.81006	604.349976	242	400	300	10	3	4	6	1	0	125	0	0	1	1	125	0	0	0
MOB_CA_GOLEM	27256	280.660004	658.169983	779.549988	400	300	10	3	4	6	1	0	125	0	0	1	1	125	0	0	0
MOB_CA_GOLEM	27256	579.960022	778.02002	1389.13	400	300	10	3	4	6	1	0	125	0	0	1	1	125	0	0	0
MOB_CA_GOLEM	27510	1102.35999	241.839996	303.350006	400	300	10	3	4	6	1	0	125	0	0	1	1	125	0	0	0
MOB_CA_GOLEM_CLON	26228	1822.68005	180	51.3199997	300	250	10	3	5	4	1	1	125	0	0	1	1	125	0	0	0
MOB_CA_GOLEM_CLON	26229	367.089996	180.699997	630.859985	300	250	10	3	5	4	1	1	125	0	0	1	1	125	0	0	0
MOB_CA_GOLEM_CLON	26229	782.929993	187.820007	25.1399994	300	250	10	3	5	4	1	1	125	0	0	1	1	125	0	0	0
MOB_CA_GOLEM_CLON	26229	1158.79004	207	707.659973	300	250	10	3	5	4	1	1	125	0	0	1	1	125	0	0	0
MOB_CA_GOLEM_CLON	26229	1475.53003	202.630005	1868.42004	300	250	10	3	5	4	1	1	125	0	0	1	1	125	0	0	0
MOB_CA_GOLEM_CLON	26229	1570.67004	197.860001	1258.26001	300	250	10	3	5	4	1	1	125	0	0	1	1	125	0	0	0
MOB_CA_GOLEM_CLON	26229	1652.55005	196.539993	87.0999985	300	250	10	3	5	4	1	1	125	0	0	1	1	125	0	0	0
MOB_CA_GOLEM_CLON	26229	1821.91003	210.949997	701.099976	300	250	10	3	5	4	1	1	125	0	0	1	1	125	0	0	0
MOB_CA_GOLEM_CLON	26230	236.330002	202.800003	1610.68994	300	250	10	3	5	4	1	1	125	0	0	1	1	125	0	0	0
MOB_CA_GOLEM_CLON	26230	500.820007	180	211.009995	300	250	10	3	5	4	1	1	125	0	0	1	1	125	0	0	0
MOB_CA_GOLEM_CLON	26230	549.609985	194.309998	895.429993	300	250	10	3	5	4	1	1	125	0	0	1	1	125	0	0	0
MOB_CA_GOLEM_CLON	26230	932.789978	191.570007	1551.44995	300	250	10	3	5	4	1	1	125	0	0	1	1	125	0	0	0
MOB_CA_GOLEM_CLON	26230	1226.84998	185.649994	419.450012	300	250	10	3	5	4	1	1	125	0	0	1	1	125	0	0	0
MOB_CA_GOLEM_CLON	26230	1486.29004	201.5	1090.18005	300	250	10	3	5	4	1	1	125	0	0	1	1	125	0	0	0
MOB_CA_GOLEM_CLON	26231	42.7999992	206.309998	507.630005	300	250	10	3	5	4	1	1	125	0	0	1	1	125	0	0	0
MOB_CA_GOLEM_CLON	26231	279.829987	183.289993	1405.51001	300	250	10	3	5	4	1	1	125	0	0	1	1	125	0	0	0
MOB_CA_GOLEM_CLON	26231	759.280029	206.270004	797.73999	300	250	10	3	5	4	1	1	125	0	0	1	1	125	0	0	0
MOB_CA_GOLEM_CLON	26231	1031.25	178.190002	1569.56006	300	250	10	3	5	4	1	1	125	0	0	1	1	125	0	0	0
MOB_CA_GOLEM_CLON	26231	1109.14001	183.520004	210.669998	300	250	10	3	5	4	1	1	125	0	0	1	1	125	0	0	0
MOB_CA_GOLEM_CLON	26231	1658.14001	183.850006	1507.33997	300	250	10	3	5	4	1	1	125	0	0	1	1	125	0	0	0
MOB_CA_GOLEM_CLON	26232	79.2799988	218.899994	883.109985	300	250	10	3	5	4	1	1	125	0	0	1	1	125	0	0	0
MOB_CA_GOLEM_CLON	26232	489.609985	182.860001	1629.42004	300	250	10	3	5	4	1	1	125	0	0	1	1	125	0	0	0
MOB_CA_GOLEM_CLON	26232	516.299988	202.160004	336.549988	300	250	10	3	5	4	1	1	125	0	0	1	1	125	0	0	0
MOB_CA_GOLEM_CLON	26232	1015.71002	180	988.289978	300	250	10	3	5	4	1	1	125	0	0	1	1	125	0	0	0
MOB_CA_GOLEM_CLON	26232	1421.81006	180	364.049988	300	250	10	3	5	4	1	1	125	0	0	1	1	125	0	0	0
MOB_CA_GOLEM_CLON	26485	625.090027	179.990005	1046.18994	300	250	10	3	5	4	1	1	125	0	0	1	1	125	0	0	0
MOB_CA_GOLEM_CLON	26485	1081.39001	186.460007	1744.98999	300	250	10	3	5	4	1	1	125	0	0	1	1	125	0	0	0
MOB_CA_GOLEM_CLON	26485	1361.84998	180	843.299988	300	250	10	3	5	4	1	1	125	0	0	1	1	125	0	0	0
MOB_CA_GOLEM_CLON	26485	1857.77002	180	1511.75	300	250	10	3	5	4	1	1	125	0	0	1	1	125	0	0	0
MOB_CA_GOLEM_CLON	26486	109.610001	183.759995	361.279999	300	250	10	3	5	4	1	1	125	0	0	1	1	125	0	0	0
MOB_CA_GOLEM_CLON	26486	354.640015	180	878.599976	300	250	10	3	5	4	1	1	125	0	0	1	1	125	0	0	0
MOB_CA_GOLEM_CLON	26486	800.820007	188.460007	1311.95996	300	250	10	3	5	4	1	1	125	0	0	1	1	125	0	0	0
MOB_CA_GOLEM_CLON	26486	944.549988	172.529999	311.450012	300	250	10	3	5	4	1	1	125	0	0	1	1	125	0	0	0
MOB_CA_GOLEM_CLON	26486	1272.14001	208.149994	776.02002	300	250	10	3	5	4	1	1	125	0	0	1	1	125	0	0	0
MOB_CA_GOLEM_CLON	26486	1651.44995	200.759995	1318.93994	300	250	10	3	5	4	1	1	125	0	0	1	1	125	0	0	0
MOB_CA_GOLEM_CLON	26486	1711.10999	174.210007	66.4100037	300	250	10	3	5	4	1	1	125	0	0	1	1	125	0	0	0
MOB_CA_GOLEM_CLON	26487	40.3199997	219.960007	802.640015	300	250	10	3	5	4	1	1	125	0	0	1	1	125	0	0	0
MOB_CA_GOLEM_CLON	26487	593.880005	202.259995	152.639999	300	250	10	3	5	4	1	1	125	0	0	1	1	125	0	0	0
MOB_CA_GOLEM_CLON	26487	685.200012	180	1390.08997	300	250	10	3	5	4	1	1	125	0	0	1	1	125	0	0	0
MOB_CA_GOLEM_CLON	26487	1017.25	183.419998	675.23999	300	250	10	3	5	4	1	1	125	0	0	1	1	125	0	0	0
MOB_CA_GOLEM_CLON	26487	1565.09998	180	284.829987	300	250	10	3	5	4	1	1	125	0	0	1	1	125	0	0	0
MOB_CA_GOLEM_CLON	26487	1680.76001	180	1041.35999	300	250	10	3	5	4	1	1	125	0	0	1	1	125	0	0	0
MOB_CA_GOLEM_CLON	26487	1731.44995	167.479996	1828.52002	300	250	10	3	5	4	1	1	125	0	0	1	1	125	0	0	0
MOB_CA_GOLEM_CLON	26488	408.359985	194.889999	448.940002	300	250	10	3	5	4	1	1	125	0	0	1	1	125	0	0	0
MOB_CA_GOLEM_CLON	26488	524.700012	184.660004	1373.70996	300	250	10	3	5	4	1	1	125	0	0	1	1	125	0	0	0
MOB_CA_GOLEM_CLON	26488	1032.34998	180	817.780029	300	250	10	3	5	4	1	1	125	0	0	1	1	125	0	0	0
MOB_CA_GOLEM_CLON	26488	1127.43994	180	1546.20996	300	250	10	3	5	4	1	1	125	0	0	1	1	125	0	0	0
MOB_CA_GOLEM_CLON	26741	550.72998	196.949997	1533.27002	300	250	10	3	5	4	1	1	125	0	0	1	1	125	0	0	0
MOB_CA_GOLEM_CLON	26741	902.109985	197.610001	632.919983	300	250	10	3	5	4	1	1	125	0	0	1	1	125	0	0	0
MOB_CA_GOLEM_CLON	26741	1426.73999	266.320007	1822.07996	300	250	10	3	5	4	1	1	125	0	0	1	1	125	0	0	0
MOB_CA_GOLEM_CLON	26741	1554.27002	202.350006	364.649994	300	250	10	3	5	4	1	1	125	0	0	1	1	125	0	0	0
MOB_CA_GOLEM_CLON	26741	1623.41003	200.330002	1084.68005	300	250	10	3	5	4	1	1	125	0	0	1	1	125	0	0	0
MOB_CA_GOLEM_CLON	26742	356.910004	180	1678.47998	300	250	10	3	5	4	1	1	125	0	0	1	1	125	0	0	0
MOB_CA_GOLEM_CLON	26742	482.140015	180	136.479996	300	250	10	3	5	4	1	1	125	0	0	1	1	125	0	0	0
MOB_CA_GOLEM_CLON	26742	594.109985	199.169998	996.950012	300	250	10	3	5	4	1	1	125	0	0	1	1	125	0	0	0
MOB_CA_GOLEM_CLON	26742	1112.82996	190.419998	1612.20996	300	250	10	3	5	4	1	1	125	0	0	1	1	125	0	0	0
MOB_CA_GOLEM_CLON	26742	1361.53003	224.210007	19.2999992	300	250	10	3	5	4	1	1	125	0	0	1	1	125	0	0	0
MOB_CA_GOLEM_CLON	26742	1437.80005	180	863.690002	300	250	10	3	5	4	1	1	125	0	0	1	1	125	0	0	0
MOB_CA_GOLEM_CLON	26743	1.29999995	327.149994	1552.15002	300	250	10	3	5	4	1	1	125	0	0	1	1	125	0	0	0
MOB_CA_GOLEM_CLON	26743	285	200.690002	193.880005	300	250	10	3	5	4	1	1	125	0	0	1	1	125	0	0	0
MOB_CA_GOLEM_CLON	26743	382.899994	269.290009	903.630005	300	250	10	3	5	4	1	1	125	0	0	1	1	125	0	0	0
MOB_CA_GOLEM_CLON	26743	702.830017	375.190002	1725.29004	300	250	10	3	5	4	1	1	125	0	0	1	1	125	0	0	0
MOB_CA_GOLEM_CLON	26743	1029.65002	302.25	1015.66998	300	250	10	3	5	4	1	1	125	0	0	1	1	125	0	0	0
MOB_CA_GOLEM_CLON	26743	1111.58997	218.839996	277.76001	300	250	10	3	5	4	1	1	125	0	0	1	1	125	0	0	0
MOB_CA_GOLEM_CLON	26743	1462.91003	395.320007	1541.15002	300	250	10	3	5	4	1	1	125	0	0	1	1	125	0	0	0
MOB_CA_GOLEM_CLON	26743	1804.54004	279.440002	644.049988	300	250	10	3	5	4	1	1	125	0	0	1	1	125	0	0	0
MOB_CA_GOLEM_CLON	26744	160.25	488.359985	1342.23999	300	250	10	3	5	4	1	1	125	0	0	1	1	125	0	0	0
MOB_CA_GOLEM_CLON	26744	592.820007	180	248.369995	300	250	10	3	5	4	1	1	125	0	0	1	1	125	0	0	0
MOB_CA_GOLEM_CLON	26744	739.820007	483.040009	1669.34998	300	250	10	3	5	4	1	1	125	0	0	1	1	125	0	0	0
MOB_CA_GOLEM_CLON	26744	755.039978	309.329987	1036.93005	300	250	10	3	5	4	1	1	125	0	0	1	1	125	0	0	0
MOB_CA_GOLEM_CLON	26997	909.059998	241.220001	350.75	300	250	10	3	5	4	1	1	125	0	0	1	1	125	0	0	0
MOB_CA_GOLEM_CLON	26997	1346.62	197.529999	818.01001	300	250	10	3	5	4	1	1	125	0	0	1	1	125	0	0	0
MOB_CA_GOLEM_CLON	26997	1763.47998	258.429993	1846.88	300	250	10	3	5	4	1	1	125	0	0	1	1	125	0	0	0
MOB_CA_GOLEM_CLON	26997	1912.81995	235.360001	1153.42004	300	250	10	3	5	4	1	1	125	0	0	1	1	125	0	0	0
MOB_CA_GOLEM_CLON	26998	254.940002	211.559998	477.899994	300	250	10	3	5	4	1	1	125	0	0	1	1	125	0	0	0
MOB_CA_GOLEM_CLON	26998	617.76001	344.829987	977.070007	300	250	10	3	5	4	1	1	125	0	0	1	1	125	0	0	0
MOB_CA_GOLEM_CLON	26998	804.320007	421.880005	1726.33997	300	250	10	3	5	4	1	1	125	0	0	1	1	125	0	0	0
MOB_CA_GOLEM_CLON	26998	1085.92004	357.100006	521.880005	300	250	10	3	5	4	1	1	125	0	0	1	1	125	0	0	0
MOB_CA_GOLEM_CLON	26998	1403.82996	473.950012	1087.01001	300	250	10	3	5	4	1	1	125	0	0	1	1	125	0	0	0
MOB_CA_GOLEM_CLON	26998	1442.59998	474.549988	1805.40002	300	250	10	3	5	4	1	1	125	0	0	1	1	125	0	0	0
MOB_CA_GOLEM_CLON	26998	1764.94995	374.480011	263.910004	300	250	10	3	5	4	1	1	125	0	0	1	1	125	0	0	0
MOB_CA_GOLEM_CLON	26999	77.4000015	448.890015	856.159973	300	250	10	3	5	4	1	1	125	0	0	1	1	125	0	0	0
MOB_CA_GOLEM_CLON	26999	150.080002	514.070007	1580.78003	300	250	10	3	5	4	1	1	125	0	0	1	1	125	0	0	0
MOB_CA_GOLEM_CLON	26999	625.830017	499.209991	1209.18994	300	250	10	3	5	4	1	1	125	0	0	1	1	125	0	0	0
MOB_CA_GOLEM_CLON	26999	746.909973	446.579987	446.649994	300	250	10	3	5	4	1	1	125	0	0	1	1	125	0	0	0
MOB_CA_GOLEM_CLON	26999	993.200012	536.059998	1671.13	300	250	10	3	5	4	1	1	125	0	0	1	1	125	0	0	0
MOB_CA_GOLEM_CLON	26999	1248.55005	454.660004	1050.68994	300	250	10	3	5	4	1	1	125	0	0	1	1	125	0	0	0
MOB_CA_GOLEM_CLON	26999	1467.81006	432.440002	303.309998	300	250	10	3	5	4	1	1	125	0	0	1	1	125	0	0	0
MOB_CA_GOLEM_CLON	26999	1676.56006	605.130005	1586.79004	300	250	10	3	5	4	1	1	125	0	0	1	1	125	0	0	0
MOB_CA_GOLEM_CLON	27000	12.8299999	567.75	851.01001	300	250	10	3	5	4	1	1	125	0	0	1	1	125	0	0	0
MOB_CA_GOLEM_CLON	27000	342.149994	428.299988	276.51001	300	250	10	3	5	4	1	1	125	0	0	1	1	125	0	0	0
MOB_CA_GOLEM_CLON	27000	426.320007	596.539978	1340.62	300	250	10	3	5	4	1	1	125	0	0	1	1	125	0	0	0
MOB_CA_GOLEM_CLON	27000	757.599976	578.099976	729.960022	300	250	10	3	5	4	1	1	125	0	0	1	1	125	0	0	0
MOB_CA_GOLEM_CLON	27000	837.679993	605.039978	1115.65002	250	150	10	3	5	4	1	1	125	0	0	1	1	125	0	0	0
MOB_CA_GOLEM_CLON	27254	350.98999	274.910004	1001.29999	300	250	10	3	5	4	1	1	125	0	0	1	1	125	0	0	0
MOB_CA_GOLEM_CLON	27254	553.409973	364.040009	378.589996	300	250	10	3	5	4	1	1	125	0	0	1	1	125	0	0	0
MOB_CA_GOLEM_CLON	27254	725.570007	340.089996	1511.12	300	250	10	3	5	4	1	1	125	0	0	1	1	125	0	0	0
MOB_CA_GOLEM_CLON	27254	979.789978	584.109985	831.690002	300	250	10	3	5	4	1	1	125	0	0	1	1	125	0	0	0
MOB_CA_GOLEM_CLON	27254	1310.67004	426.380005	1813.45996	300	250	10	3	5	4	1	1	125	0	0	1	1	125	0	0	0
MOB_CA_GOLEM_CLON	27254	1449.90002	608.609985	1162.01001	300	250	10	3	5	4	1	1	125	0	0	1	1	125	0	0	0
MOB_CA_GOLEM_CLON	27254	1501.57996	706.190002	521.280029	300	250	10	3	5	4	1	1	125	0	0	1	1	125	0	0	0
MOB_CA_GOLEM_CLON	27254	1896.16003	625.080017	1502.82996	300	250	10	3	5	4	1	1	125	0	0	1	1	125	0	0	0
MOB_CA_GOLEM_CLON	27255	51.2299995	612.22998	836.929993	300	250	10	3	5	4	1	1	125	0	0	1	1	125	0	0	0
MOB_CA_GOLEM_CLON	27255	188.990005	526.909973	220.960007	300	250	10	3	5	4	1	1	125	0	0	1	1	125	0	0	0
MOB_CA_GOLEM_CLON	27255	428.420013	720.849976	1853.91003	300	250	10	3	5	4	1	1	125	0	0	1	1	125	0	0	0
MOB_CA_GOLEM_CLON	27255	451.100006	590.76001	1100.18994	300	250	10	3	5	4	1	1	125	0	0	1	1	125	0	0	0
MOB_CA_GOLEM_CLON	27255	747.659973	659.5	1441.31995	300	250	10	3	5	4	1	1	125	0	0	1	1	125	0	0	0
MOB_CA_GOLEM_CLON	27255	756.320007	558.179993	388.690002	300	250	10	3	5	4	1	1	125	0	0	1	1	125	0	0	0
MOB_CA_GOLEM_CLON	27255	1044.38	648.719971	929.559998	300	250	10	3	5	4	1	1	125	0	0	1	1	125	0	0	0
MOB_CA_GOLEM_CLON	27255	1176.31995	726.849976	1745.64001	300	250	10	3	5	4	1	1	125	0	0	1	1	125	0	0	0
MOB_CA_GOLEM_CLON	27255	1371.35999	608.840027	393.149994	300	250	10	3	5	4	1	1	125	0	0	1	1	125	0	0	0
MOB_CA_GOLEM_CLON	27255	1436.18005	689.5	1275.65002	300	250	10	3	5	4	1	1	125	0	0	1	1	125	0	0	0
MOB_CA_GOLEM_CLON	27255	1788.82996	756.700012	1770.66003	300	250	10	3	5	4	1	1	125	0	0	1	1	125	0	0	0
MOB_CA_GOLEM_CLON	27255	1825.97998	692.02002	773.880005	300	250	10	3	5	4	1	1	125	0	0	1	1	125	0	0	0
MOB_CA_GOLEM_CLON	27256	168.039993	767.929993	1282.55005	300	250	10	3	5	4	1	1	125	0	0	1	1	125	0	0	0
MOB_CA_GOLEM_CLON	27256	386.209991	594.909973	238.789993	300	250	10	3	5	4	1	1	125	0	0	1	1	125	0	0	0
MOB_CA_GOLEM_CLON	27256	661.890015	782.969971	856.599976	300	250	10	3	5	4	1	1	125	0	0	1	1	125	0	0	0
MOB_CA_GOLEM_CLON	27256	737.820007	641.969971	525.969971	250	150	10	3	5	4	1	1	125	0	0	1	1	125	0	0	0
MOB_CA_GOLEM_CLON	27256	888.460022	858.070007	1835.45996	300	250	10	3	5	4	1	1	125	0	0	1	1	125	0	0	0
MOB_CA_GOLEM_CLON	27256	1061.31995	779.77002	1282.20996	300	250	10	3	5	4	1	1	125	0	0	1	1	125	0	0	0
MOB_CA_GOLEM_CLON	27510	784.780029	206.369995	143.630005	300	250	10	3	5	4	1	1	125	0	0	1	1	125	0	0	0
MOB_CA_GOLEM_CLON	27510	1186.32996	311.359985	686.330017	300	250	10	3	5	4	1	1	125	0	0	1	1	125	0	0	0
MOB_CA_GOLEM_CLON	27510	1835.23999	627.280029	114.510002	300	250	10	3	5	4	1	1	125	0	0	1	1	125	0	0	0
MOB_CA_HUNARCHER	25969	1152.92004	197.240005	1895.10999	400	300	10	3	3	6	1	1	100	0	0	1	1	100	0	0	0
MOB_CA_HUNARCHER	26223	1794.10999	182.169998	881.109985	400	300	10	3	3	6	1	1	100	0	0	1	1	100	0	0	0
MOB_CA_HUNARCHER	26224	131.789993	154.880005	1567.09998	400	300	10	3	3	6	1	1	100	0	0	1	1	100	0	0	0
MOB_CA_HUNARCHER	26224	200.25	180	413.920013	400	300	10	3	3	6	1	1	100	0	0	1	1	100	0	0	0
MOB_CA_HUNARCHER	26224	619.090027	180	932.369995	400	300	10	3	3	6	1	1	100	0	0	1	1	100	0	0	0
MOB_CA_HUNARCHER	26224	906.340027	207.179993	389.230011	400	300	10	3	3	6	1	1	100	0	0	1	1	100	0	0	0
MOB_CA_HUNARCHER	26224	928.390015	153.009995	1430.38	400	300	10	3	3	6	1	1	100	0	0	1	1	100	0	0	0
MOB_CA_HUNARCHER	26224	1228.73999	180	936.179993	400	300	10	3	3	6	1	1	100	0	0	1	1	100	0	0	0
MOB_CA_HUNARCHER	26224	1590.51001	222.600006	418.839996	400	300	10	3	3	6	1	1	100	0	0	1	1	100	0	0	0
MOB_CA_HUNARCHER	26224	1657.38	160.199997	1477.29004	400	300	10	3	3	6	1	1	100	0	0	1	1	100	0	0	0
MOB_CA_HUNARCHER	26225	11.4700003	198.940002	986.77002	400	300	10	3	3	6	1	1	100	0	0	1	1	100	0	0	0
MOB_CA_HUNARCHER	26225	312.859985	183.339996	1492.67004	400	300	10	3	3	6	1	1	100	0	0	1	1	100	0	0	0
MOB_CA_HUNARCHER	26225	313.029999	237.5	473.149994	400	300	10	3	3	6	1	1	100	0	0	1	1	100	0	0	0
MOB_CA_HUNARCHER	26225	673.390015	194.369995	1029.54004	400	300	10	3	3	6	1	1	100	0	0	1	1	100	0	0	0
MOB_CA_HUNARCHER	26225	954.159973	235.429993	519.22998	400	300	10	3	3	6	1	1	100	0	0	1	1	100	0	0	0
MOB_CA_HUNARCHER	26225	999.48999	222.710007	1682.45996	400	300	10	3	3	6	1	1	100	0	0	1	1	100	0	0	0
MOB_CA_HUNARCHER	26225	1323.01001	247.429993	1040.39001	400	300	10	3	3	6	1	1	100	0	0	1	1	100	0	0	0
MOB_CA_HUNARCHER	26225	1624.18005	267.470001	403.690002	400	300	10	3	3	6	1	1	100	0	0	1	1	100	0	0	0
MOB_CA_HUNARCHER	26225	1773.81995	237.809998	1509.81995	400	300	10	3	3	6	1	1	100	0	0	1	1	100	0	0	0
MOB_CA_HUNARCHER	26226	84.2200012	216.399994	926.059998	400	300	10	3	3	6	1	1	100	0	0	1	1	100	0	0	0
MOB_CA_HUNARCHER	26226	367.089996	226.389999	208.570007	400	300	10	3	3	6	1	1	100	0	0	1	1	100	0	0	0
MOB_CA_HUNARCHER	26226	522.349976	183.889999	1429.98999	400	300	10	3	3	6	1	1	100	0	0	1	1	100	0	0	0
MOB_CA_HUNARCHER	26226	873.219971	203.169998	623.409973	400	300	10	3	3	6	1	1	100	0	0	1	1	100	0	0	0
MOB_CA_HUNARCHER	26226	1244.94995	178.169998	1451.32996	400	300	10	3	3	6	1	1	100	0	0	1	1	100	0	0	0
MOB_CA_HUNARCHER	26226	1347.02002	184.639999	113.169998	400	300	10	3	3	6	1	1	100	0	0	1	1	100	0	0	0
MOB_CA_HUNARCHER	26226	1693.13	180	721.609985	400	300	10	3	3	6	1	1	100	0	0	1	1	100	0	0	0
MOB_CA_HUNARCHER	26227	41.9900017	175.440002	1261.60999	400	300	10	3	3	6	1	1	100	0	0	1	1	100	0	0	0
MOB_CA_HUNARCHER	26227	254.470001	141.169998	1800.5	400	300	10	3	3	6	1	1	100	0	0	1	1	100	0	0	0
MOB_CA_HUNARCHER	26227	377.089996	180	246.160004	400	300	10	3	3	6	1	1	100	0	0	1	1	100	0	0	0
MOB_CA_HUNARCHER	26227	527.469971	188.389999	888.590027	400	300	10	3	3	6	1	1	100	0	0	1	1	100	0	0	0
MOB_CA_HUNARCHER	26227	795.5	198.470001	1579.46997	400	300	10	3	3	6	1	1	100	0	0	1	1	100	0	0	0
MOB_CA_HUNARCHER	26227	1045.68994	245.539993	433.209991	400	300	10	3	3	6	1	1	100	0	0	1	1	100	0	0	0
MOB_CA_HUNARCHER	26227	1217.55005	263.98999	1052.5	400	300	10	3	3	6	1	1	100	0	0	1	1	100	0	0	0
MOB_CA_HUNARCHER	26227	1748.29004	265.98999	626.5	400	300	10	3	3	6	1	1	100	0	0	1	1	100	0	0	0
MOB_CA_HUNARCHER	26227	1769.57996	170.410004	1710.30005	400	300	10	3	3	6	1	1	100	0	0	1	1	100	0	0	0
MOB_CA_HUNARCHER	26228	367.359985	221.570007	1236.33997	400	300	10	3	3	6	1	1	100	0	0	1	1	100	0	0	0
MOB_CA_HUNARCHER	26228	595.799988	209.360001	569.119995	400	300	10	3	3	6	1	1	100	0	0	1	1	100	0	0	0
MOB_CA_HUNARCHER	26228	1013.28003	200.389999	1222.97998	400	300	10	3	3	6	1	1	100	0	0	1	1	100	0	0	0
MOB_CA_HUNARCHER	26480	76.3600006	236.789993	909.27002	400	300	10	3	3	4	1	1	100	0	0	1	1	100	0	0	0
MOB_CA_HUNARCHER	26480	421.690002	180	1445.79004	400	300	10	3	3	4	1	1	100	0	0	1	1	100	0	0	0
MOB_CA_HUNARCHER	26480	571.679993	180	1870.04004	200	100	10	3	3	4	1	1	100	0	0	1	1	100	0	0	0
MOB_CA_HUNARCHER	26480	605.650024	127.559998	282.230011	400	300	10	3	3	4	1	1	100	0	0	1	1	100	0	0	0
MOB_CA_HUNARCHER	26480	868.630005	227.479996	957.130005	400	300	10	3	3	4	1	1	100	0	0	1	1	100	0	0	0
MOB_CA_HUNARCHER	26480	909.099976	198.570007	1706.93005	400	300	10	3	3	4	1	1	100	0	0	1	1	100	0	0	0
MOB_CA_HUNARCHER	26480	1397.96997	138.479996	175.669998	400	300	10	3	3	4	1	1	100	0	0	1	1	100	0	0	0
MOB_CA_HUNARCHER	26480	1473.96997	191.369995	810.940002	400	300	10	3	3	4	1	1	100	0	0	1	1	100	0	0	0
MOB_CA_HUNARCHER	26480	1476.15002	251.009995	1608.83997	400	300	10	3	3	4	1	1	100	0	0	1	1	100	0	0	0
MOB_CA_HUNARCHER	26481	246.259995	198.270004	96.8099976	400	300	10	3	3	4	1	1	100	0	0	1	1	100	0	0	0
MOB_CA_HUNARCHER	26481	1479.20996	235.130005	106.019997	400	300	10	3	3	6	1	1	100	0	0	1	1	100	0	0	0
MOB_CA_HUNARCHER	26482	268.970001	236.369995	100.690002	400	300	10	3	3	6	1	1	100	0	0	1	1	100	0	0	0
MOB_CA_HUNARCHER	26482	998.97998	155.949997	43.0499992	400	300	10	3	3	6	1	1	100	0	0	1	1	100	0	0	0
MOB_CA_HUNARCHER	26483	1062.52002	143.119995	253.429993	400	300	10	3	3	6	1	1	100	0	0	1	1	100	0	0	0
MOB_CA_HUNARCHER	26736	654.960022	180	563.390015	200	100	10	3	3	4	1	1	100	0	0	1	1	100	0	0	0
MOB_CA_HUNARCHER	26736	716.73999	217.520004	1263.67004	200	100	10	3	3	4	1	1	100	0	0	1	1	100	0	0	0
MOB_CA_HUNARCHER	26736	864.98999	260.899994	1765.07996	400	300	10	3	3	4	1	1	100	0	0	1	1	100	0	0	0
MOB_CA_HUNARCHER	26736	947.900024	180	843.840027	400	300	10	3	3	4	1	1	100	0	0	1	1	100	0	0	0
MOB_CA_HUNARCHER	26736	1051.41003	180.360001	368.100006	400	300	10	3	3	4	1	1	100	0	0	1	1	100	0	0	0
MOB_CA_HUNARCHER	26736	1217.87	188.350006	1147.48999	400	300	10	3	3	4	1	1	100	0	0	1	1	100	0	0	0
MOB_CA_HUNARCHER	26736	1612.54004	181.100006	1571.5	400	300	10	3	3	4	1	1	100	0	0	1	1	100	0	0	0
MOB_CA_HUNARCHER	26736	1647.22998	211.210007	231.970001	400	300	10	3	3	4	1	1	100	0	0	1	1	100	0	0	0
MOB_CA_HUNARCHER	26737	84.5800018	220.960007	885.640015	400	300	10	3	3	4	1	1	100	0	0	1	1	100	0	0	0
MOB_CA_HUNARCHER	26737	216.729996	204.75	1470.59998	400	300	10	3	3	4	1	1	100	0	0	1	1	100	0	0	0
MOB_CA_HUNARCHER	26737	257.380005	183.690002	20.8600006	400	300	10	3	3	4	1	1	100	0	0	1	1	100	0	0	0
MOB_CA_HUNARCHER	26737	635.369995	180	726.450012	400	300	10	3	3	4	1	1	100	0	0	1	1	100	0	0	0
MOB_CA_HUNARCHER	26992	670.599976	228.639999	681.630005	400	300	10	3	3	4	1	1	100	0	0	1	1	100	0	0	0
MOB_CA_HUNARCHER	26992	1129.97998	213.910004	1440.53003	400	300	10	3	3	4	1	1	100	0	0	1	1	100	0	0	0
MOB_CA_HUNARCHER	26992	1386.25	219.839996	919.460022	400	300	10	3	3	4	1	1	100	0	0	1	1	100	0	0	0
MOB_CA_HUNARCHER	26992	1545.68005	293.899994	235.690002	400	300	10	3	3	4	1	1	100	0	0	1	1	100	0	0	0
MOB_CA_HUNARCHER	26992	1646.93005	225.050003	1630.08997	400	300	10	3	3	4	1	1	100	0	0	1	1	100	0	0	0
MOB_CA_HUNARCHER	26993	28.4099998	182.360001	1063.98999	400	300	10	3	3	4	1	1	100	0	0	1	1	100	0	0	0
MOB_CA_HUNARCHER	26993	374.209991	206.029999	166.339996	400	300	10	3	3	4	1	1	100	0	0	1	1	100	0	0	0
MOB_CA_HUNARCHER	26993	456.269989	152.320007	1636.13	400	300	10	3	3	4	1	1	100	0	0	1	1	100	0	0	0
MOB_CA_HUNARCHER	26993	592.609985	216.330002	868.150024	400	300	10	3	3	4	1	1	100	0	0	1	1	100	0	0	0
MOB_CA_HUNARCHER	26993	781.219971	215.220001	1377.25	400	300	10	3	3	4	1	1	100	0	0	1	1	100	0	0	0
MOB_CA_HUNARCHER	26993	947.080017	229.889999	264.529999	400	300	10	3	3	4	1	1	100	0	0	1	1	100	0	0	0
MOB_CA_HUNARCHER	26993	1493.69995	186.869995	1886.78003	400	300	10	3	3	4	1	1	100	0	0	1	1	100	0	0	0
MOB_CA_HUNARCHER	27248	1433.01001	227.889999	672.419983	400	300	10	3	3	4	1	1	100	0	0	1	1	100	0	0	0
MOB_CA_HUNARCHER	27248	1776.83997	204.899994	264.140015	400	300	10	3	3	4	1	1	100	0	0	1	1	100	0	0	0
MOB_CA_HUNARCHER	27248	1889.03003	161.720001	1710.93005	400	300	10	3	3	4	1	1	100	0	0	1	1	100	0	0	0
MOB_CA_HUNARCHER	27249	321.48999	187.279999	766.820007	400	300	10	3	3	4	1	1	100	0	0	1	1	100	0	0	0
MOB_CA_HUNARCHER	27249	541.299988	171.179993	1594.89001	400	300	10	3	3	4	1	1	100	0	0	1	1	100	0	0	0
MOB_CA_HUNARCHER	27249	863.090027	191.240005	188.440002	400	300	10	3	3	4	1	1	100	0	0	1	1	100	0	0	0
MOB_CA_HUNARCHER	27249	893.51001	178.610001	711.359985	400	300	10	3	3	4	1	1	100	0	0	1	1	100	0	0	0
MOB_CA_HUNARCHER	27249	1422.90002	155.220001	1407.80005	400	300	10	3	3	4	1	1	100	0	0	1	1	100	0	0	0
MOB_CA_HUNARCHER	27249	1535.12	142.940002	695.26001	400	300	10	3	3	4	1	1	100	0	0	1	1	100	0	0	0
MOB_CA_HUNARCHER	27250	131.979996	173.419998	1390.97998	400	300	10	3	3	4	1	1	100	0	0	1	1	100	0	0	0
MOB_CA_HUNARCHER	27250	144.229996	162.119995	730.380005	400	300	10	3	3	4	1	1	100	0	0	1	1	100	0	0	0
MOB_CA_HUNARCHER	27250	286.820007	180	152.899994	400	300	10	3	3	4	1	1	100	0	0	1	1	100	0	0	0
MOB_CA_HUNARCHER	27250	637.349976	143.179993	827.27002	400	300	10	3	3	4	1	1	100	0	0	1	1	100	0	0	0
MOB_CA_HUNARCHER	27250	687.440002	171.880005	1866.52002	400	300	10	3	3	4	1	1	100	0	0	1	1	100	0	0	0
MOB_CA_HUNARCHER	27250	843.700012	180	1178.95996	400	300	10	3	3	4	1	1	100	0	0	1	1	100	0	0	0
MOB_CA_HUNARCHER	27250	980.960022	180	274.049988	400	300	10	3	3	4	1	1	100	0	0	1	1	100	0	0	0
MOB_CA_HUNARCHER	27250	1328.81995	180	762.780029	400	300	10	3	3	4	1	1	100	0	0	1	1	100	0	0	0
MOB_CA_HUNARCHER	27250	1565.26001	180	1392.43994	400	300	10	3	3	4	1	1	100	0	0	1	1	100	0	0	0
MOB_CA_HUNARCHER	27250	1818.88	180	543.929993	400	300	10	3	3	4	1	1	100	0	0	1	1	100	0	0	0
MOB_CA_HUNARCHER	27250	1916.60999	219.559998	68.5800018	400	300	10	3	3	4	1	1	100	0	0	1	1	100	0	0	0
MOB_CA_HUNARCHER	27251	68.1699982	180	1080.26001	400	300	10	3	3	4	1	1	100	0	0	1	1	100	0	0	0
MOB_CA_HUNARCHER	27251	596.830017	199.289993	294.859985	400	300	10	3	3	4	1	1	100	0	0	1	1	100	0	0	0
MOB_CA_HUNARCHER	27251	682.450012	180	802.140015	400	300	10	3	3	4	1	1	100	0	0	1	1	100	0	0	0
MOB_CA_HUNARCHER	27251	791.440002	180	1504.34998	400	300	10	3	3	4	1	1	100	0	0	1	1	100	0	0	0
MOB_CA_HUNARCHER	27251	1375.39001	180	732.400024	400	300	10	3	3	4	1	1	100	0	0	1	1	100	0	0	0
MOB_CA_HUNARCHER	27251	1421.93994	185.830002	142.029999	400	300	10	3	3	4	1	1	100	0	0	1	1	100	0	0	0
MOB_CA_HUNARCHER	27251	1454.26001	247.809998	1217.53003	400	300	10	3	3	4	1	1	100	0	0	1	1	100	0	0	0
MOB_CA_HUNARCHER	27251	1823.96997	182.020004	1870.43994	400	300	10	3	3	4	1	1	100	0	0	1	1	100	0	0	0
MOB_CA_HUNARCHER	27251	1887.28003	221.080002	293.200012	400	300	10	3	3	4	1	1	100	0	0	1	1	100	0	0	0
MOB_CA_HUNARCHER	27252	303.76001	180	1110.43005	400	300	10	3	3	4	1	1	100	0	0	1	1	100	0	0	0
MOB_CA_HUNARCHER	27252	337.929993	188.059998	645.429993	400	300	10	3	3	4	1	1	100	0	0	1	1	100	0	0	0
MOB_CA_HUNARCHER	27252	837.549988	182.649994	1284.38	400	300	10	3	3	4	1	1	100	0	0	1	1	100	0	0	0
MOB_CA_HUNARCHER	27252	872.179993	218.100006	506.380005	400	300	10	3	3	4	1	1	100	0	0	1	1	100	0	0	0
MOB_CA_HUNARCHER	27252	1338.56995	214.809998	1091.65002	400	300	10	3	3	4	1	1	100	0	0	1	1	100	0	0	0
MOB_CA_HUNARCHER	27252	1639.03003	201.779999	248.070007	400	300	10	3	3	4	1	1	100	0	0	1	1	100	0	0	0
MOB_CA_HUNARCHER	27252	1675.53003	180.330002	795.080017	400	300	10	3	3	4	1	1	100	0	0	1	1	100	0	0	0
MOB_CA_HUNARCHER	27252	1676.87	183.839996	1635.32996	400	300	10	3	3	4	1	1	100	0	0	1	1	100	0	0	0
MOB_CA_HUNARCHER	27253	80.6299973	185.229996	855.880005	400	300	10	3	3	4	1	1	100	0	0	1	1	100	0	0	0
MOB_CA_HUNARCHER	27253	354.850006	181.369995	360.970001	400	300	10	3	3	4	1	1	100	0	0	1	1	100	0	0	0
MOB_CA_HUNARCHER	27253	894.960022	204.149994	1214.07996	400	300	10	3	3	4	1	1	100	0	0	1	1	100	0	0	0
MOB_CA_HUNARCHER	27253	973.119995	185.289993	1793.62	400	300	10	3	3	4	1	1	100	0	0	1	1	100	0	0	0
MOB_CA_HUNARCHER	27505	145.259995	209.300003	697.380005	400	300	10	3	3	4	1	1	100	0	0	1	1	100	0	0	0
MOB_CA_HUNARCHER	27505	190.360001	145.380005	1291.38	400	300	10	3	3	4	1	1	100	0	0	1	1	100	0	0	0
MOB_CA_HUNARCHER	27505	509.269989	153.279999	1810.88	400	300	10	3	3	4	1	1	100	0	0	1	1	100	0	0	0
MOB_CA_HUNARCHER	27505	544.049988	217.800003	534.380005	400	300	10	3	3	4	1	1	100	0	0	1	1	100	0	0	0
MOB_CA_HUNARCHER	27505	1031.70996	228.570007	141.559998	400	300	10	3	3	4	1	1	100	0	0	1	1	100	0	0	0
MOB_CA_HUNARCHER	27505	1168.03003	261.200012	1318.63	400	300	10	3	3	4	1	1	100	0	0	1	1	100	0	0	0
MOB_CA_HUNARCHER	27505	1324.41003	242.059998	794.320007	400	300	10	3	3	4	1	1	100	0	0	1	1	100	0	0	0
MOB_CA_HUNARCHER	27505	1465.90002	240.990005	255.740005	400	300	10	3	3	4	1	1	100	0	0	1	1	100	0	0	0
MOB_CA_HUNARCHER	27505	1487.54004	235.360001	1491.31006	400	300	10	3	3	4	1	1	100	0	0	1	1	100	0	0	0
MOB_CA_HUNARCHER	27506	91.6399994	209.360001	735.559998	400	300	10	3	3	4	1	1	100	0	0	1	1	100	0	0	0
MOB_CA_HUNARCHER	27506	138.490005	143.619995	1402.91003	400	300	10	3	3	4	1	1	100	0	0	1	1	100	0	0	0
MOB_CA_HUNARCHER	27506	591.98999	217.440002	647.960022	400	300	10	3	3	4	1	1	100	0	0	1	1	100	0	0	0
MOB_CA_HUNARCHER	27506	837.330017	219.429993	1497.06995	400	300	10	3	3	4	1	1	100	0	0	1	1	100	0	0	0
MOB_CA_HUNARCHER	27506	1312.31995	242.039993	828.679993	400	300	10	3	3	4	1	1	100	0	0	1	1	100	0	0	0
MOB_CA_HUNARCHER	27506	1477.41003	187.960007	142.860001	400	300	10	3	3	4	1	1	100	0	0	1	1	100	0	0	0
MOB_CA_HUNARCHER	27506	1516.42004	316.700012	1664.07996	400	300	10	3	3	4	1	1	100	0	0	1	1	100	0	0	0
MOB_CA_HUNARCHER	27507	158.339996	199.179993	30.7800007	400	300	10	3	3	4	1	1	100	0	0	1	1	100	0	0	0
MOB_CA_HUNARCHER	27507	176.190002	224.320007	740.02002	400	300	10	3	3	4	1	1	100	0	0	1	1	100	0	0	0
MOB_CA_HUNARCHER	27507	624.48999	217.649994	708.039978	400	300	10	3	3	4	1	1	100	0	0	1	1	100	0	0	0
MOB_CA_HUNARCHER	27507	673.460022	212.75	1544.81006	400	300	10	3	3	4	1	1	100	0	0	1	1	100	0	0	0
MOB_CA_HUNARCHER	27507	1204.34998	205.800003	232.410004	400	300	10	3	3	4	1	1	100	0	0	1	1	100	0	0	0
MOB_CA_HUNARCHER	27507	1249.91003	241.820007	965.390015	400	300	10	3	3	4	1	1	100	0	0	1	1	100	0	0	0
MOB_CA_HUNARCHER	27507	1301.38	263.850006	1643.81006	400	300	10	3	3	4	1	1	100	0	0	1	1	100	0	0	0
MOB_CA_HUNARCHER	27508	50.4399986	232.550003	1312.34998	400	300	10	3	3	4	1	1	100	0	0	1	1	100	0	0	0
MOB_CA_HUNARCHER	27508	153.229996	209.75	568.280029	400	300	10	3	3	4	1	1	100	0	0	1	1	100	0	0	0
MOB_CA_HUNARCHER	27508	634.48999	213.169998	1021.78998	400	300	10	3	3	4	1	1	100	0	0	1	1	100	0	0	0
MOB_CA_HUNARCHER	27508	665.25	156.350006	1760.55005	400	300	10	3	3	4	1	1	100	0	0	1	1	100	0	0	0
MOB_CA_HUNARCHER	27508	751.859985	182.919998	106.900002	400	300	10	3	3	4	1	1	100	0	0	1	1	100	0	0	0
MOB_CA_HUNARCHER	27508	1179.63	241.990005	622.73999	400	300	10	3	3	4	1	1	100	0	0	1	1	100	0	0	0
MOB_CA_HUNARCHER	27508	1239.34998	182.5	16.3299999	400	300	10	3	3	4	1	1	100	0	0	1	1	100	0	0	0
MOB_CA_HUNARCHER	27508	1500.19995	232.830002	1205.80005	400	300	10	3	3	4	1	1	100	0	0	1	1	100	0	0	0
MOB_CA_HUNARCHER	27508	1827.41003	244.380005	614.840027	400	300	10	3	3	4	1	1	100	0	0	1	1	100	0	0	0
MOB_CA_HUNARCHER	27509	216.460007	234.110001	1207.25	400	300	10	3	3	4	1	1	100	0	0	1	1	100	0	0	0
MOB_CA_HUNARCHER	27509	392.549988	218.339996	233.619995	400	300	10	3	3	4	1	1	100	0	0	1	1	100	0	0	0
MOB_CA_HUNARCHER	27509	493.429993	217.649994	871.619995	400	300	10	3	3	4	1	1	100	0	0	1	1	100	0	0	0
MOB_CA_HUNARCHER	27509	550.210022	186.869995	1578.34998	400	300	10	3	3	4	1	1	100	0	0	1	1	100	0	0	0
MOB_CA_HUNARCHER	27509	1091.18005	192.399994	1797.47998	400	300	10	3	3	4	1	1	100	0	0	1	1	100	0	0	0
MOB_CA_HUNARCHER	27509	1153.62	241.970001	528.830017	400	300	10	3	3	4	1	1	100	0	0	1	1	100	0	0	0
MOB_CA_HUNARCHER	27509	1194.23999	241.759995	1077.26001	400	300	10	3	3	4	1	1	100	0	0	1	1	100	0	0	0
MOB_CA_HUNARCHER	27509	1694.46997	249.240005	1529.81006	400	300	10	3	3	4	1	1	100	0	0	1	1	100	0	0	0
MOB_CA_HUNARCHER	27510	270.23999	188.470001	1523.67004	400	300	10	3	3	4	1	1	100	0	0	1	1	100	0	0	0
MOB_CA_HUNARCHER	27510	880.380005	204.679993	1875.22998	400	300	10	3	3	4	1	1	100	0	0	1	1	100	0	0	0
MOB_CA_HUNARCHER	27761	1318.66003	188.899994	196.360001	400	300	10	3	3	4	1	1	100	0	0	1	1	100	0	0	0
MOB_CA_HUNARCHER	27762	291.149994	195.179993	223.880005	400	300	10	3	3	4	1	1	100	0	0	1	1	100	0	0	0
MOB_CA_HUNARCHER	27762	803.940002	180.160004	148.259995	400	300	10	3	3	4	1	1	100	0	0	1	1	100	0	0	0
MOB_CA_HUNARCHER	27763	507.540009	180	167.970001	400	300	10	3	3	4	1	1	100	0	0	1	1	100	0	0	0
MOB_CA_HUNARCHER	27763	1734.05005	180	521.630005	400	300	10	3	3	4	1	1	100	0	0	1	1	100	0	0	0
MOB_CA_HUNARCHER	27763	1904.70996	202.820007	6.82000017	400	300	10	3	3	4	1	1	100	0	0	1	1	100	0	0	0
MOB_CA_HUNARCHER	27764	1214.68005	180	45.8100014	400	300	10	3	3	4	1	1	100	0	0	1	1	100	0	0	0
MOB_CA_HUNARCHER	27765	65.6900024	195.190002	22.1200008	400	300	10	3	3	4	1	1	100	0	0	1	1	100	0	0	0
MOB_CA_HUNARCHER	27765	564.900024	264.170013	306.230011	400	300	10	3	3	4	1	1	100	0	0	1	1	100	0	0	0
MOB_CA_HUNARCHER	27765	1176.88	222.300003	655.469971	400	300	10	3	3	4	1	1	100	0	0	1	1	100	0	0	0
MOB_CA_HUNARCHER	27765	1634.45996	180	316.01001	400	300	10	3	3	4	1	1	100	0	0	1	1	100	0	0	0
MOB_CA_HUNARCHER_CLON	26220	631.820007	67.7600021	981.159973	400	300	10	3	5	4	1	1	100	0	0	1	1	100	0	0	0
MOB_CA_HUNARCHER_CLON	26220	860.580017	40.3100014	1549.83997	400	300	10	3	5	4	1	1	100	0	0	1	1	100	0	0	0
MOB_CA_HUNARCHER_CLON	26220	933.140015	175.610001	476.359985	400	300	10	3	5	4	1	1	100	0	0	1	1	100	0	0	0
MOB_CA_HUNARCHER_CLON	26220	1195.31006	86.3899994	1053.19995	400	300	10	3	5	4	1	1	100	0	0	1	1	100	0	0	0
MOB_CA_HUNARCHER_CLON	26220	1518.73999	104.580002	1562.98999	400	300	10	3	5	4	1	1	100	0	0	1	1	100	0	0	0
MOB_CA_HUNARCHER_CLON	26220	1574.13	180	626.309998	400	300	10	3	5	4	1	1	100	0	0	1	1	100	0	0	0
MOB_CA_HUNARCHER_CLON	26220	1860.72998	178.779999	1112.54004	400	300	10	3	5	4	1	1	100	0	0	1	1	100	0	0	0
MOB_CA_HUNARCHER_CLON	26221	311.809998	241.25	1371.81006	150	100	10	7	10	4	1	1	100	0	0	1	1	100	0	0	0
MOB_CA_HUNARCHER_CLON	26221	314.630005	196.080002	1886.87	400	300	10	3	5	4	1	1	100	0	0	1	1	100	0	0	0
MOB_CA_HUNARCHER_CLON	26221	345	180	670.76001	400	300	10	3	5	4	1	1	100	0	0	1	1	100	0	0	0
MOB_CA_HUNARCHER_CLON	26221	699.669983	247.899994	1260.5	400	300	10	3	5	4	1	1	100	0	0	1	1	100	0	0	0
MOB_CA_HUNARCHER_CLON	26221	752.280029	259.25	1644.21997	150	100	10	7	10	4	1	1	100	0	0	1	1	100	0	0	0
MOB_CA_HUNARCHER_CLON	26221	1397.38	245.960007	871.340027	400	300	10	3	5	4	1	1	100	0	0	1	1	100	0	0	0
MOB_CA_HUNARCHER_CLON	26221	1486.58997	207.830002	1414.88	150	100	10	7	10	4	1	1	100	0	0	1	1	100	0	0	0
MOB_CA_HUNARCHER_CLON	26222	46.6300011	274.450012	652.409973	400	300	10	3	5	4	1	1	100	0	0	1	1	100	0	0	0
MOB_CA_HUNARCHER_CLON	26222	136.339996	241.399994	1312.76001	400	300	10	3	5	4	1	1	100	0	0	1	1	100	0	0	0
MOB_CA_HUNARCHER_CLON	26222	535.799988	280.130005	741.590027	150	100	10	7	10	4	1	1	100	0	0	1	1	100	0	0	0
MOB_CA_HUNARCHER_CLON	26222	1021.09998	241.350006	1417.83997	150	100	10	7	10	4	1	1	100	0	0	1	1	100	0	0	0
MOB_CA_HUNARCHER_CLON	26222	1271.18994	252.380005	923.469971	150	100	10	7	10	4	1	1	100	0	0	1	1	100	0	0	0
MOB_CA_HUNARCHER_CLON	26222	1350.44995	230.949997	1233.43005	400	300	10	3	5	4	1	1	100	0	0	1	1	100	0	0	0
MOB_CA_HUNARCHER_CLON	26222	1606.40002	210.360001	1801.68994	400	300	10	3	5	4	1	1	100	0	0	1	1	100	0	0	0
MOB_CA_HUNARCHER_CLON	26223	106.540001	194.020004	1552.93994	150	100	10	7	10	4	1	1	100	0	0	1	1	100	0	0	0
MOB_CA_HUNARCHER_CLON	26223	353.559998	181.570007	1336.16003	400	300	10	3	5	4	1	1	100	0	0	1	1	100	0	0	0
MOB_CA_HUNARCHER_CLON	26223	604.690002	180	706.359985	150	100	10	7	10	4	1	1	100	0	0	1	1	100	0	0	0
MOB_CA_HUNARCHER_CLON	26223	648.299988	193.919998	1430.17004	150	100	10	7	10	4	1	1	100	0	0	1	1	100	0	0	0
MOB_CA_HUNARCHER_CLON	26223	952.609985	203.369995	1864.17004	400	300	10	3	5	4	1	1	100	0	0	1	1	100	0	0	0
MOB_CA_HUNARCHER_CLON	26223	1223.77002	180	677.150024	400	300	10	3	5	4	1	1	100	0	0	1	1	100	0	0	0
MOB_CA_HUNARCHER_CLON	26223	1250.03003	214.490005	1466.56006	400	300	10	3	5	4	1	1	100	0	0	1	1	100	0	0	0
MOB_CA_HUNARCHER_CLON	26476	1133.64001	146.059998	193.220001	400	300	10	3	5	4	1	1	100	0	0	1	1	100	0	0	0
MOB_CA_HUNARCHER_CLON	26476	1645.54004	218.229996	757	400	300	10	3	5	4	1	1	100	0	0	1	1	100	0	0	0
MOB_CA_HUNARCHER_CLON	26476	1744.15002	190.119995	1580.05005	150	100	10	7	10	4	1	1	100	0	0	1	1	100	0	0	0
MOB_CA_HUNARCHER_CLON	26476	1835.09998	176.320007	245.100006	400	300	10	3	5	4	1	1	100	0	0	1	1	100	0	0	0
MOB_CA_HUNARCHER_CLON	26477	19.9500008	185.800003	1123.68005	150	100	10	7	10	4	1	1	100	0	0	1	1	100	0	0	0
MOB_CA_HUNARCHER_CLON	26477	312.980011	227.360001	1511.18994	150	100	10	7	10	2	1	1	100	0	0	1	1	100	0	0	0
MOB_CA_HUNARCHER_CLON	26477	338.339996	180	643.219971	400	300	10	3	5	4	1	1	100	0	0	1	1	100	0	0	0
MOB_CA_HUNARCHER_CLON	26477	815.830017	207.669998	1336.07996	150	100	10	7	10	2	1	1	100	0	0	1	1	100	0	0	0
MOB_CA_HUNARCHER_CLON	26477	910.599976	184.559998	251.039993	400	300	10	3	5	4	1	1	100	0	0	1	1	100	0	0	0
MOB_CA_HUNARCHER_CLON	26477	975.130005	180.339996	801.5	400	300	10	3	5	4	1	1	100	0	0	1	1	100	0	0	0
MOB_CA_HUNARCHER_CLON	26477	1183.35999	205.279999	1794.17004	150	100	10	7	10	2	1	1	100	0	0	1	1	100	0	0	0
MOB_CA_HUNARCHER_CLON	26477	1513.65002	198.880005	1275.84998	150	100	10	7	10	4	1	1	100	0	0	1	1	100	0	0	0
MOB_CA_HUNARCHER_CLON	26477	1656.08997	179.830002	18.2000008	400	300	10	3	5	4	1	1	100	0	0	1	1	100	0	0	0
MOB_CA_HUNARCHER_CLON	26478	96.6299973	248.759995	1774.68005	150	100	10	10	15	4	1	1	100	0	0	1	1	100	0	0	0
MOB_CA_HUNARCHER_CLON	26478	380.929993	192.210007	961.919983	150	100	10	7	10	4	1	1	100	0	0	1	1	100	0	0	0
MOB_CA_HUNARCHER_CLON	26478	441.869995	155.149994	13.1199999	400	300	10	3	5	4	1	1	100	0	0	1	1	100	0	0	0
MOB_CA_HUNARCHER_CLON	26478	496.329987	235.740005	1494.09998	150	100	10	7	10	4	1	1	100	0	0	1	1	100	0	0	0
MOB_CA_HUNARCHER_CLON	26478	856.940002	225.589996	1414.08997	400	300	10	3	5	4	1	1	100	0	0	1	1	100	0	0	0
MOB_CA_HUNARCHER_CLON	26478	891.219971	226.429993	1795.54004	150	100	10	7	10	4	1	1	100	0	0	1	1	100	0	0	0
MOB_CA_HUNARCHER_CLON	26478	1026.22998	174.270004	61.5900002	400	300	10	3	5	4	1	1	100	0	0	1	1	100	0	0	0
MOB_CA_HUNARCHER_CLON	26478	1535.23999	186.369995	490.350006	400	300	10	3	5	4	1	1	100	0	0	1	1	100	0	0	0
MOB_CA_HUNARCHER_CLON	26478	1544.33997	163.179993	1004.17999	150	100	10	7	10	4	1	1	100	0	0	1	1	100	0	0	0
MOB_CA_HUNARCHER_CLON	26479	123.440002	216.5	442.230011	400	300	10	3	5	4	1	1	100	0	0	1	1	100	0	0	0
MOB_CA_HUNARCHER_CLON	26479	127.5	143.869995	1362.78003	150	100	10	7	10	4	1	1	100	0	0	1	1	100	0	0	0
MOB_CA_HUNARCHER_CLON	26479	352.779999	237.309998	1074.05005	400	300	10	3	5	4	1	1	100	0	0	1	1	100	0	0	0
MOB_CA_HUNARCHER_CLON	26479	381.679993	151.729996	1868.20996	150	100	10	7	10	4	1	1	100	0	0	1	1	100	0	0	0
MOB_CA_HUNARCHER_CLON	26479	418.299988	210.419998	10.2200003	400	300	10	3	5	4	1	1	100	0	0	1	1	100	0	0	0
MOB_CA_HUNARCHER_CLON	26479	684.609985	156.520004	1834.69995	400	300	10	3	5	4	1	1	100	0	0	1	1	100	0	0	0
MOB_CA_HUNARCHER_CLON	26479	711.340027	231.229996	379.619995	400	300	10	3	5	4	1	1	100	0	0	1	1	100	0	0	0
MOB_CA_HUNARCHER_CLON	26479	725	230.029999	894.099976	150	100	10	7	10	4	1	1	100	0	0	1	1	100	0	0	0
MOB_CA_HUNARCHER_CLON	26479	1026.01001	251.690002	1333.55005	400	300	10	3	5	4	1	1	100	0	0	1	1	100	0	0	0
MOB_CA_HUNARCHER_CLON	26479	1152.15002	241.929993	609.080017	150	100	10	7	10	4	1	1	100	0	0	1	1	100	0	0	0
MOB_CA_HUNARCHER_CLON	26479	1281.89001	241.839996	1471.68005	150	100	10	7	10	4	1	1	100	0	0	1	1	100	0	0	0
MOB_CA_HUNARCHER_CLON	26479	1348.90002	240.789993	200.660004	400	300	10	3	5	4	1	1	100	0	0	1	1	100	0	0	0
MOB_CA_HUNARCHER_CLON	26479	1595.68005	241.889999	738.210022	150	100	10	7	10	4	1	1	100	0	0	1	1	100	0	0	0
MOB_CA_HUNARCHER_CLON	26479	1734.67004	274.959991	1800.57996	400	300	10	3	5	4	1	1	100	0	0	1	1	100	0	0	0
MOB_CA_HUNARCHER_CLON	26480	69.8799973	225.309998	1568.43005	150	100	10	7	10	4	1	1	100	0	0	1	1	100	0	0	0
MOB_CA_HUNARCHER_CLON	26731	717.5	236.360001	1298.88	150	100	10	10	15	2	1	1	100	0	0	1	1	100	0	0	0
MOB_CA_HUNARCHER_CLON	26731	1049.42004	238.740005	1459.17004	400	300	10	10	15	4	1	1	100	0	0	1	1	100	0	0	0
MOB_CA_HUNARCHER_CLON	26731	1370.81995	235.529999	1346.23999	150	100	10	10	15	2	1	1	100	0	0	1	1	100	0	0	0
MOB_CA_HUNARCHER_CLON	26732	825.98999	194.729996	213.389999	150	100	10	10	15	4	1	1	100	0	0	1	1	100	0	0	0
MOB_CA_HUNARCHER_CLON	26732	1272.17004	320.420013	465.940002	400	300	10	3	5	4	1	1	100	0	0	1	1	100	0	0	0
MOB_CA_HUNARCHER_CLON	26732	1476.83997	304.950012	896.460022	150	100	10	7	10	2	1	1	100	0	0	1	1	100	0	0	0
MOB_CA_HUNARCHER_CLON	26732	1710.88	293.390015	367.029999	150	100	10	7	10	4	1	1	100	0	0	1	1	100	0	0	0
MOB_CA_HUNARCHER_CLON	26732	1885.45996	298.839996	1420.75	400	300	10	3	5	4	1	1	100	0	0	1	1	100	0	0	0
MOB_CA_HUNARCHER_CLON	26733	65.5800018	297.809998	545.880005	400	300	10	3	5	6	1	1	100	0	0	1	1	100	0	0	0
MOB_CA_HUNARCHER_CLON	26733	152.940002	292.660004	105.660004	150	100	10	7	10	2	1	1	100	0	0	1	1	100	0	0	0
MOB_CA_HUNARCHER_CLON	26733	259.730011	297.350006	1032.79004	150	100	10	7	10	4	1	1	100	0	0	1	1	100	0	0	0
MOB_CA_HUNARCHER_CLON	26733	417.5	217.889999	1715.91003	400	300	10	3	5	4	1	1	100	0	0	1	1	100	0	0	0
MOB_CA_HUNARCHER_CLON	26733	421.98999	297.529999	526.849976	150	100	10	7	10	2	1	1	100	0	0	1	1	100	0	0	0
MOB_CA_HUNARCHER_CLON	26733	598.099976	296.399994	875.049988	400	300	10	3	5	4	1	1	100	0	0	1	1	100	0	0	0
MOB_CA_HUNARCHER_CLON	26733	618.47998	284.73999	43.3199997	150	100	10	7	10	4	1	1	100	0	0	1	1	100	0	0	0
MOB_CA_HUNARCHER_CLON	26733	857.469971	292.570007	357.200012	400	300	10	3	5	4	1	1	100	0	0	1	1	100	0	0	0
MOB_CA_HUNARCHER_CLON	26733	1163.20996	286.100006	429.299988	150	100	10	7	10	4	1	1	100	0	0	1	1	100	0	0	0
MOB_CA_HUNARCHER_CLON	26733	1203.17004	284.450012	1404.39001	400	300	10	3	5	4	1	1	100	0	0	1	1	100	0	0	0
MOB_CA_HUNARCHER_CLON	26733	1580.45996	247.410004	251.610001	150	100	10	7	10	4	1	1	100	0	0	1	1	100	0	0	0
MOB_CA_HUNARCHER_CLON	26733	1715.17004	303.100006	983.940002	400	300	10	3	5	4	1	1	100	0	0	1	1	100	0	0	0
MOB_CA_HUNARCHER_CLON	26733	1829.15002	200.020004	1567.01001	400	300	10	3	5	4	1	1	100	0	0	1	1	100	0	0	0
MOB_CA_HUNARCHER_CLON	26734	128.169998	243.770004	192.940002	400	300	10	3	5	4	1	1	100	0	0	1	1	100	0	0	0
MOB_CA_HUNARCHER_CLON	26734	172.669998	243.699997	605.22998	150	100	10	7	10	4	1	1	100	0	0	1	1	100	0	0	0
MOB_CA_HUNARCHER_CLON	26734	239.580002	192.880005	1302.17004	150	100	10	7	10	4	1	1	100	0	0	1	1	100	0	0	0
MOB_CA_HUNARCHER_CLON	26734	444.339996	243.419998	36.9300003	150	100	10	7	10	4	1	1	100	0	0	1	1	100	0	0	0
MOB_CA_HUNARCHER_CLON	26734	620.590027	194.169998	829.98999	150	100	10	7	10	4	1	1	100	0	0	1	1	100	0	0	0
MOB_CA_HUNARCHER_CLON	26734	676.650024	262.890015	1825.20996	400	300	10	3	5	4	1	1	100	0	0	1	1	100	0	0	0
MOB_CA_HUNARCHER_CLON	26734	887.359985	219.589996	1371.59998	150	100	10	7	10	4	1	1	100	0	0	1	1	100	0	0	0
MOB_CA_HUNARCHER_CLON	26734	1288.53003	189.330002	49.1500015	150	100	10	7	10	4	1	1	100	0	0	1	1	100	0	0	0
MOB_CA_HUNARCHER_CLON	26734	1335.92004	190.979996	358.959991	400	300	10	3	5	4	1	1	100	0	0	1	1	100	0	0	0
MOB_CA_HUNARCHER_CLON	26734	1576.68005	217.75	495.570007	150	100	10	10	15	4	1	1	100	0	0	1	1	100	0	0	0
MOB_CA_HUNARCHER_CLON	26735	84.2699966	255.470001	858.710022	400	300	10	3	5	4	1	1	100	0	0	1	1	100	0	0	0
MOB_CA_HUNARCHER_CLON	26735	213.470001	261.670013	1280.45996	150	100	10	7	10	4	1	1	100	0	0	1	1	100	0	0	0
MOB_CA_HUNARCHER_CLON	26735	638.150024	269.959991	1798.09998	150	100	10	7	10	4	1	1	100	0	0	1	1	100	0	0	0
MOB_CA_HUNARCHER_CLON	26735	925.070007	169.539993	34.2400017	150	100	10	7	10	4	1	1	100	0	0	1	1	100	0	0	0
MOB_CA_HUNARCHER_CLON	26735	968.159973	265.01001	1187.46997	400	300	10	3	5	4	1	1	100	0	0	1	1	100	0	0	0
MOB_CA_HUNARCHER_CLON	26735	1085.52002	267.359985	1547.93994	150	100	10	7	10	4	1	1	100	0	0	1	1	100	0	0	0
MOB_CA_HUNARCHER_CLON	26735	1117.90002	207.380005	508.929993	150	100	10	7	10	4	1	1	100	0	0	1	1	100	0	0	0
MOB_CA_HUNARCHER_CLON	26735	1381.43994	215.229996	592.419983	400	300	10	3	5	4	1	1	100	0	0	1	1	100	0	0	0
MOB_CA_HUNARCHER_CLON	26735	1692.31006	225.130005	652.440002	150	100	10	7	10	4	1	1	100	0	0	1	1	100	0	0	0
MOB_CA_HUNARCHER_CLON	26736	83.3099976	241.600006	1329.31995	150	100	10	7	10	4	1	1	100	0	0	1	1	100	0	0	0
MOB_CA_HUNARCHER_CLON	26736	108.360001	181.940002	284.279999	150	100	10	7	10	4	1	1	100	0	0	1	1	100	0	0	0
MOB_CA_HUNARCHER_CLON	26736	203.710007	238.580002	1810.12	150	100	10	7	10	4	1	1	100	0	0	1	1	100	0	0	0
MOB_CA_HUNARCHER_CLON	26986	665.72998	146.729996	1174.03003	400	300	10	3	5	4	1	1	100	0	0	1	1	100	0	0	0
MOB_CA_HUNARCHER_CLON	26986	921.330017	175.210007	1526.29004	150	100	10	10	15	4	1	1	100	0	0	1	1	100	0	0	0
MOB_CA_HUNARCHER_CLON	26986	933.349976	131.660004	685.440002	150	100	10	10	15	2	1	1	100	0	0	1	1	100	0	0	0
MOB_CA_HUNARCHER_CLON	26986	933.25	174.899994	1514.35999	150	100	10	10	15	4	1	1	100	0	0	1	1	100	0	0	0
MOB_CA_HUNARCHER_CLON	26986	1114.48999	180	1774.55005	400	300	10	10	15	4	1	1	100	0	0	1	1	100	0	0	0
MOB_CA_HUNARCHER_CLON	26986	1150.34998	126.099998	395.589996	400	300	10	10	15	4	1	1	100	0	0	1	1	100	0	0	0
MOB_CA_HUNARCHER_CLON	26986	1326.04004	171.529999	1031.5	400	300	10	10	15	4	1	1	100	0	0	1	1	100	0	0	0
MOB_CA_HUNARCHER_CLON	26986	1604.91003	179.910004	1061.52002	150	100	10	10	15	4	1	1	100	0	0	1	1	100	0	0	0
MOB_CA_HUNARCHER_CLON	26986	1656.19995	180	1633.22998	400	300	10	10	15	4	1	1	100	0	0	1	1	100	0	0	0
MOB_CA_HUNARCHER_CLON	26986	1762.16003	259.630005	609.789978	400	300	10	10	15	4	1	1	100	0	0	1	1	100	0	0	0
MOB_CA_HUNARCHER_CLON	26987	721.97998	244.160004	559.340027	150	100	10	10	15	4	1	1	100	0	0	1	1	100	0	0	0
MOB_CA_HUNARCHER_CLON	26989	259.149994	180	1159.44995	150	100	10	7	10	2	1	1	100	0	0	1	1	100	0	0	0
MOB_CA_HUNARCHER_CLON	26989	288.959991	185.710007	318.76001	150	100	10	7	10	2	1	1	100	0	0	1	1	100	0	0	0
MOB_CA_HUNARCHER_CLON	26989	493.829987	180	1556.29004	150	100	10	7	10	2	1	1	100	0	0	1	1	100	0	0	0
MOB_CA_HUNARCHER_CLON	26989	581.719971	180	830.159973	400	300	10	10	15	4	1	1	100	0	0	1	1	100	0	0	0
MOB_CA_HUNARCHER_CLON	26989	865.440002	180	1395.28003	400	300	10	10	15	4	1	1	100	0	0	1	1	100	0	0	0
MOB_CA_HUNARCHER_CLON	26989	1008.65997	183.399994	117.610001	400	300	10	3	5	4	1	1	100	0	0	1	1	100	0	0	0
MOB_CA_HUNARCHER_CLON	26989	1072.37	183.729996	710.219971	150	100	10	7	10	2	1	1	100	0	0	1	1	100	0	0	0
MOB_CA_HUNARCHER_CLON	26989	1216.52002	196.059998	1024.56006	400	300	10	10	15	4	1	1	100	0	0	1	1	100	0	0	0
MOB_CA_HUNARCHER_CLON	26989	1628.38	211.690002	276.149994	400	300	10	3	5	4	1	1	100	0	0	1	1	100	0	0	0
MOB_CA_HUNARCHER_CLON	26989	1739.34998	189.460007	1590	400	300	10	3	5	4	1	1	100	0	0	1	1	100	0	0	0
MOB_CA_HUNARCHER_CLON	26989	1822.33997	265.160004	785.429993	400	300	10	3	5	4	1	1	100	0	0	1	1	100	0	0	0
MOB_CA_HUNARCHER_CLON	26990	264.209991	249.130005	322.059998	400	300	10	3	5	4	1	1	100	0	0	1	1	100	0	0	0
MOB_CA_HUNARCHER_CLON	26990	334.619995	257.630005	1101.42004	400	300	10	3	5	4	1	1	100	0	0	1	1	100	0	0	0
MOB_CA_HUNARCHER_CLON	26990	376.420013	219.770004	1695.93994	400	300	10	3	5	4	1	1	100	0	0	1	1	100	0	0	0
MOB_CA_HUNARCHER_CLON	26990	687.859985	293.570007	687.440002	400	300	10	3	5	4	1	1	100	0	0	1	1	100	0	0	0
MOB_CA_HUNARCHER_CLON	26990	894.76001	273.959991	1182.22998	400	300	10	3	5	4	1	1	100	0	0	1	1	100	0	0	0
MOB_CA_HUNARCHER_CLON	26990	959.26001	217.820007	1817.33997	400	300	10	3	5	4	1	1	100	0	0	1	1	100	0	0	0
MOB_CA_HUNARCHER_CLON	26990	1023.71002	245.389999	335.320007	150	100	10	7	10	4	1	1	100	0	0	1	1	100	0	0	0
MOB_CA_HUNARCHER_CLON	26990	1392	233.199997	779.549988	150	100	10	7	10	4	1	1	100	0	0	1	1	100	0	0	0
MOB_CA_HUNARCHER_CLON	26990	1427.51001	301.920013	1342.94995	150	100	10	7	10	4	1	1	100	0	0	1	1	100	0	0	0
MOB_CA_HUNARCHER_CLON	26990	1600.18005	268.019989	109.699997	150	100	10	7	10	4	1	1	100	0	0	1	1	100	0	0	0
MOB_CA_HUNARCHER_CLON	26990	1798.66003	229.830002	511.369995	400	300	10	3	5	4	1	1	100	0	0	1	1	100	0	0	0
MOB_CA_HUNARCHER_CLON	26990	1919.69995	299.519989	1166.13	150	100	10	10	17	4	1	1	100	0	0	1	1	100	0	0	0
MOB_CA_HUNARCHER_CLON	26991	162.570007	278.75	650.700012	150	100	10	7	10	4	1	1	100	0	0	1	1	100	0	0	0
MOB_CA_HUNARCHER_CLON	26991	606.559998	269.899994	131.559998	400	300	10	3	5	4	1	1	100	0	0	1	1	100	0	0	0
MOB_CA_HUNARCHER_CLON	26991	690.340027	277.679993	874.23999	150	100	10	10	15	4	1	1	100	0	0	1	1	100	0	0	0
MOB_CA_HUNARCHER_CLON	26991	730.27002	272.350006	379.140015	150	100	10	7	10	4	1	1	100	0	0	1	1	100	0	0	0
MOB_CA_HUNARCHER_CLON	26991	918.070007	142.660004	1625.17004	150	100	10	10	15	4	1	1	100	0	0	1	1	100	0	0	0
MOB_CA_HUNARCHER_CLON	26991	1023.09998	143.389999	1232.78003	150	100	10	10	15	4	1	1	100	0	0	1	1	100	0	0	0
MOB_CA_HUNARCHER_CLON	26991	1025.60999	207.490005	915.340027	400	300	10	3	5	4	1	1	100	0	0	1	1	100	0	0	0
MOB_CA_HUNARCHER_CLON	26991	1093.55005	293.329987	117.230003	150	100	10	7	10	4	1	1	100	0	0	1	1	100	0	0	0
MOB_CA_HUNARCHER_CLON	26991	1521.87	256.5	332.040009	150	100	10	7	10	4	1	1	100	0	0	1	1	100	0	0	0
MOB_CA_HUNARCHER_CLON	26991	1603.08997	140.660004	1383.89001	150	100	10	7	10	4	1	1	100	0	0	1	1	100	0	0	0
MOB_CA_HUNARCHER_CLON	26991	1651.54004	149.350006	729.219971	400	300	10	3	5	4	1	1	100	0	0	1	1	100	0	0	0
MOB_CA_HUNARCHER_CLON	26991	1652.76001	139.470001	1749.83997	400	300	10	3	5	4	1	1	100	0	0	1	1	100	0	0	0
MOB_CA_HUNARCHER_CLON	26991	1827.59998	245.149994	153.770004	400	300	10	3	5	4	1	1	100	0	0	1	1	100	0	0	0
MOB_CA_HUNARCHER_CLON	26992	77.1399994	148.300003	757.299988	150	100	10	10	15	4	1	1	100	0	0	1	1	100	0	0	0
MOB_CA_HUNARCHER_CLON	26992	315.359985	144.839996	1332.25	150	100	10	10	15	4	1	1	100	0	0	1	1	100	0	0	0
MOB_CA_HUNARCHER_CLON	26992	469.01001	144.789993	1817.48999	150	100	10	10	15	4	1	1	100	0	0	1	1	100	0	0	0
MOB_CA_HUNARCHER_CLON	27246	27.6000004	180	202.389999	400	300	10	3	5	4	1	1	100	0	0	1	1	100	0	0	0
MOB_CA_HUNARCHER_CLON	27246	443.299988	206.490005	337.200012	400	300	10	3	5	4	1	1	100	0	0	1	1	100	0	0	0
MOB_CA_HUNARCHER_CLON	27246	515.299988	180	869.320007	400	300	10	3	5	4	1	1	100	0	0	1	1	100	0	0	0
MOB_CA_HUNARCHER_CLON	27246	798.23999	228.740005	1380.62	400	300	10	3	5	4	1	1	100	0	0	1	1	100	0	0	0
MOB_CA_HUNARCHER_CLON	27246	991.679993	213.679993	452.369995	400	300	10	3	5	4	1	1	100	0	0	1	1	100	0	0	0
MOB_CA_HUNARCHER_CLON	27246	1099.06995	145.529999	1888.38	400	300	10	3	5	4	1	1	100	0	0	1	1	100	0	0	0
MOB_CA_HUNARCHER_CLON	27246	1445.85999	195.910004	1128.39001	400	300	10	3	5	4	1	1	100	0	0	1	1	100	0	0	0
MOB_CA_HUNARCHER_CLON	27246	1586.01001	209.360001	235.240005	400	300	10	3	5	4	1	1	100	0	0	1	1	100	0	0	0
MOB_CA_HUNARCHER_CLON	27246	1636.93005	180	822.369995	150	100	10	7	10	4	1	1	100	0	0	1	1	100	0	0	0
MOB_CA_HUNARCHER_CLON	27246	1820.43994	180	1140.67004	150	100	10	7	10	4	1	1	100	0	0	1	1	100	0	0	0
MOB_CA_HUNARCHER_CLON	27246	1831.27002	141.289993	1795.27002	400	300	10	3	5	4	1	1	100	0	0	1	1	100	0	0	0
MOB_CA_HUNARCHER_CLON	27247	380.420013	144.860001	205.559998	400	300	10	3	5	4	1	1	100	0	0	1	1	100	0	0	0
MOB_CA_HUNARCHER_CLON	27247	400.790009	162.320007	1387.37	400	300	10	3	5	4	1	1	100	0	0	1	1	100	0	0	0
MOB_CA_HUNARCHER_CLON	27247	415.359985	145.580002	653.530029	150	100	10	10	15	4	1	1	100	0	0	1	1	100	0	0	0
MOB_CA_HUNARCHER_CLON	27247	656.559998	148.509995	841.179993	400	300	10	3	5	4	1	1	100	0	0	1	1	100	0	0	0
MOB_CA_HUNARCHER_CLON	27247	977.369995	147.309998	750.109985	150	100	10	10	15	4	1	1	100	0	0	1	1	100	0	0	0
MOB_CA_HUNARCHER_CLON	27247	1000.09998	147.960007	1827.70996	400	300	10	3	5	4	1	1	100	0	0	1	1	100	0	0	0
MOB_CA_HUNARCHER_CLON	27247	1057.91003	142.509995	42.5699997	400	300	10	3	5	4	1	1	100	0	0	1	1	100	0	0	0
MOB_CA_HUNARCHER_CLON	27247	1087.71997	181.490005	1144.45996	400	300	10	3	5	4	1	1	100	0	0	1	1	100	0	0	0
MOB_CA_HUNARCHER_CLON	27247	1186.65002	145.160004	361.130005	150	100	10	7	10	4	1	1	100	0	0	1	1	100	0	0	0
MOB_CA_HUNARCHER_CLON	27247	1411.01001	141.960007	729.090027	400	300	10	3	5	4	1	1	100	0	0	1	1	100	0	0	0
MOB_CA_HUNARCHER_CLON	27247	1509.35999	141.570007	1056.09998	150	100	10	10	15	4	1	1	100	0	0	1	1	100	0	0	0
MOB_CA_HUNARCHER_CLON	27247	1716.58997	141.850006	1891.06006	400	300	10	3	5	4	1	1	100	0	0	1	1	100	0	0	0
MOB_CA_HUNARCHER_CLON	27247	1740.84998	139.869995	277.209991	400	300	10	3	5	4	1	1	100	0	0	1	1	100	0	0	0
MOB_CA_HUNARCHER_CLON	27247	1763.97998	140.020004	624.26001	150	100	10	7	10	4	1	1	100	0	0	1	1	100	0	0	0
MOB_CA_HUNARCHER_CLON	27247	1889.87	141	1137.80005	150	100	10	10	15	4	1	1	100	0	0	1	1	100	0	0	0
MOB_CA_HUNARCHER_CLON	27248	140.75	140.970001	204.639999	150	100	10	7	10	4	1	1	100	0	0	1	1	100	0	0	0
MOB_CA_HUNARCHER_CLON	27248	177.070007	140.089996	721.390015	400	300	10	3	5	4	1	1	100	0	0	1	1	100	0	0	0
MOB_CA_HUNARCHER_CLON	27248	356.679993	140.869995	1258.22998	400	300	10	3	5	4	1	1	100	0	0	1	1	100	0	0	0
MOB_CA_HUNARCHER_CLON	27248	445.929993	140.740005	924.030029	150	100	10	7	10	4	1	1	100	0	0	1	1	100	0	0	0
MOB_CA_HUNARCHER_CLON	27248	495.109985	143.009995	412.459991	400	300	10	3	5	4	1	1	100	0	0	1	1	100	0	0	0
MOB_CA_HUNARCHER_CLON	27248	797.330017	140.919998	1029.54004	150	100	10	10	15	4	1	1	100	0	0	1	1	100	0	0	0
MOB_CA_HUNARCHER_CLON	27248	889.150024	145.320007	1731.55005	400	300	10	3	5	4	1	1	100	0	0	1	1	100	0	0	0
MOB_CA_HUNARCHER_CLON	27248	904.640015	143.850006	531.109985	150	100	10	10	15	4	1	1	100	0	0	1	1	100	0	0	0
MOB_CA_HUNARCHER_CLON	27248	1275.59998	148.399994	1296.06995	400	300	10	3	5	4	1	1	100	0	0	1	1	100	0	0	0
MOB_CA_HUNARCHER_CLON	27498	629.330017	240.320007	1533.72998	150	100	10	10	15	4	1	1	100	0	0	1	1	100	0	0	0
MOB_CA_HUNARCHER_CLON	27498	840.090027	238.199997	1878.04004	150	100	10	10	15	4	1	1	100	0	0	1	1	100	0	0	0
MOB_CA_HUNARCHER_CLON	27498	860.659973	236.490005	1451.19995	400	300	10	10	15	4	1	1	100	0	0	1	1	100	0	0	0
MOB_CA_HUNARCHER_CLON	27498	1086.5	237.919998	1563.75	150	100	10	10	15	4	1	1	100	0	0	1	1	100	0	0	0
MOB_CA_HUNARCHER_CLON	27502	406.880005	145.570007	648.77002	150	100	10	7	10	4	1	1	100	0	0	1	1	100	0	0	0
MOB_CA_HUNARCHER_CLON	27502	557.880005	144.779999	301.170013	400	300	10	3	5	4	1	1	100	0	0	1	1	100	0	0	0
MOB_CA_HUNARCHER_CLON	27502	636.440002	148.639999	879.960022	400	300	10	3	5	4	1	1	100	0	0	1	1	100	0	0	0
MOB_CA_HUNARCHER_CLON	27502	732.909973	176.009995	1331.67004	150	100	10	7	10	4	1	1	100	0	0	1	1	100	0	0	0
MOB_CA_HUNARCHER_CLON	27502	886.429993	147.270004	492.769989	150	100	10	7	10	4	1	1	100	0	0	1	1	100	0	0	0
MOB_CA_HUNARCHER_CLON	27502	1176.85999	147.419998	1215.70996	400	300	10	3	5	4	1	1	100	0	0	1	1	100	0	0	0
MOB_CA_HUNARCHER_CLON	27502	1486.72998	142.690002	252.850006	150	100	10	7	10	2	1	1	100	0	0	1	1	100	0	0	0
MOB_CA_HUNARCHER_CLON	27502	1494.53003	139.360001	848.27002	400	300	10	3	5	4	1	1	100	0	0	1	1	100	0	0	0
MOB_CA_HUNARCHER_CLON	27502	1553.62	141.610001	1191.5	150	100	10	10	15	4	1	1	100	0	0	1	1	100	0	0	0
MOB_CA_HUNARCHER_CLON	27502	1630.66003	152.809998	1678.73999	400	300	10	3	5	4	1	1	100	0	0	1	1	100	0	0	0
MOB_CA_HUNARCHER_CLON	27502	1852.56995	139.869995	506.26001	150	100	10	10	15	4	1	1	100	0	0	1	1	100	0	0	0
MOB_CA_HUNARCHER_CLON	27503	183.330002	159.179993	1232.06995	400	300	10	3	5	4	1	1	100	0	0	1	1	100	0	0	0
MOB_CA_HUNARCHER_CLON	27503	220.380005	183.669998	783.119995	400	300	10	3	5	4	1	1	100	0	0	1	1	100	0	0	0
MOB_CA_HUNARCHER_CLON	27503	415.179993	139.869995	37.0600014	400	300	10	3	5	4	1	1	100	0	0	1	1	100	0	0	0
MOB_CA_HUNARCHER_CLON	27503	425.570007	145.539993	555.309998	150	100	10	7	10	4	1	1	100	0	0	1	1	100	0	0	0
MOB_CA_HUNARCHER_CLON	27503	435.059998	166.940002	1859.14001	400	300	10	3	5	4	1	1	100	0	0	1	1	100	0	0	0
MOB_CA_HUNARCHER_CLON	27503	604.530029	151.929993	1311.97998	150	100	10	10	15	4	1	1	100	0	0	1	1	100	0	0	0
MOB_CA_HUNARCHER_CLON	27503	848.460022	147.240005	456.380005	200	100	10	7	10	4	1	1	100	0	0	1	1	100	0	0	0
MOB_CA_HUNARCHER_CLON	27503	1217.58997	147.380005	1176.28003	400	300	10	3	5	4	1	1	100	0	0	1	1	100	0	0	0
MOB_CA_HUNARCHER_CLON	27503	1370.22998	140.169998	313.679993	200	100	10	7	10	4	1	1	100	0	0	1	1	100	0	0	0
MOB_CA_HUNARCHER_CLON	27503	1492.01001	141.220001	688.119995	400	300	10	3	5	4	1	1	100	0	0	1	1	100	0	0	0
MOB_CA_HUNARCHER_CLON	27503	1622.10999	148.419998	1840.88	400	300	10	3	5	4	1	1	100	0	0	1	1	100	0	0	0
MOB_CA_HUNARCHER_CLON	27503	1675.73999	141.699997	1297	150	100	10	7	10	4	1	1	100	0	0	1	1	100	0	0	0
MOB_CA_HUNARCHER_CLON	27503	1873.43994	139.869995	499.320007	200	100	10	10	15	4	1	1	100	0	0	1	1	100	0	0	0
MOB_CA_HUNARCHER_CLON	27504	415.040009	140.259995	241.270004	400	300	10	3	5	4	1	1	100	0	0	1	1	100	0	0	0
MOB_CA_HUNARCHER_CLON	27504	430.279999	202.179993	1509.31006	400	300	10	3	5	4	1	1	100	0	0	1	1	100	0	0	0
MOB_CA_HUNARCHER_CLON	27504	780.890015	220.25	922.22998	400	300	10	3	5	4	1	1	100	0	0	1	1	100	0	0	0
MOB_CA_HUNARCHER_CLON	27504	1116.68005	196.110001	1758.10999	400	300	10	3	5	4	1	1	100	0	0	1	1	100	0	0	0
MOB_CA_HUNARCHER_CLON	27504	1242.78003	173.139999	296.190002	400	300	10	3	5	4	1	1	100	0	0	1	1	100	0	0	0
MOB_CA_HUNARCHER_CLON	27504	1343.45996	196.630005	1079.59998	400	300	10	3	5	4	1	1	100	0	0	1	1	100	0	0	0
MOB_CA_HUNARCHER_CLON	27504	1740.96997	226.830002	1676.89001	400	300	10	3	5	4	1	1	100	0	0	1	1	100	0	0	0
MOB_CA_HUNARCHER_CLON	27753	1699.18994	302.970001	851.75	150	100	10	10	15	4	1	1	100	0	0	1	1	100	0	0	0
MOB_CA_HUNARCHER_CLON	27754	130.179993	303.440002	813.940002	400	300	10	10	15	4	1	1	100	0	0	1	1	100	0	0	0
MOB_CA_HUNARCHER_CLON	27754	437.600006	316.720001	909.27002	150	100	10	10	15	4	1	1	100	0	0	1	1	100	0	0	0
MOB_CA_HUNARCHER_CLON	27754	865.059998	316.700012	955.679993	400	300	10	10	15	4	1	1	100	0	0	1	1	100	0	0	0
MOB_CA_HUNARCHER_CLON	27754	1149.67004	316.910004	994.450012	400	300	10	3	5	4	1	1	100	0	0	1	1	100	0	0	0
MOB_CA_HUNARCHER_CLON	27754	1535.83997	279.809998	789.219971	150	100	10	10	13	4	1	1	100	0	0	1	1	100	0	0	0
MOB_CA_HUNARCHER_CLON	27754	1740.93005	336.359985	1041.80005	400	300	10	10	15	4	1	1	100	0	0	1	1	100	0	0	0
MOB_CA_HUNARCHER_CLON	27755	127.760002	340.579987	1129.40002	150	100	10	10	11	4	1	1	100	0	0	1	1	100	0	0	0
MOB_CA_HUNARCHER_CLON	27755	480.940002	346.380005	1178.90002	150	100	10	10	11	4	1	1	100	0	0	1	1	100	0	0	0
MOB_CA_HUNARCHER_CLON	27757	45.5900002	178.589996	1210.81006	150	100	10	10	15	4	1	1	100	0	0	1	1	100	0	0	0
MOB_CA_HUNARCHER_CLON	27757	234.309998	179.839996	736.76001	150	100	10	10	15	4	1	1	100	0	0	1	1	100	0	0	0
MOB_CA_HUNARCHER_CLON	27757	260.429993	180	1442.81995	400	300	10	10	15	4	1	1	100	0	0	1	1	100	0	0	0
MOB_CA_HUNARCHER_CLON	27757	468.410004	181.710007	351.730011	150	100	10	10	15	4	1	1	100	0	0	1	1	100	0	0	0
MOB_CA_HUNARCHER_CLON	27757	578.23999	180	1498.13	150	100	10	10	15	4	1	1	100	0	0	1	1	100	0	0	0
MOB_CA_HUNARCHER_CLON	27757	599.73999	180	615.710022	400	300	10	10	15	4	1	1	100	0	0	1	1	100	0	0	0
MOB_CA_HUNARCHER_CLON	27757	757.330017	180	1049.63	150	100	10	10	15	4	1	1	100	0	0	1	1	100	0	0	0
MOB_CA_HUNARCHER_CLON	27758	1703.5	180	171	400	300	10	3	5	4	1	1	100	0	0	1	1	100	0	0	0
MOB_CA_HUNARCHER_CLON	27759	320.450012	180	449.299988	400	300	10	3	5	4	1	1	100	0	0	1	1	100	0	0	0
MOB_CA_HUNARCHER_CLON	27759	1010.57001	180	263.390015	400	300	10	3	5	4	1	1	100	0	0	1	1	100	0	0	0
MOB_CA_HUNARCHER_CLON	27759	1783.20996	180	601.049988	400	300	10	3	5	4	1	1	100	0	0	1	1	100	0	0	0
MOB_CA_HUNARCHER_CLON	27760	435.440002	189.960007	233.389999	400	300	10	3	5	4	1	1	100	0	0	1	1	100	0	0	0
MOB_CA_HUNARCHER_CLON	27760	1003.44	182.669998	568.659973	400	300	10	3	5	4	1	1	100	0	0	1	1	100	0	0	0
MOB_CA_HUNARCHER_CLON	27760	1634.25	190.470001	312.600006	400	300	10	3	5	4	1	1	100	0	0	1	1	100	0	0	0
MOB_CA_HUNLANCER	25969	1138.43005	193.759995	1865.10999	400	300	10	3	3	4	1	0	100	0	0	1	1	100	0	0	0
MOB_CA_HUNLANCER	26223	1783.72998	186.160004	906.150024	400	300	10	3	3	6	1	0	100	0	0	1	1	100	0	0	0
MOB_CA_HUNLANCER	26224	110.199997	156.429993	1559.39001	400	300	10	3	3	6	1	0	100	0	0	1	1	100	0	0	0
MOB_CA_HUNLANCER	26224	249.630005	180	435.670013	400	300	10	3	3	6	1	0	100	0	0	1	1	100	0	0	0
MOB_CA_HUNLANCER	26224	594.559998	180	978.669983	400	300	10	3	3	6	1	0	100	0	0	1	1	100	0	0	0
MOB_CA_HUNLANCER	26224	929.619995	206.929993	407.73999	400	300	10	3	3	6	1	0	100	0	0	1	1	100	0	0	0
MOB_CA_HUNLANCER	26224	949.289978	160.589996	1376.80005	400	300	10	3	3	6	1	0	100	0	0	1	1	100	0	0	0
MOB_CA_HUNLANCER	26224	1193.27002	180	914.090027	400	300	10	3	3	6	1	0	100	0	0	1	1	100	0	0	0
MOB_CA_HUNLANCER	26224	1478.23999	158.550003	1399.42004	1000	700	10	4	6	6	1	0	100	0	0	1	1	100	0	0	0
MOB_CA_HUNLANCER	26224	1598.87	222.559998	389.940002	400	300	10	3	3	6	1	0	100	0	0	1	1	100	0	0	0
MOB_CA_HUNLANCER	26224	1642.73999	160	1468.18994	400	300	10	3	3	6	1	0	100	0	0	1	1	100	0	0	0
MOB_CA_HUNLANCER	26224	1918.70996	201.429993	982.809998	400	300	10	3	3	6	1	0	100	0	0	1	1	100	0	0	0
MOB_CA_HUNLANCER	26225	322.940002	183.330002	1486.84998	400	300	10	3	3	6	1	0	100	0	0	1	1	100	0	0	0
MOB_CA_HUNLANCER	26225	338.839996	239.25	478.209991	400	300	10	3	3	6	1	0	100	0	0	1	1	100	0	0	0
MOB_CA_HUNLANCER	26225	630.75	191.419998	1022.29999	400	300	10	3	3	6	1	0	100	0	0	1	1	100	0	0	0
MOB_CA_HUNLANCER	26225	966.369995	236.809998	498.369995	400	300	10	3	3	6	1	0	100	0	0	1	1	100	0	0	0
MOB_CA_HUNLANCER	26225	1012.06	219.009995	1659.87	400	300	10	3	3	6	1	0	100	0	0	1	1	100	0	0	0
MOB_CA_HUNLANCER	26225	1308.85999	247.470001	1023.82001	400	300	10	3	3	6	1	0	100	0	0	1	1	100	0	0	0
MOB_CA_HUNLANCER	26225	1483.34998	269.549988	864.380005	1000	700	10	4	6	6	1	0	100	0	0	1	1	100	0	0	0
MOB_CA_HUNLANCER	26225	1621.18994	266.589996	396.559998	400	300	10	3	3	6	1	0	100	0	0	1	1	100	0	0	0
MOB_CA_HUNLANCER	26225	1789.18994	235.089996	1485.98999	400	300	10	3	3	6	1	0	100	0	0	1	1	100	0	0	0
MOB_CA_HUNLANCER	26226	91.6699982	218.339996	904.030029	400	300	10	3	3	6	1	0	100	0	0	1	1	100	0	0	0
MOB_CA_HUNLANCER	26226	386.73999	222.380005	183.289993	400	300	10	3	3	6	1	0	100	0	0	1	1	100	0	0	0
MOB_CA_HUNLANCER	26226	505.790009	183.539993	1405.19995	400	300	10	3	3	6	1	0	100	0	0	1	1	100	0	0	0
MOB_CA_HUNLANCER	26226	869.280029	204.300003	593.530029	400	300	10	3	3	6	1	0	100	0	0	1	1	100	0	0	0
MOB_CA_HUNLANCER	26226	1068.63	171.320007	1561.33997	1000	700	10	4	6	6	1	0	100	0	0	1	1	100	0	0	0
MOB_CA_HUNLANCER	26226	1244.30005	179.309998	1428.33997	400	300	10	3	3	6	1	0	100	0	0	1	1	100	0	0	0
MOB_CA_HUNLANCER	26226	1367.43005	183.830002	100.110001	400	300	10	3	3	6	1	0	100	0	0	1	1	100	0	0	0
MOB_CA_HUNLANCER	26226	1669.12	180	718.570007	400	300	10	3	3	6	1	0	100	0	0	1	1	100	0	0	0
MOB_CA_HUNLANCER	26226	1854.06006	180	329.309998	1000	700	10	4	6	6	1	0	100	0	0	1	1	100	0	0	0
MOB_CA_HUNLANCER	26227	50.3499985	176.149994	1245.58997	400	300	10	3	3	6	1	0	100	0	0	1	1	100	0	0	0
MOB_CA_HUNLANCER	26227	280.679993	146.619995	1786.05005	400	300	10	3	3	6	1	0	100	0	0	1	1	100	0	0	0
MOB_CA_HUNLANCER	26227	389.950012	180	234.360001	400	300	10	3	3	6	1	0	100	0	0	1	1	100	0	0	0
MOB_CA_HUNLANCER	26227	535.76001	188.050003	878.02002	400	300	10	3	3	6	1	0	100	0	0	1	1	100	0	0	0
MOB_CA_HUNLANCER	26227	548.789978	209.429993	1242.39001	1000	700	10	4	6	6	1	0	100	0	0	1	1	100	0	0	0
MOB_CA_HUNLANCER	26227	832.51001	197.619995	1581.28003	400	300	10	3	3	6	1	0	100	0	0	1	1	100	0	0	0
MOB_CA_HUNLANCER	26227	1025.89001	241.410004	411.220001	400	300	10	3	3	6	1	0	100	0	0	1	1	100	0	0	0
MOB_CA_HUNLANCER	26227	1212.92004	261.829987	1031.96997	400	300	10	3	3	6	1	0	100	0	0	1	1	100	0	0	0
MOB_CA_HUNLANCER	26227	1793.96997	265.579987	608.369995	400	300	10	3	3	6	1	0	100	0	0	1	1	100	0	0	0
MOB_CA_HUNLANCER	26228	372.480011	223.339996	1264.04004	400	300	10	3	3	6	1	0	100	0	0	1	1	100	0	0	0
MOB_CA_HUNLANCER	26228	600.890015	209.490005	592	400	300	10	3	3	6	1	0	100	0	0	1	1	100	0	0	0
MOB_CA_HUNLANCER	26228	1027.68005	200.25	1189.37	400	300	10	3	3	6	1	0	100	0	0	1	1	100	0	0	0
MOB_CA_HUNLANCER	26480	445.959991	180	865.840027	200	100	10	3	3	6	1	0	100	0	0	1	1	100	0	0	0
MOB_CA_HUNLANCER	26480	558.659973	180	1865.69995	200	100	10	3	3	6	1	0	100	0	0	1	1	100	0	0	0
MOB_CA_HUNLANCER	26480	805.150024	210.229996	1273.34998	200	100	10	3	3	6	1	0	100	0	0	1	1	100	0	0	0
MOB_CA_HUNLANCER	26480	962.159973	106.169998	153.490005	400	300	10	3	3	6	1	0	100	0	0	1	1	100	0	0	0
MOB_CA_HUNLANCER	26480	1072.37	199.220001	656.73999	200	100	10	3	3	6	1	0	100	0	0	1	1	100	0	0	0
MOB_CA_HUNLANCER	26480	1437.47998	247.759995	1180.98999	200	100	10	3	3	6	1	0	100	0	0	1	1	100	0	0	0
MOB_CA_HUNLANCER	26480	1840.69995	206.820007	1695.72998	200	100	10	3	3	6	1	0	100	0	0	1	1	100	0	0	0
MOB_CA_HUNLANCER	26480	1840.94995	179.179993	493.230011	200	100	10	3	3	6	1	0	100	0	0	1	1	100	0	0	0
MOB_CA_HUNLANCER	26480	1907.18005	181.830002	1187.59998	400	300	10	3	3	6	1	0	100	0	0	1	1	100	0	0	0
MOB_CA_HUNLANCER	26481	1499.02002	236.119995	116.059998	400	300	10	3	3	6	1	0	100	0	0	1	1	100	0	0	0
MOB_CA_HUNLANCER	26482	277.850006	236.160004	81.5100021	400	300	10	3	3	6	1	0	100	0	0	1	1	100	0	0	0
MOB_CA_HUNLANCER	26482	992.359985	161.259995	68.2699966	400	300	10	3	3	6	1	0	100	0	0	1	1	100	0	0	0
MOB_CA_HUNLANCER	26483	1078.15002	143.660004	253.330002	400	300	10	3	3	6	1	0	100	0	0	1	1	100	0	0	0
MOB_CA_HUNLANCER	26736	661.469971	180	578.570007	200	100	10	3	3	6	1	0	100	0	0	1	1	100	0	0	0
MOB_CA_HUNLANCER	26736	727.419983	217.669998	1263.64001	200	100	10	3	3	6	1	0	100	0	0	1	1	100	0	0	0
MOB_CA_HUNLANCER	26736	1236.44995	233.679993	37.6699982	200	100	10	3	3	6	1	0	100	0	0	1	1	100	0	0	0
MOB_CA_HUNLANCER	26736	1249.03003	235.990005	1612.89001	200	100	10	3	3	6	1	0	100	0	0	1	1	100	0	0	0
MOB_CA_HUNLANCER	26736	1400.25	197.919998	717.159973	200	100	10	3	3	6	1	0	100	0	0	1	1	100	0	0	0
MOB_CA_HUNLANCER	26736	1773.38	199.929993	1254.30005	200	100	10	3	3	6	1	0	100	0	0	1	1	100	0	0	0
MOB_CA_HUNLANCER	26737	158.339996	180.699997	407.98999	200	100	10	3	3	6	1	0	100	0	0	1	1	100	0	0	0
MOB_CA_HUNLANCER	26737	555.340027	245.009995	1095.14001	200	100	10	3	3	6	1	0	100	0	0	1	1	100	0	0	0
MOB_CA_HUNLANCER	26737	711.450012	243.369995	1854.14001	200	100	10	3	3	6	1	0	100	0	0	1	1	100	0	0	0
MOB_CA_HUNLANCER	26992	991.75	221.429993	966.830017	200	100	10	3	3	6	1	0	100	0	0	1	1	100	0	0	0
MOB_CA_HUNLANCER	26992	1004.51001	221.929993	958.23999	200	100	10	3	3	6	1	0	100	0	0	1	1	100	0	0	0
MOB_CA_HUNLANCER	26992	1143.38	272.459991	296.049988	200	100	10	3	3	6	1	0	100	0	0	1	1	100	0	0	0
MOB_CA_HUNLANCER	26992	1565.20996	205.270004	1290.90002	200	100	10	3	3	6	1	0	100	0	0	1	1	100	0	0	0
MOB_CA_HUNLANCER	26992	1725.18005	240.589996	662.119995	200	100	10	3	3	6	1	0	100	0	0	1	1	100	0	0	0
MOB_CA_HUNLANCER	26992	1879.79004	205.300003	11.1700001	200	100	10	3	3	6	1	0	100	0	0	1	1	100	0	0	0
MOB_CA_HUNLANCER	26993	134.929993	239.509995	1880.08997	200	100	10	3	3	6	1	0	100	0	0	1	1	100	0	0	0
MOB_CA_HUNLANCER	26993	438.649994	238.5	1174.97998	200	100	10	3	3	6	1	0	100	0	0	1	1	100	0	0	0
MOB_CA_HUNLANCER	26993	509.630005	217.960007	498.76001	200	100	10	3	3	6	1	0	100	0	0	1	1	100	0	0	0
MOB_CA_HUNLANCER	26993	886.640015	194.029999	1763.69995	200	100	10	3	3	6	1	0	100	0	0	1	1	100	0	0	0
MOB_CA_HUNLANCER	26995	421.320007	208.850006	1874.5	200	100	10	3	3	6	1	0	100	0	0	1	1	100	0	0	0
MOB_CA_HUNLANCER	26995	426.410004	208.990005	1864.32996	200	100	10	3	3	6	1	0	100	0	0	1	1	100	0	0	0
MOB_CA_HUNLANCER	27248	1418.55005	203.630005	50.8300018	200	100	10	3	3	6	1	0	100	0	0	1	1	100	0	0	0
MOB_CA_HUNLANCER	27248	1852.81006	199.320007	632.109985	200	100	10	3	3	6	1	0	100	0	0	1	1	100	0	0	0
MOB_CA_HUNLANCER	27248	1909.68994	199.279999	1232.29004	200	100	10	3	3	6	1	0	100	0	0	1	1	100	0	0	0
MOB_CA_HUNLANCER	27249	559.090027	180	1061.92004	200	100	10	3	3	6	1	0	100	0	0	1	1	100	0	0	0
MOB_CA_HUNLANCER	27249	622.140015	180	490.019989	200	100	10	3	3	6	1	0	100	0	0	1	1	100	0	0	0
MOB_CA_HUNLANCER	27249	1134.5	129.820007	976.080017	200	100	10	3	3	6	1	0	100	0	0	1	1	100	0	0	0
MOB_CA_HUNLANCER	27249	1222.01001	228.470001	375.329987	200	100	10	3	3	6	1	0	100	0	0	1	1	100	0	0	0
MOB_CA_HUNLANCER	27249	1702.93005	128.039993	1040.64001	200	100	10	3	3	6	1	0	100	0	0	1	1	100	0	0	0
MOB_CA_HUNLANCER	27249	1878.42004	173.729996	351.529999	200	100	10	3	3	6	1	0	100	0	0	1	1	100	0	0	0
MOB_CA_HUNLANCER	27250	335.600006	171.910004	1767.52002	400	300	10	3	3	6	1	0	100	0	0	1	1	100	0	0	0
MOB_CA_HUNLANCER	27250	365.450012	136.619995	1054.82996	200	100	10	3	3	6	1	0	100	0	0	1	1	100	0	0	0
MOB_CA_HUNLANCER	27250	539.570007	195.130005	505.950012	200	100	10	3	3	6	1	0	100	0	0	1	1	100	0	0	0
MOB_CA_HUNLANCER	27250	999.440002	156.710007	835.609985	200	100	10	3	3	6	1	0	100	0	0	1	1	100	0	0	0
MOB_CA_HUNLANCER	27250	1126.92004	177.729996	1877.83997	400	300	10	3	3	6	1	0	100	0	0	1	1	100	0	0	0
MOB_CA_HUNLANCER	27250	1155.93005	180	1396.03003	200	100	10	3	3	6	1	0	100	0	0	1	1	100	0	0	0
MOB_CA_HUNLANCER	27250	1431.93994	180	409.269989	200	100	10	3	3	6	1	0	100	0	0	1	1	100	0	0	0
MOB_CA_HUNLANCER	27250	1569.69995	180	1010.53003	200	100	10	3	3	6	1	0	100	0	0	1	1	100	0	0	0
MOB_CA_HUNLANCER	27250	1820.06995	180	1548.02002	200	100	10	3	3	6	1	0	100	0	0	1	1	100	0	0	0
MOB_CA_HUNLANCER	27251	289.769989	187.539993	533.390015	200	100	10	3	3	6	1	0	100	0	0	1	1	100	0	0	0
MOB_CA_HUNLANCER	27251	414.079987	180	1190.79004	200	100	10	3	3	6	1	0	100	0	0	1	1	100	0	0	0
MOB_CA_HUNLANCER	27251	451.76001	181.860001	1754.30005	400	300	10	3	3	6	1	0	100	0	0	1	1	100	0	0	0
MOB_CA_HUNLANCER	27251	1005.46997	180	1005.40002	200	100	10	3	3	6	1	0	100	0	0	1	1	100	0	0	0
MOB_CA_HUNLANCER	27251	1030.13	180	418.170013	200	100	10	3	3	6	1	0	100	0	0	1	1	100	0	0	0
MOB_CA_HUNLANCER	27251	1260.29004	180.360001	1652.98999	200	100	10	3	3	6	1	0	100	0	0	1	1	100	0	0	0
MOB_CA_HUNLANCER	27251	1786.77002	185.889999	763.22998	200	100	10	3	3	6	1	0	100	0	0	1	1	100	0	0	0
MOB_CA_HUNLANCER	27251	1827.93994	180	1356.96997	200	100	10	3	3	6	1	0	100	0	0	1	1	100	0	0	0
MOB_CA_HUNLANCER	27252	447.589996	228.229996	212.649994	200	100	10	3	3	6	1	0	100	0	0	1	1	100	0	0	0
MOB_CA_HUNLANCER	27252	487.959991	180	1553.85999	200	100	10	3	3	6	1	0	100	0	0	1	1	100	0	0	0
MOB_CA_HUNLANCER	27252	678.809998	183.809998	948.77002	200	100	10	3	3	6	1	0	100	0	0	1	1	100	0	0	0
MOB_CA_HUNLANCER	27252	1155.94995	169.300003	1465.72998	200	100	10	3	3	6	1	0	100	0	0	1	1	100	0	0	0
MOB_CA_HUNLANCER	27252	1308.68994	185.429993	644.830017	200	100	10	3	3	6	1	0	100	0	0	1	1	100	0	0	0
MOB_CA_HUNLANCER	27252	1765.73999	176.259995	1159.06995	200	100	10	3	3	6	1	0	100	0	0	1	1	100	0	0	0
MOB_CA_HUNLANCER	27253	44.9199982	205.070007	495.959991	200	100	10	3	3	6	1	0	100	0	0	1	1	100	0	0	0
MOB_CA_HUNLANCER	27253	333.640015	209.880005	1448.93994	400	300	10	3	3	6	1	0	100	0	0	1	1	100	0	0	0
MOB_CA_HUNLANCER	27253	444.190002	191.330002	941.809998	200	100	10	3	3	6	1	0	100	0	0	1	1	100	0	0	0
MOB_CA_HUNLANCER	27253	668.200012	183.190002	427.660004	200	100	10	3	3	6	1	0	100	0	0	1	1	100	0	0	0
MOB_CA_HUNLANCER	27253	1052.25	198.520004	1397.22998	200	100	10	3	3	6	1	0	100	0	0	1	1	100	0	0	0
MOB_CA_HUNLANCER	27505	220.389999	213.539993	156.210007	200	100	10	3	3	6	1	0	100	0	0	1	1	100	0	0	0
MOB_CA_HUNLANCER	27505	501.029999	216.660004	966.619995	200	100	10	3	3	6	1	0	100	0	0	1	1	100	0	0	0
MOB_CA_HUNLANCER	27505	963.799988	189.559998	1853.62	200	100	10	3	3	6	1	0	100	0	0	1	1	100	0	0	0
MOB_CA_HUNLANCER	27505	1028.39001	239.320007	558.460022	200	100	10	3	3	6	1	0	100	0	0	1	1	100	0	0	0
MOB_CA_HUNLANCER	27505	1692.41003	236.050003	936.51001	200	100	10	3	3	6	1	0	100	0	0	1	1	100	0	0	0
MOB_CA_HUNLANCER	27506	270.339996	229.529999	366.230011	200	100	10	3	3	6	1	0	100	0	0	1	1	100	0	0	0
MOB_CA_HUNLANCER	27506	489.529999	151.729996	1757.93005	200	100	10	3	3	6	1	0	100	0	0	1	1	100	0	0	0
MOB_CA_HUNLANCER	27506	559.25	214.589996	1031.88	200	100	10	3	3	6	1	0	100	0	0	1	1	100	0	0	0
MOB_CA_HUNLANCER	27506	981.070007	234.509995	410.079987	200	100	10	3	3	6	1	0	100	0	0	1	1	100	0	0	0
MOB_CA_HUNLANCER	27506	1168.93005	186.529999	1852.19995	200	100	10	3	3	6	1	0	100	0	0	1	1	100	0	0	0
MOB_CA_HUNLANCER	27506	1209.95996	241.429993	1185.70996	200	100	10	3	3	6	1	0	100	0	0	1	1	100	0	0	0
MOB_CA_HUNLANCER	27506	1705.25	241.800003	713.109985	200	100	10	3	3	6	1	0	100	0	0	1	1	100	0	0	0
MOB_CA_HUNLANCER	27506	1811.31995	234.270004	1374.02002	200	100	10	3	3	6	1	0	100	0	0	1	1	100	0	0	0
MOB_CA_HUNLANCER	27507	337.450012	150.460007	1736.70996	200	100	10	3	3	6	1	0	100	0	0	1	1	100	0	0	0
MOB_CA_HUNLANCER	27507	453.880005	231	385.959991	200	100	10	3	3	6	1	0	100	0	0	1	1	100	0	0	0
MOB_CA_HUNLANCER	27507	506.200012	215.979996	1038.97998	200	100	10	3	3	6	1	0	100	0	0	1	1	100	0	0	0
MOB_CA_HUNLANCER	27507	931.929993	182.630005	126.900002	400	300	10	3	3	6	1	0	100	0	0	1	1	100	0	0	0
MOB_CA_HUNLANCER	27507	963.380005	261.390015	1325.07996	200	100	10	3	3	6	1	0	100	0	0	1	1	100	0	0	0
MOB_CA_HUNLANCER	27507	1002.87	241.869995	723.25	200	100	10	3	3	6	1	0	100	0	0	1	1	100	0	0	0
MOB_CA_HUNLANCER	27507	1504.95996	232.110001	1261.01001	200	100	10	3	3	6	1	0	100	0	0	1	1	100	0	0	0
MOB_CA_HUNLANCER	27507	1617.66003	242.289993	584.969971	200	100	10	3	3	6	1	0	100	0	0	1	1	100	0	0	0
MOB_CA_HUNLANCER	27508	241.690002	276.649994	949.780029	200	100	10	3	3	6	1	0	100	0	0	1	1	100	0	0	0
MOB_CA_HUNLANCER	27508	252.910004	213.610001	180.339996	200	100	10	3	3	6	1	0	100	0	0	1	1	100	0	0	0
MOB_CA_HUNLANCER	27508	297.040009	150.690002	1752.87	200	100	10	3	3	6	1	0	100	0	0	1	1	100	0	0	0
MOB_CA_HUNLANCER	27508	741.400024	219.419998	589.710022	200	100	10	3	3	6	1	0	100	0	0	1	1	100	0	0	0
MOB_CA_HUNLANCER	27508	813.159973	222.070007	1394.51001	200	100	10	3	3	6	1	0	100	0	0	1	1	100	0	0	0
MOB_CA_HUNLANCER	27508	1168	242.289993	992.099976	200	100	10	3	3	6	1	0	100	0	0	1	1	100	0	0	0
MOB_CA_HUNLANCER	27508	1451.98999	259.049988	1559.56006	200	100	10	3	3	6	1	0	100	0	0	1	1	100	0	0	0
MOB_CA_HUNLANCER	27508	1577.16003	242.509995	385.589996	200	100	10	3	3	6	1	0	100	0	0	1	1	100	0	0	0
MOB_CA_HUNLANCER	27508	1810.27002	233.889999	959.809998	200	100	10	3	3	6	1	0	100	0	0	1	1	100	0	0	0
MOB_CA_HUNLANCER	27509	129.199997	234.059998	1552.82996	200	100	10	3	3	6	1	0	100	0	0	1	1	100	0	0	0
MOB_CA_HUNLANCER	27509	267.730011	216.279999	507.279999	200	100	10	3	3	6	1	0	100	0	0	1	1	100	0	0	0
MOB_CA_HUNLANCER	27509	604.690002	183.419998	23.6200008	200	100	10	3	3	6	1	0	100	0	0	1	1	100	0	0	0
MOB_CA_HUNLANCER	27509	646.26001	212.149994	1189.77002	200	100	10	3	3	6	1	0	100	0	0	1	1	100	0	0	0
MOB_CA_HUNLANCER	27509	711.190002	182.279999	1908.41003	200	100	10	3	3	6	1	0	100	0	0	1	1	100	0	0	0
MOB_CA_HUNLANCER	27509	810.340027	220.729996	570.48999	200	100	10	3	3	6	1	0	100	0	0	1	1	100	0	0	0
MOB_CA_HUNLANCER	27509	1285.56995	241.279999	1486.04004	200	100	10	3	3	6	1	0	100	0	0	1	1	100	0	0	0
MOB_CA_HUNLANCER	27509	1300.65002	188.610001	150.360001	200	100	10	3	3	6	1	0	100	0	0	1	1	100	0	0	0
MOB_CA_HUNLANCER	27509	1461.60999	242.160004	746.52002	200	100	10	3	3	6	1	0	100	0	0	1	1	100	0	0	0
MOB_CA_HUNLANCER	27509	1799.09998	241.089996	1876.65002	200	100	10	3	3	6	1	0	100	0	0	1	1	100	0	0	0
MOB_CA_HUNLANCER	27510	25.3500004	232.440002	1206.06995	200	100	10	3	3	6	1	0	100	0	0	1	1	100	0	0	0
MOB_CA_HUNLANCER	27510	536.640015	181.820007	1721.38	200	100	10	3	3	6	1	0	100	0	0	1	1	100	0	0	0
MOB_CA_HUNLANCER	27761	418.089996	180	355.600006	200	100	10	3	3	6	1	0	100	0	0	1	1	100	0	0	0
MOB_CA_HUNLANCER	27761	1114.63	180	561.359985	200	100	10	3	3	6	1	0	100	0	0	1	1	100	0	0	0
MOB_CA_HUNLANCER	27761	1700.47998	180	247.289993	200	100	10	3	3	6	1	0	100	0	0	1	1	100	0	0	0
MOB_CA_HUNLANCER	27762	655.72998	180	443.149994	200	100	10	3	3	6	1	0	100	0	0	1	1	100	0	0	0
MOB_CA_HUNLANCER	27762	1760.88	199.009995	70.2200012	200	100	10	3	3	6	1	0	100	0	0	1	1	100	0	0	0
MOB_CA_HUNLANCER	27763	224.440002	180	434.76001	200	100	10	3	3	6	1	0	100	0	0	1	1	100	0	0	0
MOB_CA_HUNLANCER	27763	907.539978	188.410004	9.40999985	200	100	10	3	3	6	1	0	100	0	0	1	1	100	0	0	0
MOB_CA_HUNLANCER	27763	1534.06006	219.529999	110.029999	200	100	10	3	3	6	1	0	100	0	0	1	1	100	0	0	0
MOB_CA_HUNLANCER	27764	197.020004	180	360.049988	200	100	10	3	3	6	1	0	100	0	0	1	1	100	0	0	0
MOB_CA_HUNLANCER	27764	916.52002	179.940002	49.7400017	200	100	10	3	3	6	1	0	100	0	0	1	1	100	0	0	0
MOB_CA_HUNLANCER	27764	1603.47998	180	227.770004	200	100	10	3	3	6	1	0	100	0	0	1	1	100	0	0	0
MOB_CA_HUNLANCER	27765	160.330002	217.539993	380.799988	200	100	10	3	3	6	1	0	100	0	0	1	1	100	0	0	0
MOB_CA_HUNLANCER	27765	795.26001	291.410004	601.619995	200	100	10	3	3	6	1	0	100	0	0	1	1	100	0	0	0
MOB_CA_HUNLANCER	27765	1217.20996	180.160004	258.559998	200	100	10	3	3	6	1	0	100	0	0	1	1	100	0	0	0
MOB_CA_HUNLANCER_CLON	26220	495.540009	113.25	645.299988	400	300	10	3	5	4	1	0	100	0	0	1	1	100	0	0	0
MOB_CA_HUNLANCER_CLON	26220	1083.14001	39.8100014	1326.35999	400	300	10	3	5	4	1	0	100	0	0	1	1	100	0	0	0
MOB_CA_HUNLANCER_CLON	26220	1308.29004	180	467.600006	400	300	10	3	5	4	1	0	100	0	0	1	1	100	0	0	0
MOB_CA_HUNLANCER_CLON	26220	1523.38	109.800003	1616.42004	400	300	10	3	5	4	1	0	100	0	0	1	1	100	0	0	0
MOB_CA_HUNLANCER_CLON	26220	1885.29004	183.830002	1149.46997	400	300	10	3	5	4	1	0	100	0	0	1	1	100	0	0	0
MOB_CA_HUNLANCER_CLON	26221	300.790009	241.309998	1390.17004	150	100	10	3	5	4	1	0	100	0	0	1	1	100	0	0	0
MOB_CA_HUNLANCER_CLON	26221	392.059998	180	666.299988	400	300	10	3	5	4	1	0	100	0	0	1	1	100	0	0	0
MOB_CA_HUNLANCER_CLON	26221	680.76001	241.789993	1266.20996	400	300	10	3	5	4	1	0	100	0	0	1	1	100	0	0	0
MOB_CA_HUNLANCER_CLON	26221	763.169983	259.899994	1667.79004	150	100	10	3	5	4	1	0	100	0	0	1	1	100	0	0	0
MOB_CA_HUNLANCER_CLON	26221	905.859985	196.729996	1026.27002	150	100	10	3	5	4	1	0	100	0	0	1	1	100	0	0	0
MOB_CA_HUNLANCER_CLON	26221	908.119995	204.679993	584.650024	400	300	10	3	5	4	1	0	100	0	0	1	1	100	0	0	0
MOB_CA_HUNLANCER_CLON	26221	914.48999	199.880005	997.559998	150	100	10	3	5	4	1	0	100	0	0	1	1	100	0	0	0
MOB_CA_HUNLANCER_CLON	26221	1147.06006	213.289993	1561.33997	400	300	10	3	5	4	1	0	100	0	0	1	1	100	0	0	0
MOB_CA_HUNLANCER_CLON	26221	1483.72998	207.800003	1394.87	150	100	10	3	5	4	1	0	100	0	0	1	1	100	0	0	0
MOB_CA_HUNLANCER_CLON	26221	1525.42004	243.570007	994.73999	400	300	10	3	5	4	1	0	100	0	0	1	1	100	0	0	0
MOB_CA_HUNLANCER_CLON	26222	63.2299995	264.559998	699.070007	400	300	10	3	5	4	1	0	100	0	0	1	1	100	0	0	0
MOB_CA_HUNLANCER_CLON	26222	236.229996	240.779999	1298.40002	400	300	10	3	5	4	1	0	100	0	0	1	1	100	0	0	0
MOB_CA_HUNLANCER_CLON	26222	364.920013	155.800003	1907.41003	400	300	10	3	5	4	1	0	100	0	0	1	1	100	0	0	0
MOB_CA_HUNLANCER_CLON	26222	533.02002	280.25	724.849976	150	100	10	3	5	4	1	0	100	0	0	1	1	100	0	0	0
MOB_CA_HUNLANCER_CLON	26222	785.099976	257.220001	875.210022	400	300	10	3	5	4	1	0	100	0	0	1	1	100	0	0	0
MOB_CA_HUNLANCER_CLON	26222	1060.69995	240.710007	1417.92004	150	100	10	3	5	4	1	0	100	0	0	1	1	100	0	0	0
MOB_CA_HUNLANCER_CLON	26222	1246.30005	222.509995	1488.20996	400	300	10	3	5	4	1	0	100	0	0	1	1	100	0	0	0
MOB_CA_HUNLANCER_CLON	26222	1272.91003	253.139999	904.159973	150	100	10	3	5	4	1	0	100	0	0	1	1	100	0	0	0
MOB_CA_HUNLANCER_CLON	26222	1597.57996	210.369995	1773.56995	400	300	10	3	5	4	1	0	100	0	0	1	1	100	0	0	0
MOB_CA_HUNLANCER_CLON	26222	1751.63	228.429993	1019.28998	400	300	10	3	5	4	1	0	100	0	0	1	1	100	0	0	0
MOB_CA_HUNLANCER_CLON	26223	115.800003	196.139999	1567.77002	150	100	10	3	5	4	1	0	100	0	0	1	1	100	0	0	0
MOB_CA_HUNLANCER_CLON	26223	360.779999	227.600006	1864.98999	400	300	10	3	5	4	1	0	100	0	0	1	1	100	0	0	0
MOB_CA_HUNLANCER_CLON	26223	428.109985	180	810.030029	400	300	10	3	5	4	1	0	100	0	0	1	1	100	0	0	0
MOB_CA_HUNLANCER_CLON	26223	612.289978	180	718.52002	150	100	10	3	5	4	1	0	100	0	0	1	1	100	0	0	0
MOB_CA_HUNLANCER_CLON	26223	640.609985	191.570007	1410.91003	150	100	10	3	5	4	1	0	100	0	0	1	1	100	0	0	0
MOB_CA_HUNLANCER_CLON	26223	911.26001	211.869995	1778.90002	400	300	10	3	5	4	1	0	100	0	0	1	1	100	0	0	0
MOB_CA_HUNLANCER_CLON	26223	1117.89001	180	556.049988	400	300	10	3	5	4	1	0	100	0	0	1	1	100	0	0	0
MOB_CA_HUNLANCER_CLON	26223	1217.92004	219.089996	1513.05005	400	300	10	3	5	4	1	0	100	0	0	1	1	100	0	0	0
MOB_CA_HUNLANCER_CLON	26476	1197.92004	154.190002	213.429993	400	300	10	3	5	4	1	0	100	0	0	1	1	100	0	0	0
MOB_CA_HUNLANCER_CLON	26476	1754.83997	190.460007	1583.57996	150	100	10	3	5	4	1	0	100	0	0	1	1	100	0	0	0
MOB_CA_HUNLANCER_CLON	26476	1776.14001	174.860001	250.690002	400	300	10	3	5	4	1	0	100	0	0	1	1	100	0	0	0
MOB_CA_HUNLANCER_CLON	26476	1797.57996	211.020004	723.450012	400	300	10	3	5	4	1	0	100	0	0	1	1	100	0	0	0
MOB_CA_HUNLANCER_CLON	26477	37.8100014	185.630005	1102.26001	150	100	10	3	5	4	1	0	100	0	0	1	1	100	0	0	0
MOB_CA_HUNLANCER_CLON	26477	316.390015	225.850006	1486.81006	150	100	10	3	5	2	1	0	100	0	0	1	1	100	0	0	0
MOB_CA_HUNLANCER_CLON	26477	469.26001	214.910004	1301.32996	400	300	10	3	5	4	1	0	100	0	0	1	1	100	0	0	0
MOB_CA_HUNLANCER_CLON	26477	828.200012	207.669998	1344.91003	150	100	10	3	5	2	1	0	100	0	0	1	1	100	0	0	0
MOB_CA_HUNLANCER_CLON	26477	1028.75	183.589996	273.049988	400	300	10	3	5	4	1	0	100	0	0	1	1	100	0	0	0
MOB_CA_HUNLANCER_CLON	26477	1034.47998	194.089996	844.919983	400	300	10	3	5	4	1	0	100	0	0	1	1	100	0	0	0
MOB_CA_HUNLANCER_CLON	26477	1193.95996	205.220001	1778.26001	150	100	10	3	5	2	1	0	100	0	0	1	1	100	0	0	0
MOB_CA_HUNLANCER_CLON	26477	1371.83997	202.539993	1585.04004	400	300	10	3	5	4	1	0	100	0	0	1	1	100	0	0	0
MOB_CA_HUNLANCER_CLON	26477	1522.52002	198.899994	1256.33997	150	100	10	3	5	4	1	0	100	0	0	1	1	100	0	0	0
MOB_CA_HUNLANCER_CLON	26477	1594.84998	180	5.11000013	400	300	10	3	5	4	1	0	100	0	0	1	1	100	0	0	0
MOB_CA_HUNLANCER_CLON	26478	89.6399994	249.020004	1757.13	150	100	10	10	15	4	1	0	100	0	0	1	1	100	0	0	0
MOB_CA_HUNLANCER_CLON	26478	396.959991	192.210007	967.27002	150	100	10	3	5	4	1	0	100	0	0	1	1	100	0	0	0
MOB_CA_HUNLANCER_CLON	26478	477.209991	237.279999	1500.43994	150	100	10	3	5	2	1	0	100	0	0	1	1	100	0	0	0
MOB_CA_HUNLANCER_CLON	26478	909.349976	225.960007	1807.01001	150	100	10	3	5	2	1	0	100	0	0	1	1	100	0	0	0
MOB_CA_HUNLANCER_CLON	26478	1065.54004	218.210007	1293.58997	150	100	10	3	5	4	1	0	100	0	0	1	1	100	0	0	0
MOB_CA_HUNLANCER_CLON	26478	1074.56006	219.639999	1308.51001	150	100	10	3	5	4	1	0	100	0	0	1	1	100	0	0	0
MOB_CA_HUNLANCER_CLON	26478	1086.20996	178.399994	89.5299988	400	300	10	3	5	4	1	0	100	0	0	1	1	100	0	0	0
MOB_CA_HUNLANCER_CLON	26478	1564.22998	163.089996	995.150024	150	100	10	3	5	4	1	0	100	0	0	1	1	100	0	0	0
MOB_CA_HUNLANCER_CLON	26478	1618.59998	168.220001	1308.68994	400	300	10	3	5	4	1	0	100	0	0	1	1	100	0	0	0
MOB_CA_HUNLANCER_CLON	26478	1636.37	185.320007	562.73999	400	300	10	3	5	4	1	0	100	0	0	1	1	100	0	0	0
MOB_CA_HUNLANCER_CLON	26479	78.8899994	175.910004	1841	400	300	10	3	5	4	1	0	100	0	0	1	1	100	0	0	0
MOB_CA_HUNLANCER_CLON	26479	118.389999	144.139999	1340.84998	150	100	10	3	5	4	1	0	100	0	0	1	1	100	0	0	0
MOB_CA_HUNLANCER_CLON	26479	153.949997	212.240005	494.179993	400	300	10	3	5	4	1	0	100	0	0	1	1	100	0	0	0
MOB_CA_HUNLANCER_CLON	26479	367.109985	151.539993	1860.94995	150	100	10	3	5	4	1	0	100	0	0	1	1	100	0	0	0
MOB_CA_HUNLANCER_CLON	26479	739.210022	232.259995	870.080017	150	100	10	3	5	4	1	0	100	0	0	1	1	100	0	0	0
MOB_CA_HUNLANCER_CLON	26479	796.460022	229.880005	406.790009	400	300	10	3	5	4	1	0	100	0	0	1	1	100	0	0	0
MOB_CA_HUNLANCER_CLON	26479	1143.38	241.899994	617.849976	150	100	10	3	5	4	1	0	100	0	0	1	1	100	0	0	0
MOB_CA_HUNLANCER_CLON	26479	1296.40002	240.649994	1467.43005	150	100	10	3	5	4	1	0	100	0	0	1	1	100	0	0	0
MOB_CA_HUNLANCER_CLON	26479	1493.71997	240.940002	229.759995	400	300	10	3	5	4	1	0	100	0	0	1	1	100	0	0	0
MOB_CA_HUNLANCER_CLON	26479	1586.91003	241.979996	744.049988	150	100	10	3	5	4	1	0	100	0	0	1	1	100	0	0	0
MOB_CA_HUNLANCER_CLON	26480	75.7900009	225.5	1550.67004	150	100	10	3	5	4	1	0	100	0	0	1	1	100	0	0	0
MOB_CA_HUNLANCER_CLON	26731	717.5	236.470001	1275.52002	150	100	10	10	15	2	1	0	100	0	0	1	1	100	0	0	0
MOB_CA_HUNLANCER_CLON	26731	1363.03003	235.169998	1330.67004	150	100	10	10	15	2	1	0	100	0	0	1	1	100	0	0	0
MOB_CA_HUNLANCER_CLON	26732	813.909973	198.220001	227.300003	150	100	10	10	15	4	1	0	100	0	0	1	1	100	0	0	0
MOB_CA_HUNLANCER_CLON	26732	1465.13	305.160004	901.460022	150	100	10	10	15	2	1	0	100	0	0	1	1	100	0	0	0
MOB_CA_HUNLANCER_CLON	26732	1592.67004	307.25	1382.81995	400	300	10	3	5	4	1	0	100	0	0	1	1	100	0	0	0
MOB_CA_HUNLANCER_CLON	26732	1680.44995	294.5	367.019989	150	100	10	3	5	6	1	0	100	0	0	1	1	100	0	0	0
MOB_CA_HUNLANCER_CLON	26732	1741.89001	299.380005	17.6299992	400	300	10	3	5	4	1	0	100	0	0	1	1	100	0	0	0
MOB_CA_HUNLANCER_CLON	26732	1821.42004	298.76001	916.530029	400	300	10	3	5	4	1	0	100	0	0	1	1	100	0	0	0
MOB_CA_HUNLANCER_CLON	26732	1898.26001	258.940002	1728.77002	400	300	10	3	5	4	1	0	100	0	0	1	1	100	0	0	0
MOB_CA_HUNLANCER_CLON	26733	152.929993	292.140015	80.25	150	100	10	3	5	2	1	0	100	0	0	1	1	100	0	0	0
MOB_CA_HUNLANCER_CLON	26733	247.070007	297.679993	1058.09998	150	100	10	10	15	4	1	0	100	0	0	1	1	100	0	0	0
MOB_CA_HUNLANCER_CLON	26733	401.700012	297.549988	531.919983	150	100	10	3	5	2	1	0	100	0	0	1	1	100	0	0	0
MOB_CA_HUNLANCER_CLON	26733	641.289978	194.25	1809.56006	400	300	10	3	5	4	1	0	100	0	0	1	1	100	0	0	0
MOB_CA_HUNLANCER_CLON	26733	651.590027	290.320007	35.5299988	150	100	10	3	5	2	1	0	100	0	0	1	1	100	0	0	0
MOB_CA_HUNLANCER_CLON	26733	827.530029	294.190002	1207.55005	400	300	10	3	5	4	1	0	100	0	0	1	1	100	0	0	0
MOB_CA_HUNLANCER_CLON	26733	1148.13	287.220001	435.950012	150	100	10	3	5	4	1	0	100	0	0	1	1	100	0	0	0
MOB_CA_HUNLANCER_CLON	26733	1355.01001	287.059998	1319.04004	400	300	10	3	5	4	1	0	100	0	0	1	1	100	0	0	0
MOB_CA_HUNLANCER_CLON	26733	1606.39001	247.429993	258.519989	150	100	10	3	5	4	1	0	100	0	0	1	1	100	0	0	0
MOB_CA_HUNLANCER_CLON	26734	6.65999985	205.809998	1708.88	400	300	10	3	5	4	1	0	100	0	0	1	1	100	0	0	0
MOB_CA_HUNLANCER_CLON	26734	151.979996	245.080002	591.130005	150	100	10	3	5	4	1	0	100	0	0	1	1	100	0	0	0
MOB_CA_HUNLANCER_CLON	26734	228.649994	191.539993	1302.29004	150	100	10	3	5	4	1	0	100	0	0	1	1	100	0	0	0
MOB_CA_HUNLANCER_CLON	26734	451.470001	243.960007	55.5299988	150	100	10	3	5	2	1	0	100	0	0	1	1	100	0	0	0
MOB_CA_HUNLANCER_CLON	26734	572.130005	220.589996	1155.77002	400	300	10	3	5	4	1	0	100	0	0	1	1	100	0	0	0
MOB_CA_HUNLANCER_CLON	26734	638.320007	193.809998	810.469971	150	100	10	3	5	4	1	0	100	0	0	1	1	100	0	0	0
MOB_CA_HUNLANCER_CLON	26734	903.22998	221.610001	1364.22998	150	100	10	3	5	4	1	0	100	0	0	1	1	100	0	0	0
MOB_CA_HUNLANCER_CLON	26734	1299.13	189.860001	26.4400005	150	100	10	3	5	4	1	0	100	0	0	1	1	100	0	0	0
MOB_CA_HUNLANCER_CLON	26734	1597.66003	219.279999	498.459991	150	100	10	10	15	4	1	0	100	0	0	1	1	100	0	0	0
MOB_CA_HUNLANCER_CLON	26734	1753.20996	263.470001	1683.08997	400	300	10	3	5	4	1	0	100	0	0	1	1	100	0	0	0
MOB_CA_HUNLANCER_CLON	26735	233.699997	262	1267.48999	150	100	10	3	5	4	1	0	100	0	0	1	1	100	0	0	0
MOB_CA_HUNLANCER_CLON	26735	405.619995	268.820007	1525.38	400	300	10	3	5	4	1	0	100	0	0	1	1	100	0	0	0
MOB_CA_HUNLANCER_CLON	26735	623.799988	269.950012	1796.67004	150	100	10	3	5	4	1	0	100	0	0	1	1	100	0	0	0
MOB_CA_HUNLANCER_CLON	26735	650.419983	272.890015	598.72998	400	300	10	3	5	4	1	0	100	0	0	1	1	100	0	0	0
MOB_CA_HUNLANCER_CLON	26735	943.440002	174.160004	8.55000019	150	100	10	3	5	4	1	0	100	0	0	1	1	100	0	0	0
MOB_CA_HUNLANCER_CLON	26735	1059.83997	268.51001	1539.28003	150	100	10	3	5	4	1	0	100	0	0	1	1	100	0	0	0
MOB_CA_HUNLANCER_CLON	26735	1125.18005	208.970001	519.530029	150	100	10	3	5	4	1	0	100	0	0	1	1	100	0	0	0
MOB_CA_HUNLANCER_CLON	26735	1684.68994	223.880005	639.559998	150	100	10	3	5	4	1	0	100	0	0	1	1	100	0	0	0
MOB_CA_HUNLANCER_CLON	26736	67.0299988	241.929993	1321.34998	150	100	10	3	5	4	1	0	100	0	0	1	1	100	0	0	0
MOB_CA_HUNLANCER_CLON	26736	110.830002	180	598.440002	400	300	10	3	5	4	1	0	100	0	0	1	1	100	0	0	0
MOB_CA_HUNLANCER_CLON	26736	121.080002	180.800003	304.420013	150	100	10	3	5	4	1	0	100	0	0	1	1	100	0	0	0
MOB_CA_HUNLANCER_CLON	26736	189.860001	238.820007	1817.56006	150	100	10	3	5	4	1	0	100	0	0	1	1	100	0	0	0
MOB_CA_HUNLANCER_CLON	26736	270.220001	236.889999	1165.47998	400	300	10	3	5	4	1	0	100	0	0	1	1	100	0	0	0
MOB_CA_HUNLANCER_CLON	26986	917.02002	131.210007	675.309998	150	100	10	10	15	2	1	0	100	0	0	1	1	100	0	0	0
MOB_CA_HUNLANCER_CLON	26986	1848.42004	180	1407.07996	150	100	10	10	15	2	1	0	100	0	0	1	1	100	0	0	0
MOB_CA_HUNLANCER_CLON	26987	703.869995	244.160004	569.690002	150	100	10	10	15	4	1	0	100	0	0	1	1	100	0	0	0
MOB_CA_HUNLANCER_CLON	26989	255.509995	180	1143.07996	150	100	10	10	15	2	1	0	100	0	0	1	1	100	0	0	0
MOB_CA_HUNLANCER_CLON	26989	276.299988	186.210007	313.339996	150	100	10	10	15	2	1	0	100	0	0	1	1	100	0	0	0
MOB_CA_HUNLANCER_CLON	26989	510.200012	180	1550.82996	150	100	10	10	15	2	1	0	100	0	0	1	1	100	0	0	0
MOB_CA_HUNLANCER_CLON	26989	569.409973	180	1889.33997	400	300	10	3	5	4	1	0	100	0	0	1	1	100	0	0	0
MOB_CA_HUNLANCER_CLON	26989	1065.12	183.570007	719.309998	150	100	10	10	15	2	1	0	100	0	0	1	1	100	0	0	0
MOB_CA_HUNLANCER_CLON	26989	1295.62	196.440002	142.119995	400	300	10	3	5	4	1	0	100	0	0	1	1	100	0	0	0
MOB_CA_HUNLANCER_CLON	26989	1617.5	202.929993	1395.81006	400	300	10	3	5	4	1	0	100	0	0	1	1	100	0	0	0
MOB_CA_HUNLANCER_CLON	26989	1713.91003	256.579987	769	400	300	10	3	5	4	1	0	100	0	0	1	1	100	0	0	0
MOB_CA_HUNLANCER_CLON	26990	385.970001	249.289993	377.350006	400	300	10	3	5	4	1	0	100	0	0	1	1	100	0	0	0
MOB_CA_HUNLANCER_CLON	26990	440.23999	255.600006	1196.40002	400	300	10	3	5	4	1	0	100	0	0	1	1	100	0	0	0
MOB_CA_HUNLANCER_CLON	26990	939.320007	221.75	1781.79004	400	300	10	3	5	4	1	0	100	0	0	1	1	100	0	0	0
MOB_CA_HUNLANCER_CLON	26990	1023.64001	249.740005	315.609985	150	100	10	3	5	4	1	0	100	0	0	1	1	100	0	0	0
MOB_CA_HUNLANCER_CLON	26990	1405.82996	231.779999	767.469971	200	150	10	3	5	4	1	0	100	0	0	1	1	100	0	0	0
MOB_CA_HUNLANCER_CLON	26990	1417.34998	301.049988	1344.69995	200	150	10	3	5	4	1	0	100	0	0	1	1	100	0	0	0
MOB_CA_HUNLANCER_CLON	26990	1598.48999	268.429993	128.429993	200	150	10	3	5	4	1	0	100	0	0	1	1	100	0	0	0
MOB_CA_HUNLANCER_CLON	26990	1748.06006	350.950012	1396.73999	400	300	10	3	5	4	1	0	100	0	0	1	1	100	0	0	0
MOB_CA_HUNLANCER_CLON	26990	1905.17004	303.609985	1182.5	150	100	10	10	17	4	1	0	100	0	0	1	1	100	0	0	0
MOB_CA_HUNLANCER_CLON	26991	169.339996	278.309998	659.23999	150	100	10	3	5	4	1	0	100	0	0	1	1	100	0	0	0
MOB_CA_HUNLANCER_CLON	26991	507.850006	274.209991	640.320007	400	300	10	3	5	4	1	0	100	0	0	1	1	100	0	0	0
MOB_CA_HUNLANCER_CLON	26991	669.97998	277.980011	877.619995	150	100	10	10	15	4	1	0	100	0	0	1	1	100	0	0	0
MOB_CA_HUNLANCER_CLON	26991	727.440002	272.600006	396.299988	150	100	10	3	5	4	1	0	100	0	0	1	1	100	0	0	0
MOB_CA_HUNLANCER_CLON	26991	901.380005	142.649994	1636.30005	150	100	10	10	15	4	1	0	100	0	0	1	1	100	0	0	0
MOB_CA_HUNLANCER_CLON	26991	1027.78003	143.470001	1218.78003	150	100	10	10	15	4	1	0	100	0	0	1	1	100	0	0	0
MOB_CA_HUNLANCER_CLON	26991	1092.56006	288.410004	100.190002	150	100	10	3	5	4	1	0	100	0	0	1	1	100	0	0	0
MOB_CA_HUNLANCER_CLON	26991	1530.69995	257.269989	346.559998	150	100	10	3	5	4	1	0	100	0	0	1	1	100	0	0	0
MOB_CA_HUNLANCER_CLON	26991	1617.87	140.630005	1404.21997	150	100	10	3	5	4	1	0	100	0	0	1	1	100	0	0	0
MOB_CA_HUNLANCER_CLON	26992	61.6399994	148.300003	755.75	150	100	10	10	15	4	1	0	100	0	0	1	1	100	0	0	0
MOB_CA_HUNLANCER_CLON	26992	255.880005	148.440002	1135.17004	400	300	10	3	5	4	1	0	100	0	0	1	1	100	0	0	0
MOB_CA_HUNLANCER_CLON	26992	334.019989	145.100006	1335.34998	150	100	10	10	15	4	1	0	100	0	0	1	1	100	0	0	0
MOB_CA_HUNLANCER_CLON	26992	423.299988	233.330002	118.550003	400	300	10	3	5	4	1	0	100	0	0	1	1	100	0	0	0
MOB_CA_HUNLANCER_CLON	26992	479.920013	145.410004	1826.79004	150	100	10	10	15	4	1	0	100	0	0	1	1	100	0	0	0
MOB_CA_HUNLANCER_CLON	26992	691.280029	226.779999	1671.27002	400	300	10	3	5	4	1	0	100	0	0	1	1	100	0	0	0
MOB_CA_HUNLANCER_CLON	27246	198.869995	180.580002	74.8700027	400	300	10	3	5	4	1	0	100	0	0	1	1	100	0	0	0
MOB_CA_HUNLANCER_CLON	27246	602.340027	163.600006	1759.42004	400	300	10	3	5	4	1	0	100	0	0	1	1	100	0	0	0
MOB_CA_HUNLANCER_CLON	27246	680.530029	217.410004	450.720001	400	300	10	3	5	4	1	0	100	0	0	1	1	100	0	0	0
MOB_CA_HUNLANCER_CLON	27246	1036.43005	192.320007	925.349976	400	300	10	3	5	4	1	0	100	0	0	1	1	100	0	0	0
MOB_CA_HUNLANCER_CLON	27246	1237.66003	187.080002	1508.58997	400	300	10	3	5	4	1	0	100	0	0	1	1	100	0	0	0
MOB_CA_HUNLANCER_CLON	27246	1629.65002	180	836.919983	150	100	10	3	5	4	1	0	100	0	0	1	1	100	0	0	0
MOB_CA_HUNLANCER_CLON	27246	1793.15002	180	1147.94995	150	100	10	3	5	4	1	0	100	0	0	1	1	100	0	0	0
MOB_CA_HUNLANCER_CLON	27246	1855.46997	156.479996	1672.09998	400	300	10	3	5	4	1	0	100	0	0	1	1	100	0	0	0
MOB_CA_HUNLANCER_CLON	27247	68.9800034	186.919998	813.869995	400	300	10	3	5	4	1	0	100	0	0	1	1	100	0	0	0
MOB_CA_HUNLANCER_CLON	27247	420.920013	145.570007	644.27002	150	100	10	10	15	4	1	0	100	0	0	1	1	100	0	0	0
MOB_CA_HUNLANCER_CLON	27247	549	150.289993	1141	400	300	10	3	5	4	1	0	100	0	0	1	1	100	0	0	0
MOB_CA_HUNLANCER_CLON	27247	574.02002	140.919998	1815.45996	400	300	10	3	5	4	1	0	100	0	0	1	1	100	0	0	0
MOB_CA_HUNLANCER_CLON	27247	994.02002	147.309998	751.960022	150	100	10	10	15	4	1	0	100	0	0	1	1	100	0	0	0
MOB_CA_HUNLANCER_CLON	27247	1073.96997	189.070007	1479.29004	400	300	10	3	5	4	1	0	100	0	0	1	1	100	0	0	0
MOB_CA_HUNLANCER_CLON	27247	1171.89001	145.610001	355.540009	150	100	10	3	5	4	1	0	100	0	0	1	1	100	0	0	0
MOB_CA_HUNLANCER_CLON	27247	1503.80005	141.580002	1070.94995	150	100	10	10	15	4	1	0	100	0	0	1	1	100	0	0	0
MOB_CA_HUNLANCER_CLON	27247	1653.34998	142.240005	1631.56006	400	300	10	3	5	4	1	0	100	0	0	1	1	100	0	0	0
MOB_CA_HUNLANCER_CLON	27247	1750.97998	140.020004	629.840027	150	100	10	3	5	4	1	0	100	0	0	1	1	100	0	0	0
MOB_CA_HUNLANCER_CLON	27247	1902.87	140.979996	1132.22998	150	100	10	10	15	4	1	0	100	0	0	1	1	100	0	0	0
MOB_CA_HUNLANCER_CLON	27248	124.040001	140.839996	193.509995	150	100	10	3	5	4	1	0	100	0	0	1	1	100	0	0	0
MOB_CA_HUNLANCER_CLON	27248	373.380005	144.070007	1906.64001	400	300	10	3	5	4	1	0	100	0	0	1	1	100	0	0	0
MOB_CA_HUNLANCER_CLON	27248	458.929993	140.740005	918.460022	150	100	10	3	5	4	1	0	100	0	0	1	1	100	0	0	0
MOB_CA_HUNLANCER_CLON	27248	692.219971	142.449997	1444.05005	400	300	10	3	5	4	1	0	100	0	0	1	1	100	0	0	0
MOB_CA_HUNLANCER_CLON	27248	814.719971	140.960007	1037.27002	150	100	10	10	15	4	1	0	100	0	0	1	1	100	0	0	0
MOB_CA_HUNLANCER_CLON	27248	904.640015	143.809998	549.77002	150	100	10	10	15	4	1	0	100	0	0	1	1	100	0	0	0
MOB_CA_HUNLANCER_CLON	27248	1230.83997	154.639999	1892.54004	400	300	10	3	5	4	1	0	100	0	0	1	1	100	0	0	0
MOB_CA_HUNLANCER_CLON	27502	429.23999	145.619995	667.390015	150	100	10	3	5	4	1	0	100	0	0	1	1	100	0	0	0
MOB_CA_HUNLANCER_CLON	27502	753.039978	178.25	1333.08997	150	100	10	3	5	4	1	0	100	0	0	1	1	100	0	0	0
MOB_CA_HUNLANCER_CLON	27502	815.309998	155.820007	1658.48999	400	300	10	3	5	4	1	0	100	0	0	1	1	100	0	0	0
MOB_CA_HUNLANCER_CLON	27502	892.02002	147.259995	474.160004	150	100	10	3	5	4	1	0	100	0	0	1	1	100	0	0	0
MOB_CA_HUNLANCER_CLON	27502	1276.81995	146.949997	1549.82996	400	300	10	3	5	4	1	0	100	0	0	1	1	100	0	0	0
MOB_CA_HUNLANCER_CLON	27502	1471.78003	143.619995	235.979996	150	100	10	3	5	2	1	0	100	0	0	1	1	100	0	0	0
MOB_CA_HUNLANCER_CLON	27502	1564.81006	141.610001	1202.69995	150	100	10	10	15	4	1	0	100	0	0	1	1	100	0	0	0
MOB_CA_HUNLANCER_CLON	27502	1848.83997	139.869995	491.309998	150	100	10	10	15	4	1	0	100	0	0	1	1	100	0	0	0
MOB_CA_HUNLANCER_CLON	27503	296.100006	175.690002	1727.41003	400	300	10	3	5	4	1	0	100	0	0	1	1	100	0	0	0
MOB_CA_HUNLANCER_CLON	27503	425.570007	145.550003	568.349976	150	100	10	3	5	4	1	0	100	0	0	1	1	100	0	0	0
MOB_CA_HUNLANCER_CLON	27503	617.52002	152.089996	1298.95996	150	100	10	10	15	4	1	0	100	0	0	1	1	100	0	0	0
MOB_CA_HUNLANCER_CLON	27503	833.109985	147.229996	448.100006	200	100	10	3	5	4	1	0	100	0	0	1	1	100	0	0	0
MOB_CA_HUNLANCER_CLON	27503	974.830017	160.779999	1655.48999	400	300	10	3	5	4	1	0	100	0	0	1	1	100	0	0	0
MOB_CA_HUNLANCER_CLON	27503	1368.35999	140.320007	294.980011	200	100	10	3	5	4	1	0	100	0	0	1	1	100	0	0	0
MOB_CA_HUNLANCER_CLON	27503	1670.14001	141.669998	1283.93994	150	100	10	3	5	4	1	0	100	0	0	1	1	100	0	0	0
MOB_CA_HUNLANCER_CLON	27503	1856.62	139.869995	499.320007	200	100	10	10	15	4	1	0	100	0	0	1	1	100	0	0	0
MOB_CA_HUNLANCER_CLON	27503	1872.33997	148.330002	1486.87	400	300	10	3	5	4	1	0	100	0	0	1	1	100	0	0	0
MOB_CA_HUNLANCER_CLON	27504	164.279999	143.720001	852.98999	400	300	10	3	5	4	1	0	100	0	0	1	1	100	0	0	0
MOB_CA_HUNLANCER_CLON	27504	710.969971	180	1834.06006	400	300	10	3	5	4	1	0	100	0	0	1	1	100	0	0	0
MOB_CA_HUNLANCER_CLON	27504	755.119995	227.059998	554.869995	400	300	10	3	5	4	1	0	100	0	0	1	1	100	0	0	0
MOB_CA_HUNLANCER_CLON	27504	944.75	180	1349.18994	400	300	10	3	5	4	1	0	100	0	0	1	1	100	0	0	0
MOB_CA_HUNLANCER_CLON	27504	1378.56006	182.050003	1523.29004	400	300	10	3	5	4	1	0	100	0	0	1	1	100	0	0	0
MOB_CA_HUNLANCER_CLON	27504	1448.68005	182.910004	709.789978	400	300	10	3	5	4	1	0	100	0	0	1	1	100	0	0	0
MOB_CA_HUNLANCER_CLON	27753	1689.68005	302.959991	838.669983	150	100	10	10	15	4	1	0	100	0	0	1	1	100	0	0	0
MOB_CA_HUNLANCER_CLON	27754	436.809998	316.640015	931.539978	150	100	10	10	15	4	1	0	100	0	0	1	1	100	0	0	0
MOB_CA_HUNLANCER_CLON	27754	1551.37	279.880005	793.880005	150	100	10	10	13	4	1	0	100	0	0	1	1	100	0	0	0
MOB_CA_HUNLANCER_CLON	27757	45.6100006	178.839996	1225.64001	150	100	10	10	15	4	1	0	100	0	0	1	1	100	0	0	0
MOB_CA_HUNLANCER_CLON	27757	222.779999	179.529999	723.570007	150	100	10	10	15	4	1	0	100	0	0	1	1	100	0	0	0
MOB_CA_HUNLANCER_CLON	27757	455.23999	182.440002	341.799988	150	100	10	10	15	4	1	0	100	0	0	1	1	100	0	0	0
MOB_CA_HUNLANCER_CLON	27757	573.299988	180	1478.34998	150	100	10	10	15	4	1	0	100	0	0	1	1	100	0	0	0
MOB_CA_HUNLANCER_CLON	27757	739.200012	180	1043.04004	150	100	10	10	15	4	1	0	100	0	0	1	1	100	0	0	0
MOB_CA_HUNLANCER_CLON	27758	1749.87	180	261.910004	400	300	10	3	5	4	1	0	100	0	0	1	1	100	0	0	0
MOB_CA_HUNLANCER_CLON	27759	677.73999	180	272.079987	400	300	10	3	5	4	1	0	100	0	0	1	1	100	0	0	0
MOB_CA_HUNLANCER_CLON	27759	1411.35999	180	306.420013	400	300	10	3	5	4	1	0	100	0	0	1	1	100	0	0	0
MOB_CA_HUNLANCER_CLON	27760	450.950012	191.259995	252.020004	400	300	10	3	5	4	1	0	100	0	0	1	1	100	0	0	0
MOB_CA_HUNLANCER_CLON	27760	1282.40002	185.960007	236.389999	400	300	10	3	5	4	1	0	100	0	0	1	1	100	0	0	0
MOB_CA_MONKEY	26481	443.320007	180	1127.70996	400	300	10	3	5	4	1	1	100	0	0	1	1	100	0	0	0
MOB_CA_MONKEY	26481	702.039978	227.240005	511.25	400	300	10	3	5	4	1	1	100	0	0	1	1	100	0	0	0
MOB_CA_MONKEY	26481	787.440002	208.199997	1652.14001	400	300	10	3	5	4	1	1	100	0	0	1	1	100	0	0	0
MOB_CA_MONKEY	26481	1136.28003	212.050003	1021.70001	400	300	10	3	5	4	1	1	100	0	0	1	1	100	0	0	0
MOB_CA_MONKEY	26481	1404.17004	287.019989	1728.13	400	300	10	3	5	4	1	1	100	0	0	1	1	100	0	0	0
MOB_CA_MONKEY	26481	1708.76001	211.460007	772.460022	400	300	10	3	5	4	1	1	100	0	0	1	1	100	0	0	0
MOB_CA_MONKEY	26481	1712.53003	273.420013	1279.79004	400	300	10	3	5	6	1	1	100	0	0	1	1	100	0	0	0
MOB_CA_MONKEY	26482	125.519997	260.399994	1705.37	400	300	10	3	5	6	1	1	100	0	0	1	1	100	0	0	0
MOB_CA_MONKEY	26482	372.440002	212.789993	1020.34003	400	300	10	3	5	4	1	1	100	0	0	1	1	100	0	0	0
MOB_CA_MONKEY	26482	934.330017	300.470001	1441.31006	400	300	10	3	5	6	1	1	100	0	0	1	1	100	0	0	0
MOB_CA_MONKEY	26482	1172.5	199.610001	922.650024	400	300	10	3	5	4	1	1	100	0	0	1	1	100	0	0	0
MOB_CA_MONKEY	26482	1271.40002	214.059998	1905.45996	400	300	10	3	5	6	1	1	100	0	0	1	1	100	0	0	0
MOB_CA_MONKEY	26482	1567.67004	180.580002	1389.56006	400	300	10	3	5	6	1	1	100	0	0	1	1	100	0	0	0
MOB_CA_MONKEY	26482	1649.18994	196.5	644.320007	400	300	10	3	5	4	1	1	100	0	0	1	1	100	0	0	0
MOB_CA_MONKEY	26483	75.4400024	175.199997	1021.15997	400	300	10	3	5	6	1	1	100	0	0	1	1	100	0	0	0
MOB_CA_MONKEY	26483	221.479996	215.139999	1519.06006	400	300	10	3	5	6	1	1	100	0	0	1	1	100	0	0	0
MOB_CA_MONKEY	26483	550.400024	162.850006	740.73999	400	300	10	3	5	6	1	1	100	0	0	1	1	100	0	0	0
MOB_CA_MONKEY	26483	755.099976	210.690002	1262	400	300	10	3	5	6	1	1	100	0	0	1	1	100	0	0	0
MOB_CA_MONKEY	26483	934.179993	256.75	1832.42004	400	300	10	3	5	6	1	1	100	0	0	1	1	100	0	0	0
MOB_CA_MONKEY	26483	1154.53003	179.809998	853.73999	400	300	10	3	5	6	1	1	100	0	0	1	1	100	0	0	0
MOB_CA_MONKEY	26483	1280.98999	236.440002	1423.10999	400	300	10	3	5	6	1	1	100	0	0	1	1	100	0	0	0
MOB_CA_MONKEY	26483	1643.26001	199.940002	987.650024	400	300	10	3	5	4	1	1	100	0	0	1	1	100	0	0	0
MOB_CA_MONKEY	26483	1678.26001	191.770004	488.809998	400	300	10	3	5	6	1	1	100	0	0	1	1	100	0	0	0
MOB_CA_MONKEY	26483	1691.06006	201.380005	1006.26001	400	300	10	3	5	6	1	1	100	0	0	1	1	100	0	0	0
MOB_CA_MONKEY	26483	1828.59998	244.229996	1531.05005	400	300	10	3	5	6	1	1	100	0	0	1	1	100	0	0	0
MOB_CA_MONKEY	26484	250.179993	226.449997	1177.07996	400	300	10	3	5	6	1	1	100	0	0	1	1	100	0	0	0
MOB_CA_MONKEY	26484	271.390015	217.449997	625.299988	400	300	10	3	5	6	1	1	100	0	0	1	1	100	0	0	0
MOB_CA_MONKEY	26484	690.309998	265.709991	94.0699997	400	300	10	3	5	6	1	1	100	0	0	1	1	100	0	0	0
MOB_CA_MONKEY	26484	807.059998	189.509995	1407.82996	400	300	10	3	5	6	1	1	100	0	0	1	1	100	0	0	0
MOB_CA_MONKEY	26484	879.97998	200.899994	783.429993	400	300	10	3	5	2	1	1	100	0	0	1	1	100	0	0	0
MOB_CA_MONKEY	26484	1263.66003	207.369995	1718.59998	400	300	10	3	5	6	1	1	100	0	0	1	1	100	0	0	0
MOB_CA_MONKEY	26484	1289.57996	193.380005	384.600006	400	300	10	3	5	2	1	1	100	0	0	1	1	100	0	0	0
MOB_CA_MONKEY	26484	1437.31995	181.649994	1128.68994	400	300	10	3	5	2	1	1	100	0	0	1	1	100	0	0	0
MOB_CA_MONKEY	26484	1684.95996	180	1812.85999	400	300	10	3	5	6	1	1	100	0	0	1	1	100	0	0	0
MOB_CA_MONKEY	26737	1039.76001	219.880005	299.359985	400	300	10	3	5	4	1	1	100	0	0	1	1	100	0	0	0
MOB_CA_MONKEY	26737	1164.51001	187.649994	1298.46997	400	300	10	3	5	4	1	1	100	0	0	1	1	100	0	0	0
MOB_CA_MONKEY	26737	1356.73999	180	744.26001	400	300	10	3	5	4	1	1	100	0	0	1	1	100	0	0	0
MOB_CA_MONKEY	26737	1769.83997	239.779999	340.880005	400	300	10	3	5	6	1	1	100	0	0	1	1	100	0	0	0
MOB_CA_MONKEY	26737	1811.35999	180	1110.44995	400	300	10	3	5	4	1	1	100	0	0	1	1	100	0	0	0
MOB_CA_MONKEY	26737	1889.30005	187.229996	1750.09998	400	300	10	3	5	4	1	1	100	0	0	1	1	100	0	0	0
MOB_CA_MONKEY	26738	407.269989	200.259995	667.659973	400	300	10	3	5	6	1	1	100	0	0	1	1	100	0	0	0
MOB_CA_MONKEY	26738	427.970001	182.720001	1423	400	300	10	3	5	6	1	1	100	0	0	1	1	100	0	0	0
MOB_CA_MONKEY	26738	547.780029	261.339996	68.4100037	400	300	10	3	5	6	1	1	100	0	0	1	1	100	0	0	0
MOB_CA_MONKEY	26738	871.650024	189.830002	887.72998	400	300	10	3	5	4	1	1	100	0	0	1	1	100	0	0	0
MOB_CA_MONKEY	26738	896.210022	245.25	1535.18005	400	300	10	3	5	6	1	1	100	0	0	1	1	100	0	0	0
MOB_CA_MONKEY	26738	905.48999	192.990005	974.669983	400	300	10	3	5	6	1	1	100	0	0	1	1	100	0	0	0
MOB_CA_MONKEY	26738	1035.5	223.199997	443.290009	400	300	10	3	5	6	1	1	100	0	0	1	1	100	0	0	0
MOB_CA_MONKEY	26738	1436.12	190.320007	1230.18994	400	300	10	3	5	6	1	1	100	0	0	1	1	100	0	0	0
MOB_CA_MONKEY	26738	1495.18994	254.399994	1813.10999	400	300	10	3	5	6	1	1	100	0	0	1	1	100	0	0	0
MOB_CA_MONKEY	26738	1606.56995	184.089996	712.640015	400	300	10	3	5	6	1	1	100	0	0	1	1	100	0	0	0
MOB_CA_MONKEY	26738	1832.48999	247.869995	101.199997	400	300	10	3	5	6	1	1	100	0	0	1	1	100	0	0	0
MOB_CA_MONKEY	26739	246.240005	249.190002	731.570007	400	300	10	3	5	6	1	1	100	0	0	1	1	100	0	0	0
MOB_CA_MONKEY	26739	418.209991	255.179993	166.279999	400	300	10	3	5	6	1	1	100	0	0	1	1	100	0	0	0
MOB_CA_MONKEY	26739	662.76001	261.109985	1617.89001	400	300	10	3	5	6	1	1	100	0	0	1	1	100	0	0	0
MOB_CA_MONKEY	26739	768.909973	246.009995	1093.33997	400	300	10	3	5	6	1	1	100	0	0	1	1	100	0	0	0
MOB_CA_MONKEY	26739	820.080017	273.170013	549.75	400	300	10	3	5	6	1	1	100	0	0	1	1	100	0	0	0
MOB_CA_MONKEY	26739	1196.26001	250.899994	1514.71997	400	300	10	3	5	6	1	1	100	0	0	1	1	100	0	0	0
MOB_CA_MONKEY	26739	1220.81995	256.709991	949	400	300	10	3	5	4	1	1	100	0	0	1	1	100	0	0	0
MOB_CA_MONKEY	26739	1264.47998	254.190002	959.070007	400	300	10	3	5	6	1	1	100	0	0	1	1	100	0	0	0
MOB_CA_MONKEY	26739	1393.20996	256.23999	409.339996	400	300	10	3	5	6	1	1	100	0	0	1	1	100	0	0	0
MOB_CA_MONKEY	26739	1732.79004	243.809998	1199.93005	400	300	10	3	5	6	1	1	100	0	0	1	1	100	0	0	0
MOB_CA_MONKEY	26739	1772.98999	276	1729.59998	400	300	10	3	5	6	1	1	100	0	0	1	1	100	0	0	0
MOB_CA_MONKEY	26739	1809.32996	155.119995	124.970001	400	300	10	3	5	6	1	1	100	0	0	1	1	100	0	0	0
MOB_CA_MONKEY	26739	1863.67004	247.779999	677.890015	400	300	10	3	5	6	1	1	100	0	0	1	1	100	0	0	0
MOB_CA_MONKEY	26740	352.269989	200.559998	1428.03003	400	300	10	3	5	6	1	1	100	0	0	1	1	100	0	0	0
MOB_CA_MONKEY	26740	375.420013	248.229996	885.570007	400	300	10	3	5	6	1	1	100	0	0	1	1	100	0	0	0
MOB_CA_MONKEY	26740	404.829987	187.699997	409.869995	400	300	10	3	5	6	1	1	100	0	0	1	1	100	0	0	0
MOB_CA_MONKEY	26740	731.919983	218.339996	1157.10999	400	300	10	3	5	4	1	1	100	0	0	1	1	100	0	0	0
MOB_CA_MONKEY	26740	766.690002	213.020004	1124.67004	400	300	10	3	5	6	1	1	100	0	0	1	1	100	0	0	0
MOB_CA_MONKEY	26740	780.5	260.519989	1679.41003	400	300	10	3	5	6	1	1	100	0	0	1	1	100	0	0	0
MOB_CA_MONKEY	26740	820.109985	182.779999	26.9799995	400	300	10	3	5	6	1	1	100	0	0	1	1	100	0	0	0
MOB_CA_MONKEY	26740	853.369995	199.880005	626.909973	400	300	10	3	5	6	1	1	100	0	0	1	1	100	0	0	0
MOB_CA_MONKEY	26740	1189.05005	181.669998	270.140015	400	300	10	3	5	6	1	1	100	0	0	1	1	100	0	0	0
MOB_CA_MONKEY	26740	1248.68005	204.960007	1420.81006	400	300	10	3	5	6	1	1	100	0	0	1	1	100	0	0	0
MOB_CA_MONKEY	26740	1302.94995	192.300003	855.460022	400	300	10	3	5	6	1	1	100	0	0	1	1	100	0	0	0
MOB_CA_MONKEY	26740	1559.32996	256.230011	1865.93005	400	300	10	3	5	6	1	1	100	0	0	1	1	100	0	0	0
MOB_CA_MONKEY	26993	1187.75	242.029999	764.5	400	300	10	3	5	4	1	1	100	0	0	1	1	100	0	0	0
MOB_CA_MONKEY	26993	1427.92004	232.830002	1265.39001	400	300	10	3	5	4	1	1	100	0	0	1	1	100	0	0	0
MOB_CA_MONKEY	26993	1435.32996	241.020004	316.880005	400	300	10	3	5	4	1	1	100	0	0	1	1	100	0	0	0
MOB_CA_MONKEY	26993	1855.76001	244.160004	837.76001	400	300	10	3	5	6	1	1	100	0	0	1	1	100	0	0	0
MOB_CA_MONKEY	26993	1882.18994	232.080002	1445.37	400	300	10	3	5	4	1	1	100	0	0	1	1	100	0	0	0
MOB_CA_MONKEY	26994	186.440002	251.169998	434.940002	400	300	10	3	5	6	1	1	100	0	0	1	1	100	0	0	0
MOB_CA_MONKEY	26994	350.549988	277.339996	1171.43994	400	300	10	3	5	6	1	1	100	0	0	1	1	100	0	0	0
MOB_CA_MONKEY	26994	625.190002	247.179993	788.690002	400	300	10	3	5	6	1	1	100	0	0	1	1	100	0	0	0
MOB_CA_MONKEY	26994	646.799988	265.529999	1590.17004	400	300	10	3	5	4	1	1	100	0	0	1	1	100	0	0	0
MOB_CA_MONKEY	26994	708.880005	256.420013	173.669998	400	300	10	3	5	6	1	1	100	0	0	1	1	100	0	0	0
MOB_CA_MONKEY	26994	1044.28003	261.869995	1174.42004	400	300	10	3	5	6	1	1	100	0	0	1	1	100	0	0	0
MOB_CA_MONKEY	26994	1132.67004	249.440002	560.859985	400	300	10	3	5	6	1	1	100	0	0	1	1	100	0	0	0
MOB_CA_MONKEY	26994	1250.37	263.600006	1655.26001	400	300	10	3	5	4	1	1	100	0	0	1	1	100	0	0	0
MOB_CA_MONKEY	26994	1555.78003	257.059998	858.359985	400	300	10	3	5	6	1	1	100	0	0	1	1	100	0	0	0
MOB_CA_MONKEY	26994	1652.60999	255.399994	371.630005	400	300	10	3	5	6	1	1	100	0	0	1	1	100	0	0	0
MOB_CA_MONKEY	26994	1756.85999	242.490005	1419.33997	400	300	10	3	5	4	1	1	100	0	0	1	1	100	0	0	0
MOB_CA_MONKEY	26995	162.679993	249.600006	733.150024	400	300	10	3	5	6	1	1	100	0	0	1	1	100	0	0	0
MOB_CA_MONKEY	26995	287.179993	260.5	114.790001	400	300	10	3	5	4	1	1	100	0	0	1	1	100	0	0	0
MOB_CA_MONKEY	26995	287.670013	254.169998	174.75	400	300	10	3	5	6	1	1	100	0	0	1	1	100	0	0	0
MOB_CA_MONKEY	26995	657.73999	285.149994	604.75	400	300	10	3	5	6	1	1	100	0	0	1	1	100	0	0	0
MOB_CA_MONKEY	26995	825.659973	245.309998	1123.63	400	300	10	3	5	6	1	1	100	0	0	1	1	100	0	0	0
MOB_CA_MONKEY	26995	868.450012	256.73999	179.190002	400	300	10	3	5	6	1	1	100	0	0	1	1	100	0	0	0
MOB_CA_MONKEY	26995	1021.39001	244.009995	1590.42004	400	300	10	3	5	4	1	1	100	0	0	1	1	100	0	0	0
MOB_CA_MONKEY	26995	1227.05005	266.049988	737.48999	400	300	10	3	5	6	1	1	100	0	0	1	1	100	0	0	0
MOB_CA_MONKEY	26995	1352.28003	266.470001	1240.5	400	300	10	3	5	6	1	1	100	0	0	1	1	100	0	0	0
MOB_CA_MONKEY	26995	1530.87	256.309998	263.070007	400	300	10	3	5	6	1	1	100	0	0	1	1	100	0	0	0
MOB_CA_MONKEY	26995	1560.32996	256.309998	301.420013	400	300	10	3	5	4	1	1	100	0	0	1	1	100	0	0	0
MOB_CA_MONKEY	26995	1856.47998	257.339996	1453.63	400	300	10	3	5	6	1	1	100	0	0	1	1	100	0	0	0
MOB_CA_MONKEY	26996	50.5600014	250.910004	488.959991	400	300	10	3	5	6	1	1	100	0	0	1	1	100	0	0	0
MOB_CA_MONKEY	26996	307.540009	254.119995	1118.69995	400	300	10	3	5	6	1	1	100	0	0	1	1	100	0	0	0
MOB_CA_MONKEY	26996	330.579987	257.73999	74.3499985	400	300	10	3	5	6	1	1	100	0	0	1	1	100	0	0	0
MOB_CA_MONKEY	26996	482.779999	258.820007	667.73999	400	300	10	3	5	6	1	1	100	0	0	1	1	100	0	0	0
MOB_CA_MONKEY	26996	792.26001	256.429993	275.929993	400	300	10	3	5	6	1	1	100	0	0	1	1	100	0	0	0
MOB_CA_MONKEY	26996	980.179993	257.23999	1305.25	400	300	10	3	5	6	1	1	100	0	0	1	1	100	0	0	0
MOB_CA_MONKEY	26996	990.51001	267.769989	739.869995	400	300	10	3	5	6	1	1	100	0	0	1	1	100	0	0	0
MOB_CA_MONKEY	26996	1204.39001	244.039993	1758.12	400	300	10	3	5	6	1	1	100	0	0	1	1	100	0	0	0
MOB_CA_MONKEY	26996	1337.44995	256.230011	423.089996	400	300	10	3	5	6	1	1	100	0	0	1	1	100	0	0	0
MOB_CA_MONKEY	26996	1452.98999	248.110001	992.059998	400	300	10	3	5	6	1	1	100	0	0	1	1	100	0	0	0
MOB_CA_MONKEY	26996	1736.90002	246.279999	611.02002	400	300	10	3	5	6	1	1	100	0	0	1	1	100	0	0	0
MOB_CA_MONKEY	26996	1802.71997	242.460007	1396.35999	400	300	10	3	5	6	1	1	100	0	0	1	1	100	0	0	0
MOB_CA_MONKEY	26997	130.350006	201.660004	949.23999	400	300	10	3	5	6	1	1	100	0	0	1	1	100	0	0	0
MOB_CA_MONKEY	26997	175.970001	286	1713.40002	400	300	10	3	5	6	1	1	100	0	0	1	1	100	0	0	0
MOB_CA_MONKEY	26997	373.329987	189.279999	1353.17004	400	300	10	3	5	6	1	1	100	0	0	1	1	100	0	0	0
MOB_CA_MONKEY_CLON	26481	435.309998	180	1122.23999	400	300	10	3	5	6	1	0	100	0	0	1	1	100	0	0	0
MOB_CA_MONKEY_CLON	26481	735.190002	243.580002	501.380005	400	300	10	3	5	6	1	0	100	0	0	1	1	100	0	0	0
MOB_CA_MONKEY_CLON	26481	769.700012	204.949997	1644.5	400	300	10	3	5	6	1	0	100	0	0	1	1	100	0	0	0
MOB_CA_MONKEY_CLON	26481	1150.63	212.020004	1014.28998	400	300	10	3	5	6	1	0	100	0	0	1	1	100	0	0	0
MOB_CA_MONKEY_CLON	26481	1430.17004	275.160004	1715.84998	400	300	10	3	5	6	1	0	100	0	0	1	1	100	0	0	0
MOB_CA_MONKEY_CLON	26481	1702.17004	268.320007	1260.65002	400	300	10	3	5	6	1	0	100	0	0	1	1	100	0	0	0
MOB_CA_MONKEY_CLON	26481	1726.87	211.339996	756.380005	400	300	10	3	5	6	1	0	100	0	0	1	1	100	0	0	0
MOB_CA_MONKEY_CLON	26482	108.279999	260.380005	1717.81006	400	300	10	3	5	6	1	0	100	0	0	1	1	100	0	0	0
MOB_CA_MONKEY_CLON	26482	395.440002	213.229996	1022.96997	400	300	10	3	5	6	1	0	100	0	0	1	1	100	0	0	0
MOB_CA_MONKEY_CLON	26482	918.47998	299.339996	1426.54004	400	300	10	3	5	6	1	0	100	0	0	1	1	100	0	0	0
MOB_CA_MONKEY_CLON	26482	1185.02002	189.559998	902.900024	400	300	10	3	5	6	1	0	100	0	0	1	1	100	0	0	0
MOB_CA_MONKEY_CLON	26482	1280.10999	213.839996	1909.68994	400	300	10	3	5	6	1	0	100	0	0	1	1	100	0	0	0
MOB_CA_MONKEY_CLON	26482	1553.83997	180	1378.04004	400	300	10	3	5	6	1	0	100	0	0	1	1	100	0	0	0
MOB_CA_MONKEY_CLON	26482	1635.13	198.679993	614.23999	400	300	10	3	5	6	1	0	100	0	0	1	1	100	0	0	0
MOB_CA_MONKEY_CLON	26483	89.3000031	175.410004	1025.82996	400	300	10	3	5	6	1	0	100	0	0	1	1	100	0	0	0
MOB_CA_MONKEY_CLON	26483	228.839996	200.630005	1495.87	400	300	10	3	5	6	1	0	100	0	0	1	1	100	0	0	0
MOB_CA_MONKEY_CLON	26483	551.820007	161.149994	723.150024	400	300	10	3	5	6	1	0	100	0	0	1	1	100	0	0	0
MOB_CA_MONKEY_CLON	26483	736.27002	205.910004	1242.55005	400	300	10	3	5	6	1	0	100	0	0	1	1	100	0	0	0
MOB_CA_MONKEY_CLON	26483	944	256.649994	1812.5	400	300	10	3	5	6	1	0	100	0	0	1	1	100	0	0	0
MOB_CA_MONKEY_CLON	26483	1138.43994	179.990005	880.340027	400	300	10	3	5	6	1	0	100	0	0	1	1	100	0	0	0
MOB_CA_MONKEY_CLON	26483	1291.26001	232.160004	1402.06006	400	300	10	3	5	6	1	0	100	0	0	1	1	100	0	0	0
MOB_CA_MONKEY_CLON	26483	1675.78003	199.110001	984.859985	400	300	10	3	5	6	1	0	100	0	0	1	1	100	0	0	0
MOB_CA_MONKEY_CLON	26483	1699.14001	194.330002	480.070007	400	300	10	3	5	6	1	0	100	0	0	1	1	100	0	0	0
MOB_CA_MONKEY_CLON	26483	1817.04004	243.600006	1518.27002	400	300	10	3	5	6	1	0	100	0	0	1	1	100	0	0	0
MOB_CA_MONKEY_CLON	26484	237.710007	215.779999	624.51001	400	300	10	3	5	6	1	0	100	0	0	1	1	100	0	0	0
MOB_CA_MONKEY_CLON	26484	279.350006	224.020004	1166.32996	400	300	10	3	5	6	1	0	100	0	0	1	1	100	0	0	0
MOB_CA_MONKEY_CLON	26484	326.540009	206.75	1773.13	400	300	10	3	5	6	1	0	100	0	0	1	1	100	0	0	0
MOB_CA_MONKEY_CLON	26484	784.51001	192.149994	1421.92004	400	300	10	3	5	6	1	0	100	0	0	1	1	100	0	0	0
MOB_CA_MONKEY_CLON	26484	883.469971	199.850006	799.409973	400	300	10	3	5	2	1	0	100	0	0	1	1	100	0	0	0
MOB_CA_MONKEY_CLON	26484	1232.01001	209.179993	1693.97998	400	300	10	3	5	6	1	0	100	0	0	1	1	100	0	0	0
MOB_CA_MONKEY_CLON	26484	1287.82996	193.449997	401.119995	400	300	10	3	5	2	1	0	100	0	0	1	1	100	0	0	0
MOB_CA_MONKEY_CLON	26484	1441.92004	181.419998	1143.85999	400	300	10	3	5	2	1	0	100	0	0	1	1	100	0	0	0
MOB_CA_MONKEY_CLON	26484	1703.81006	180	1813.30005	400	300	10	3	5	6	1	0	100	0	0	1	1	100	0	0	0
MOB_CA_MONKEY_CLON	26737	1027.15002	226.520004	287.01001	400	300	10	3	5	6	1	0	100	0	0	1	1	100	0	0	0
MOB_CA_MONKEY_CLON	26737	1150.77002	195.190002	1322.76001	400	300	10	3	5	6	1	0	100	0	0	1	1	100	0	0	0
MOB_CA_MONKEY_CLON	26737	1340.65002	180	741.690002	400	300	10	3	5	6	1	0	100	0	0	1	1	100	0	0	0
MOB_CA_MONKEY_CLON	26737	1749.78003	232.029999	334.049988	400	300	10	3	5	6	1	0	100	0	0	1	1	100	0	0	0
MOB_CA_MONKEY_CLON	26737	1824.59998	180	1076.55005	400	300	10	3	5	6	1	0	100	0	0	1	1	100	0	0	0
MOB_CA_MONKEY_CLON	26737	1890.54004	185.070007	1734.66003	400	300	10	3	5	6	1	0	100	0	0	1	1	100	0	0	0
MOB_CA_MONKEY_CLON	26738	386.160004	197.419998	674.01001	400	300	10	3	5	6	1	0	100	0	0	1	1	100	0	0	0
MOB_CA_MONKEY_CLON	26738	403.920013	182.039993	1426.33997	400	300	10	3	5	6	1	0	100	0	0	1	1	100	0	0	0
MOB_CA_MONKEY_CLON	26738	564.409973	261.359985	69.6399994	400	300	10	3	5	6	1	0	100	0	0	1	1	100	0	0	0
MOB_CA_MONKEY_CLON	26738	908.780029	194.520004	994.369995	400	300	10	3	5	6	1	0	100	0	0	1	1	100	0	0	0
MOB_CA_MONKEY_CLON	26738	912.080017	245.440002	1526.94995	400	300	10	3	5	6	1	0	100	0	0	1	1	100	0	0	0
MOB_CA_MONKEY_CLON	26738	1029.48999	234.380005	427.089996	400	300	10	3	5	6	1	0	100	0	0	1	1	100	0	0	0
MOB_CA_MONKEY_CLON	26738	1439.02002	190.5	1242.98999	400	300	10	3	5	6	1	0	100	0	0	1	1	100	0	0	0
MOB_CA_MONKEY_CLON	26738	1479.82996	255.729996	1817.33997	400	300	10	3	5	6	1	0	100	0	0	1	1	100	0	0	0
MOB_CA_MONKEY_CLON	26738	1586.09998	181.360001	696.469971	400	300	10	3	5	6	1	0	100	0	0	1	1	100	0	0	0
MOB_CA_MONKEY_CLON	26738	1809.32996	239.759995	119.800003	400	300	10	3	5	6	1	0	100	0	0	1	1	100	0	0	0
MOB_CA_MONKEY_CLON	26739	32.0200005	193.460007	1465.81006	400	300	10	3	5	6	1	0	100	0	0	1	1	100	0	0	0
MOB_CA_MONKEY_CLON	26739	271.589996	248.509995	743.450012	400	300	10	3	5	6	1	0	100	0	0	1	1	100	0	0	0
MOB_CA_MONKEY_CLON	26739	420.809998	255.220001	141.360001	400	300	10	3	5	6	1	0	100	0	0	1	1	100	0	0	0
MOB_CA_MONKEY_CLON	26739	653.369995	261.48999	1600.55005	400	300	10	3	5	6	1	0	100	0	0	1	1	100	0	0	0
MOB_CA_MONKEY_CLON	26739	764.77002	246.509995	1083.93994	400	300	10	3	5	6	1	0	100	0	0	1	1	100	0	0	0
MOB_CA_MONKEY_CLON	26739	818.02002	273	535.450012	400	300	10	3	5	6	1	0	100	0	0	1	1	100	0	0	0
MOB_CA_MONKEY_CLON	26739	1215.77002	244.800003	1509.63	400	300	10	3	5	6	1	0	100	0	0	1	1	100	0	0	0
MOB_CA_MONKEY_CLON	26739	1256.35999	256.480011	945.580017	400	300	10	3	5	6	1	0	100	0	0	1	1	100	0	0	0
MOB_CA_MONKEY_CLON	26739	1365.95996	256.320007	418.929993	400	300	10	3	5	6	1	0	100	0	0	1	1	100	0	0	0
MOB_CA_MONKEY_CLON	26739	1717.75	244.139999	1184.89001	400	300	10	3	5	6	1	0	100	0	0	1	1	100	0	0	0
MOB_CA_MONKEY_CLON	26739	1783.28003	275.779999	1721.34998	400	300	10	3	5	6	1	0	100	0	0	1	1	100	0	0	0
MOB_CA_MONKEY_CLON	26739	1836.31995	155.240005	114.019997	400	300	10	3	5	6	1	0	100	0	0	1	1	100	0	0	0
MOB_CA_MONKEY_CLON	26739	1870.14001	247.139999	664.849976	400	300	10	3	5	6	1	0	100	0	0	1	1	100	0	0	0
MOB_CA_MONKEY_CLON	26740	356.970001	203.5	1389.19995	400	300	10	3	5	6	1	0	100	0	0	1	1	100	0	0	0
MOB_CA_MONKEY_CLON	26740	401.529999	246.910004	867.190002	400	300	10	3	5	6	1	0	100	0	0	1	1	100	0	0	0
MOB_CA_MONKEY_CLON	26740	434.130005	183.059998	379.049988	400	300	10	3	5	6	1	0	100	0	0	1	1	100	0	0	0
MOB_CA_MONKEY_CLON	26740	759.359985	213.979996	1129.15002	400	300	10	3	5	6	1	0	100	0	0	1	1	100	0	0	0
MOB_CA_MONKEY_CLON	26740	775.710022	259.420013	1662.27002	400	300	10	3	5	6	1	0	100	0	0	1	1	100	0	0	0
MOB_CA_MONKEY_CLON	26740	790.409973	183.449997	30.1499996	400	300	10	3	5	6	1	0	100	0	0	1	1	100	0	0	0
MOB_CA_MONKEY_CLON	26740	838.450012	198.509995	624.330017	400	300	10	3	5	6	1	0	100	0	0	1	1	100	0	0	0
MOB_CA_MONKEY_CLON	26740	1222.22998	180.919998	269.190002	400	300	10	3	5	6	1	0	100	0	0	1	1	100	0	0	0
MOB_CA_MONKEY_CLON	26740	1256.87	204.520004	1397.95996	400	300	10	3	5	6	1	0	100	0	0	1	1	100	0	0	0
MOB_CA_MONKEY_CLON	26740	1316.70996	190.970001	846.75	400	300	10	3	5	6	1	0	100	0	0	1	1	100	0	0	0
MOB_CA_MONKEY_CLON	26740	1593.42004	248.479996	1841.69995	400	300	10	3	5	6	1	0	100	0	0	1	1	100	0	0	0
MOB_CA_MONKEY_CLON	26993	1169.29004	242.020004	778.140015	400	300	10	3	5	6	1	0	100	0	0	1	1	100	0	0	0
MOB_CA_MONKEY_CLON	26993	1441.71997	232.289993	1275.75	400	300	10	3	5	6	1	0	100	0	0	1	1	100	0	0	0
MOB_CA_MONKEY_CLON	26993	1457.22998	240.990005	295.089996	400	300	10	3	5	6	1	0	100	0	0	1	1	100	0	0	0
MOB_CA_MONKEY_CLON	26993	1859.13	250.279999	868.140015	400	300	10	3	5	6	1	0	100	0	0	1	1	100	0	0	0
MOB_CA_MONKEY_CLON	26993	1912	238.369995	1439.19995	400	300	10	3	5	6	1	0	100	0	0	1	1	100	0	0	0
MOB_CA_MONKEY_CLON	26994	177.839996	250.910004	411.170013	400	300	10	3	5	6	1	0	100	0	0	1	1	100	0	0	0
MOB_CA_MONKEY_CLON	26994	369.209991	272.220001	1164.07996	400	300	10	3	5	6	1	0	100	0	0	1	1	100	0	0	0
MOB_CA_MONKEY_CLON	26994	623.219971	249.919998	763.809998	400	300	10	3	5	6	1	0	100	0	0	1	1	100	0	0	0
MOB_CA_MONKEY_CLON	26994	676.02002	268.850006	1582.25	400	300	10	3	5	6	1	0	100	0	0	1	1	100	0	0	0
MOB_CA_MONKEY_CLON	26994	686.400024	256.540009	175.839996	400	300	10	3	5	6	1	0	100	0	0	1	1	100	0	0	0
MOB_CA_MONKEY_CLON	26994	1029	262.230011	1198.47998	400	300	10	3	5	6	1	0	100	0	0	1	1	100	0	0	0
MOB_CA_MONKEY_CLON	26994	1116.46997	250.139999	551.609985	400	300	10	3	5	6	1	0	100	0	0	1	1	100	0	0	0
MOB_CA_MONKEY_CLON	26994	1264.96997	263.070007	1639.72998	400	300	10	3	5	6	1	0	100	0	0	1	1	100	0	0	0
MOB_CA_MONKEY_CLON	26994	1547.05005	255.740005	884.719971	400	300	10	3	5	6	1	0	100	0	0	1	1	100	0	0	0
MOB_CA_MONKEY_CLON	26994	1670.90002	256.850006	362.26001	400	300	10	3	5	6	1	0	100	0	0	1	1	100	0	0	0
MOB_CA_MONKEY_CLON	26994	1777.17004	242.490005	1408.09998	400	300	10	3	5	6	1	0	100	0	0	1	1	100	0	0	0
MOB_CA_MONKEY_CLON	26995	186.869995	248.550003	759.52002	400	300	10	3	5	6	1	0	100	0	0	1	1	100	0	0	0
MOB_CA_MONKEY_CLON	26995	266.609985	254.229996	166.169998	400	300	10	3	5	6	1	0	100	0	0	1	1	100	0	0	0
MOB_CA_MONKEY_CLON	26995	678.340027	282.070007	625.22998	400	300	10	3	5	6	1	0	100	0	0	1	1	100	0	0	0
MOB_CA_MONKEY_CLON	26995	807.210022	245.270004	1131.82996	400	300	10	3	5	6	1	0	100	0	0	1	1	100	0	0	0
MOB_CA_MONKEY_CLON	26995	881.390015	256.769989	201.910004	400	300	10	3	5	6	1	0	100	0	0	1	1	100	0	0	0
MOB_CA_MONKEY_CLON	26995	1054.47998	244.020004	1574.52002	400	300	10	3	5	6	1	0	100	0	0	1	1	100	0	0	0
MOB_CA_MONKEY_CLON	26995	1221.17004	262.809998	720.659973	400	300	10	3	5	6	1	0	100	0	0	1	1	100	0	0	0
MOB_CA_MONKEY_CLON	26995	1337.89001	264.140015	1247.78003	400	300	10	3	5	6	1	0	100	0	0	1	1	100	0	0	0
MOB_CA_MONKEY_CLON	26995	1545.20996	256.309998	258.140015	400	300	10	3	5	6	1	0	100	0	0	1	1	100	0	0	0
MOB_CA_MONKEY_CLON	26995	1717.51001	256.059998	919.179993	400	300	10	3	5	6	1	0	100	0	0	1	1	100	0	0	0
MOB_CA_MONKEY_CLON	26995	1827.09998	244.990005	1480.45996	400	300	10	3	5	6	1	0	100	0	0	1	1	100	0	0	0
MOB_CA_MONKEY_CLON	26996	40.2299995	250.800003	483.429993	400	300	10	3	5	6	1	0	100	0	0	1	1	100	0	0	0
MOB_CA_MONKEY_CLON	26996	329.470001	259.75	1133.06006	400	300	10	3	5	6	1	0	100	0	0	1	1	100	0	0	0
MOB_CA_MONKEY_CLON	26996	350.040009	257.709991	71.9499969	400	300	10	3	5	6	1	0	100	0	0	1	1	100	0	0	0
MOB_CA_MONKEY_CLON	26996	478.420013	259.690002	655.969971	400	300	10	3	5	6	1	0	100	0	0	1	1	100	0	0	0
MOB_CA_MONKEY_CLON	26996	801.929993	256.609985	238.199997	400	300	10	3	5	6	1	0	100	0	0	1	1	100	0	0	0
MOB_CA_MONKEY_CLON	26996	965.77002	255.220001	1316.95996	400	300	10	3	5	6	1	0	100	0	0	1	1	100	0	0	0
MOB_CA_MONKEY_CLON	26996	1013.27002	268.109985	726.400024	400	300	10	3	5	6	1	0	100	0	0	1	1	100	0	0	0
MOB_CA_MONKEY_CLON	26996	1213.72998	243.639999	1777.48999	400	300	10	3	5	6	1	0	100	0	0	1	1	100	0	0	0
MOB_CA_MONKEY_CLON	26996	1355.18994	256.269989	401.690002	400	300	10	3	5	6	1	0	100	0	0	1	1	100	0	0	0
MOB_CA_MONKEY_CLON	26996	1432.52002	247.559998	1004.88	400	300	10	3	5	6	1	0	100	0	0	1	1	100	0	0	0
MOB_CA_MONKEY_CLON	26996	1728.82996	246.279999	587.25	400	300	10	3	5	6	1	0	100	0	0	1	1	100	0	0	0
MOB_CA_MONKEY_CLON	26996	1789.54004	242.5	1371.18994	400	300	10	3	5	6	1	0	100	0	0	1	1	100	0	0	0
MOB_CA_MONKEY_CLON	26997	102.010002	208.350006	947.52002	400	300	10	3	5	6	1	0	100	0	0	1	1	100	0	0	0
MOB_CA_MONKEY_CLON	26997	206.789993	285.76001	1717.45996	400	300	10	3	5	6	1	0	100	0	0	1	1	100	0	0	0
MOB_CA_MONKEY_CLON	26997	389.25	188.979996	1370.30005	400	300	10	3	5	6	1	0	100	0	0	1	1	100	0	0	0
MOB_CA_ONG	25961	192.339996	239.720001	1724.91003	200	100	10	2	4	4	1	1	100	0	0	1	1	100	0	0	0
MOB_CA_ONG	25961	197.479996	242.910004	1705.83997	200	100	10	2	4	4	1	1	100	0	0	1	1	100	0	0	0
MOB_CA_ONG	25961	706.690002	180	1488.53003	200	100	10	2	4	4	1	1	100	0	0	1	1	100	0	0	0
MOB_CA_ONG	25961	1290.33997	299.880005	1500.95996	200	100	10	2	4	4	1	1	100	0	0	1	1	100	0	0	0
MOB_CA_ONG	25961	1305.29004	300.220001	1525.91003	200	100	10	2	4	4	1	1	100	0	0	1	1	100	0	0	0
MOB_CA_ONG	25961	1786.48999	253.380005	1420.25	200	100	10	2	4	4	1	1	100	0	0	1	1	100	0	0	0
MOB_CA_ONG	25961	1813.98999	251.800003	1396.46997	200	100	10	2	4	4	1	1	100	0	0	1	1	100	0	0	0
MOB_CA_ONG	25962	429.709991	241.029999	1568.29004	200	100	10	2	4	4	1	1	100	0	0	1	1	100	0	0	0
MOB_CA_ONG	25962	445.720001	248.320007	1553.47998	200	100	10	2	4	4	1	1	100	0	0	1	1	100	0	0	0
MOB_CA_ONG	25962	860.289978	185.800003	1697.52002	200	100	10	2	4	4	1	1	100	0	0	1	1	100	0	0	0
MOB_CA_ONG	26216	1654.48999	212.119995	507.079987	200	100	10	2	4	4	1	1	100	0	0	1	1	100	0	0	0
MOB_CA_ONG	26216	1744.87	217.039993	1296.67004	200	100	10	2	4	4	1	1	100	0	0	1	1	100	0	0	0
MOB_CA_ONG	26217	177.229996	254.839996	693.070007	200	100	10	2	4	4	1	1	100	0	0	1	1	100	0	0	0
MOB_CA_ONG	26217	252.880005	181.080002	1556.25	300	200	10	2	4	4	1	1	100	0	0	1	1	100	0	0	0
MOB_CA_ONG	26217	469.559998	225.399994	1232.31995	200	100	10	2	4	4	1	1	100	0	0	1	1	100	0	0	0
MOB_CA_ONG	26217	527.789978	186.820007	366.220001	300	200	10	2	4	4	1	1	100	0	0	1	1	100	0	0	0
MOB_CA_ONG	26217	661.900024	195.699997	864.150024	300	200	10	2	4	4	1	1	100	0	0	1	1	100	0	0	0
MOB_CA_ONG	26217	859.51001	188.039993	1289.69995	800	200	10	2	4	8	1	1	100	0	0	1	1	100	0	0	0
MOB_CA_ONG	26217	973.840027	234.889999	1806.39001	300	200	10	2	4	4	1	1	100	0	0	1	1	100	0	0	0
MOB_CA_ONG	26217	1173.75	220.559998	884.539978	300	200	10	2	4	4	1	1	100	0	0	1	1	100	0	0	0
MOB_CA_ONG	26217	1224.35999	205.479996	459.540009	200	100	10	2	4	4	1	1	100	0	0	1	1	100	0	0	0
MOB_CA_ONG	26217	1285.80005	180	1414.89001	300	200	10	2	4	4	1	1	100	0	0	1	1	100	0	0	0
MOB_CA_ONG	26217	1547.12	180	101.910004	200	100	10	2	4	4	1	1	100	0	0	1	1	100	0	0	0
MOB_CA_ONG	26217	1582.10999	186.539993	1687.67004	200	100	10	2	4	4	1	1	100	0	0	1	1	100	0	0	0
MOB_CA_ONG	26217	1817.05005	175.800003	1251.72998	300	200	10	2	4	4	1	1	100	0	0	1	1	100	0	0	0
MOB_CA_ONG	26217	1821.51001	202.699997	823.419983	300	200	10	2	4	4	1	1	100	0	0	1	1	100	0	0	0
MOB_CA_ONG	26218	7.23999977	274.160004	470.089996	200	100	10	2	4	4	1	1	100	0	0	1	1	100	0	0	0
MOB_CA_ONG	26218	419.279999	192.619995	752.179993	800	200	10	2	4	10	1	1	100	0	0	1	1	100	0	0	0
MOB_CA_ONG	26218	465.470001	232.520004	250.300003	200	100	10	2	4	4	1	1	100	0	0	1	1	100	0	0	0
MOB_CA_ONG	26218	694.859985	275.619995	1574.96997	200	100	10	2	4	4	1	1	100	0	0	1	1	100	0	0	0
MOB_CA_ONG	26218	872.849976	178.539993	469.809998	300	200	10	2	4	4	1	1	100	0	0	1	1	100	0	0	0
MOB_CA_ONG	26218	1145.97998	272.519989	1173.87	300	200	10	2	4	4	1	1	100	0	0	1	1	100	0	0	0
MOB_CA_ONG	26218	1165.35999	199.080002	776.830017	300	200	10	2	4	4	1	1	100	0	0	1	1	100	0	0	0
MOB_CA_ONG	26218	1176.42004	191.940002	27.7299995	300	200	10	2	4	4	1	1	100	0	0	1	1	100	0	0	0
MOB_CA_ONG	26218	1204.73999	308.369995	1562.13	300	200	10	2	4	4	1	1	100	0	0	1	1	100	0	0	0
MOB_CA_ONG	26218	1382.76001	227.220001	334.670013	200	100	10	2	4	4	1	1	100	0	0	1	1	100	0	0	0
MOB_CA_ONG	26218	1530.81995	466.549988	1276.19995	200	100	10	2	4	4	1	1	100	0	0	1	1	100	0	0	0
MOB_CA_ONG	26218	1559.35999	221.259995	697.450012	300	200	10	2	4	4	1	1	100	0	0	1	1	100	0	0	0
MOB_CA_ONG	26218	1627.80005	180	1.42999995	300	200	10	2	4	6	1	1	100	0	0	1	1	100	0	0	0
MOB_CA_ONG	26218	1784.20996	295.600006	1002.90997	300	200	10	2	4	4	1	1	100	0	0	1	1	100	0	0	0
MOB_CA_ONG	26219	13.7600002	228.320007	596.22998	300	200	10	2	4	4	1	1	100	0	0	1	1	100	0	0	0
MOB_CA_ONG	26219	76.5299988	356.290009	1691.18005	200	100	10	2	4	4	1	1	100	0	0	1	1	100	0	0	0
MOB_CA_ONG	26219	97.7799988	184	184.270004	300	200	10	2	4	6	1	1	100	0	0	1	1	100	0	0	0
MOB_CA_ONG	26219	414.130005	213.610001	678.210022	200	100	10	2	4	4	1	1	100	0	0	1	1	100	0	0	0
MOB_CA_ONG	26219	456.179993	333.809998	1874.42004	300	200	10	2	4	4	1	1	100	0	0	1	1	100	0	0	0
MOB_CA_ONG	26219	556.210022	264.649994	967.530029	800	200	10	2	4	8	1	1	100	0	0	1	1	100	0	0	0
MOB_CA_ONG	26219	674.200012	353.399994	1415.72998	200	100	10	2	4	4	1	1	100	0	0	1	1	100	0	0	0
MOB_CA_ONG	26219	674.26001	344.290009	1447.94995	200	100	10	2	4	4	1	1	100	0	0	1	1	100	0	0	0
MOB_CA_ONG	26219	883.630005	169.350006	713.469971	300	200	10	2	4	6	1	1	100	0	0	1	1	100	0	0	0
MOB_CA_ONG	26219	960.280029	253.610001	1753.85999	300	200	10	2	4	6	1	1	100	0	0	1	1	100	0	0	0
MOB_CA_ONG	26219	1300.88	193.699997	1398.01001	200	100	10	2	4	4	1	1	100	0	0	1	1	100	0	0	0
MOB_CA_ONG	26219	1339.33997	136.149994	741.799988	300	200	10	2	4	6	1	1	100	0	0	1	1	100	0	0	0
MOB_CA_ONG	26219	1418.44995	153.710007	328.51001	300	200	10	2	4	4	1	1	100	0	0	1	1	100	0	0	0
MOB_CA_ONG	26219	1620.70996	174.550003	1085.28003	300	200	10	2	4	4	1	1	100	0	0	1	1	100	0	0	0
MOB_CA_ONG	26219	1682.28003	112.300003	1627.69995	300	200	10	2	4	6	1	1	100	0	0	1	1	100	0	0	0
MOB_CA_ONG	26219	1826.93005	151.210007	225.059998	200	100	10	2	4	4	1	1	100	0	0	1	1	100	0	0	0
MOB_CA_ONG	26219	1848.71997	150.529999	220.190002	200	100	10	2	4	4	1	1	100	0	0	1	1	100	0	0	0
MOB_CA_ONG	26220	92.5500031	66.9499969	971.140015	200	100	10	2	4	4	1	1	100	0	0	1	1	100	0	0	0
MOB_CA_ONG	26220	176.419998	15.5600004	1419.94995	800	300	10	2	4	10	1	1	100	0	0	1	1	100	0	0	0
MOB_CA_ONG	26472	1730.02002	180.190002	673.390015	300	200	10	2	4	4	1	1	100	0	0	1	1	100	0	0	0
MOB_CA_ONG	26472	1832.30005	180.080002	316.880005	200	100	10	2	4	4	1	1	100	0	0	1	1	100	0	0	0
MOB_CA_ONG	26472	1853.44995	190.589996	944.27002	200	100	10	2	4	4	1	1	100	0	0	1	1	100	0	0	0
MOB_CA_ONG	26473	5.96999979	198.050003	1834.07996	200	100	10	2	4	4	1	1	100	0	0	1	1	100	0	0	0
MOB_CA_ONG	26473	260.25	201.059998	769.52002	300	200	10	2	4	4	1	1	100	0	0	1	1	100	0	0	0
MOB_CA_ONG	26473	261.899994	182.740005	341.570007	300	200	10	2	4	4	1	1	100	0	0	1	1	100	0	0	0
MOB_CA_ONG	26473	268.26001	219.369995	1484.48999	300	200	10	2	4	4	1	1	100	0	0	1	1	100	0	0	0
MOB_CA_ONG	26473	519.880005	200.330002	1028.52002	200	100	10	2	4	4	1	1	100	0	0	1	1	100	0	0	0
MOB_CA_ONG	26473	737.690002	180.960007	323.450012	200	100	10	2	4	4	1	1	100	0	0	1	1	100	0	0	0
MOB_CA_ONG	26473	759.059998	199.509995	1263.31995	300	200	10	2	4	4	1	1	100	0	0	1	1	100	0	0	0
MOB_CA_ONG	26473	793.400024	196.830002	1751.22998	200	100	10	2	4	4	1	1	100	0	0	1	1	100	0	0	0
MOB_CA_ONG	26473	800.640015	181.710007	753.940002	300	200	10	2	4	4	1	1	100	0	0	1	1	100	0	0	0
MOB_CA_ONG	26473	1042.5	264.75	1389.42004	200	100	10	2	4	4	1	1	100	0	0	1	1	100	0	0	0
MOB_CA_ONG	26473	1153.77002	226.089996	416.98999	300	200	10	2	4	4	1	1	100	0	0	1	1	100	0	0	0
MOB_CA_ONG	26473	1171.07996	282.910004	899.340027	200	100	10	2	4	4	1	1	100	0	0	1	1	100	0	0	0
MOB_CA_ONG	26473	1294.29004	180.139999	51.2400017	300	200	10	2	4	4	1	1	100	0	0	1	1	100	0	0	0
MOB_CA_ONG	26473	1511.27002	220.75	624.190002	200	100	10	2	4	4	1	1	100	0	0	1	1	100	0	0	0
MOB_CA_ONG	26473	1562.70996	236.020004	1914.30005	200	100	10	2	4	4	1	1	100	0	0	1	1	100	0	0	0
MOB_CA_ONG	26473	1670.31006	270.23999	1336.81006	200	100	10	2	4	4	1	1	100	0	0	1	1	100	0	0	0
MOB_CA_ONG	26474	53.5099983	230.910004	898.710022	800	200	10	2	4	10	1	1	100	0	0	1	1	100	0	0	0
MOB_CA_ONG	26474	180	184.809998	255.210007	200	100	10	2	4	4	1	1	100	0	0	1	1	100	0	0	0
MOB_CA_ONG	26474	499.980011	305.290009	1142.05005	200	100	10	2	4	4	1	1	100	0	0	1	1	100	0	0	0
MOB_CA_ONG	26474	500.420013	311.73999	1119.48999	200	100	10	2	4	4	1	1	100	0	0	1	1	100	0	0	0
MOB_CA_ONG	26474	589.869995	215.020004	590.159973	300	200	10	2	4	4	1	1	100	0	0	1	1	100	0	0	0
MOB_CA_ONG	26474	658.929993	217.589996	100.860001	300	200	10	2	4	4	1	1	100	0	0	1	1	100	0	0	0
MOB_CA_ONG	26474	961.080017	233.820007	1784.47998	200	100	10	2	4	4	1	1	100	0	0	1	1	100	0	0	0
MOB_CA_ONG	26474	1423.28003	305.450012	1256.37	300	200	10	2	4	4	1	1	100	0	0	1	1	100	0	0	0
MOB_CA_ONG	26474	1648.08997	371.48999	898.26001	200	100	10	2	4	4	1	1	100	0	0	1	1	100	0	0	0
MOB_CA_ONG	26474	1763.28003	254.889999	1918.98999	200	100	10	2	4	4	1	1	100	0	0	1	1	100	0	0	0
MOB_CA_ONG	26475	186.410004	460.200012	1117.08997	200	100	10	2	4	4	1	1	100	0	0	1	1	100	0	0	0
MOB_CA_ONG	26475	203.669998	450.940002	1125.68005	200	100	10	2	4	4	1	1	100	0	0	1	1	100	0	0	0
MOB_CA_ONG	26475	272.76001	336.369995	1714.45996	200	100	10	2	4	4	1	1	100	0	0	1	1	100	0	0	0
MOB_CA_ONG	26475	681.030029	195.610001	1738.67004	300	200	10	2	4	4	1	1	100	0	0	1	1	100	0	0	0
MOB_CA_ONG	26475	905.530029	377.480011	661.690002	200	100	10	2	4	4	1	1	100	0	0	1	1	100	0	0	0
MOB_CA_ONG	26475	911.669983	369.059998	648.309998	200	100	10	2	4	4	1	1	100	0	0	1	1	100	0	0	0
MOB_CA_ONG	26475	925.539978	299.440002	1231.56006	200	100	10	2	4	4	1	1	100	0	0	1	1	100	0	0	0
MOB_CA_ONG	26475	948.25	304.51001	1231.26001	200	100	10	2	4	4	1	1	100	0	0	1	1	100	0	0	0
MOB_CA_ONG	26475	1402.84998	159.699997	1154.55005	300	200	10	2	4	4	1	1	100	0	0	1	1	100	0	0	0
MOB_CA_ONG	26475	1439.76001	220.679993	1896.93994	200	100	10	2	4	4	1	1	100	0	0	1	1	100	0	0	0
MOB_CA_ONG	26476	736.969971	171.860001	1627.55005	200	100	10	2	4	4	1	1	100	0	0	1	1	100	0	0	0
MOB_CA_ONG	26476	749.72998	153.529999	1612.21997	200	100	10	2	4	4	1	1	100	0	0	1	1	100	0	0	0
MOB_CA_ONG	26476	1105.23999	283.5	676.210022	200	100	10	2	4	4	1	1	100	0	0	1	1	100	0	0	0
MOB_CA_ONG	26476	1334.46997	295.690002	1242.52002	200	100	10	2	4	4	1	1	100	0	0	1	1	100	0	0	0
MOB_CA_ONG	26729	79.8499985	180	1188.28003	200	100	10	2	4	4	1	1	100	0	0	1	1	100	0	0	0
MOB_CA_ONG	26729	105.669998	247.020004	286.519989	300	200	10	2	4	4	1	1	100	0	0	1	1	100	0	0	0
MOB_CA_ONG	26729	132.389999	202.710007	654.469971	200	100	10	2	4	4	1	1	100	0	0	1	1	100	0	0	0
MOB_CA_ONG	26729	368.48999	180	939.809998	300	200	10	2	4	6	1	1	100	0	0	1	1	100	0	0	0
MOB_CA_ONG	26729	455.829987	191.949997	42.5299988	300	200	10	2	4	4	1	1	100	0	0	1	1	100	0	0	0
MOB_CA_ONG	26729	647.099976	180	501.690002	300	200	10	2	4	6	1	1	100	0	0	1	1	100	0	0	0
MOB_CA_ONG	26729	991.789978	180.820007	335.649994	300	200	10	2	4	6	1	1	100	0	0	1	1	100	0	0	0
MOB_CA_ONG	26729	1379.87	197.020004	379.179993	300	200	10	2	4	6	1	1	100	0	0	1	1	100	0	0	0
MOB_CA_ONG	26730	1314.69995	130.360001	131.580002	300	200	10	2	4	6	1	1	100	0	0	1	1	100	0	0	0
MOB_CA_ONG	26730	1750.76001	261.73999	10.6999998	200	100	10	2	4	4	1	1	100	0	0	1	1	100	0	0	0
MOB_CA_ONG_CLON	25961	173.389999	237.809998	1731.91003	200	100	10	7	10	4	1	0	100	0	0	1	1	100	0	0	0
MOB_CA_ONG_CLON	25961	178.570007	242.679993	1709.29004	200	100	10	7	10	4	1	0	100	0	0	1	1	100	0	0	0
MOB_CA_ONG_CLON	25961	516.22998	183.210007	1804.26001	300	250	10	7	10	6	1	0	100	0	0	1	1	100	0	0	0
MOB_CA_ONG_CLON	25961	692.450012	180	1468.95996	200	100	10	7	10	4	1	0	100	0	0	1	1	100	0	0	0
MOB_CA_ONG_CLON	25961	710.25	180	1468.95996	200	100	10	7	10	4	1	0	100	0	0	1	1	100	0	0	0
MOB_CA_ONG_CLON	25961	1012.94	191.860001	1259.75	300	250	10	7	10	6	1	0	100	0	0	1	1	100	0	0	0
MOB_CA_ONG_CLON	25961	1278.73999	298.809998	1519.37	200	100	10	7	10	4	1	0	100	0	0	1	1	100	0	0	0
MOB_CA_ONG_CLON	25961	1283.73999	298.890015	1537.68005	200	100	10	7	10	4	1	0	100	0	0	1	1	100	0	0	0
MOB_CA_ONG_CLON	25961	1599.81006	182.149994	1687.96997	300	250	10	7	10	6	1	0	100	0	0	1	1	100	0	0	0
MOB_CA_ONG_CLON	25961	1791.56006	254.240005	1403.07996	200	100	10	7	10	4	1	0	100	0	0	1	1	100	0	0	0
MOB_CA_ONG_CLON	25961	1802.02002	251.710007	1413.57996	200	100	10	7	10	4	1	0	100	0	0	1	1	100	0	0	0
MOB_CA_ONG_CLON	25962	443.339996	241.880005	1569.88	200	100	10	7	10	4	1	0	100	0	0	1	1	100	0	0	0
MOB_CA_ONG_CLON	25962	457.899994	247.300003	1557.06006	200	100	10	7	10	4	1	0	100	0	0	1	1	100	0	0	0
MOB_CA_ONG_CLON	25962	608.590027	183.649994	1882.42004	300	250	10	7	10	6	1	0	100	0	0	1	1	100	0	0	0
MOB_CA_ONG_CLON	25962	851.419983	185.770004	1685.10999	200	150	10	7	10	4	1	0	100	0	0	1	1	100	0	0	0
MOB_CA_ONG_CLON	25962	869.150024	184.830002	1681.64001	200	150	10	7	10	4	1	0	100	0	0	1	1	100	0	0	0
MOB_CA_ONG_CLON	26216	1635.46997	207.820007	502.040009	200	100	10	7	10	4	1	0	100	0	0	1	1	100	0	0	0
MOB_CA_ONG_CLON	26216	1636.88	214.389999	517.450012	200	100	10	7	10	4	1	0	100	0	0	1	1	100	0	0	0
MOB_CA_ONG_CLON	26216	1729.47998	220.550003	1291.37	200	100	10	7	10	4	1	0	100	0	0	1	1	100	0	0	0
MOB_CA_ONG_CLON	26216	1746.58997	216.660004	1279.23999	200	100	10	7	10	4	1	0	100	0	0	1	1	100	0	0	0
MOB_CA_ONG_CLON	26216	1761.58997	267.25	1674.06006	300	250	10	7	10	6	1	0	100	0	0	1	1	100	0	0	0
MOB_CA_ONG_CLON	26217	63.1699982	182.580002	307.549988	300	250	10	7	10	6	1	0	100	0	0	1	1	100	0	0	0
MOB_CA_ONG_CLON	26217	131.389999	177.100006	1043.46997	300	250	10	7	10	6	1	0	100	0	0	1	1	100	0	0	0
MOB_CA_ONG_CLON	26217	155.639999	249.470001	695.440002	200	100	10	7	10	4	1	0	100	0	0	1	1	100	0	0	0
MOB_CA_ONG_CLON	26217	170.899994	250.729996	703.840027	200	100	10	7	10	4	1	0	100	0	0	1	1	100	0	0	0
MOB_CA_ONG_CLON	26217	450.320007	228.899994	1224.92004	200	150	10	7	10	4	1	0	100	0	0	1	1	100	0	0	0
MOB_CA_ONG_CLON	26217	451.980011	230.669998	1241.98999	200	150	10	7	10	4	1	0	100	0	0	1	1	100	0	0	0
MOB_CA_ONG_CLON	26217	1064.17004	195.910004	73.4199982	800	300	10	7	10	8	1	0	100	0	0	1	1	100	0	0	0
MOB_CA_ONG_CLON	26217	1201.35999	208.979996	464.299988	200	100	10	7	10	4	1	0	100	0	0	1	1	100	0	0	0
MOB_CA_ONG_CLON	26217	1208.87	200.289993	449.700012	200	100	10	7	10	4	1	0	100	0	0	1	1	100	0	0	0
MOB_CA_ONG_CLON	26217	1527.54004	180	110.800003	200	150	10	7	10	4	1	0	100	0	0	1	1	100	0	0	0
MOB_CA_ONG_CLON	26217	1543.56006	180	119.699997	200	150	10	7	10	4	1	0	100	0	0	1	1	100	0	0	0
MOB_CA_ONG_CLON	26217	1550.48999	186.630005	448.410004	300	250	10	7	10	6	1	0	100	0	0	1	1	100	0	0	0
MOB_CA_ONG_CLON	26217	1586.78003	183.539993	1663.87	200	100	10	7	10	4	1	0	100	0	0	1	1	100	0	0	0
MOB_CA_ONG_CLON	26217	1601.20996	185.270004	1678.16003	200	100	10	7	10	4	1	0	100	0	0	1	1	100	0	0	0
MOB_CA_ONG_CLON	26217	1905.09998	278.390015	469.869995	200	100	10	7	10	4	1	0	100	0	0	1	1	100	0	0	0
MOB_CA_ONG_CLON	26217	1911.93005	276.5	481.779999	200	100	10	7	10	4	1	0	100	0	0	1	1	100	0	0	0
MOB_CA_ONG_CLON	26218	76.4199982	196.309998	87.6900024	300	250	10	7	10	6	1	0	100	0	0	1	1	100	0	0	0
MOB_CA_ONG_CLON	26218	103.199997	182.850006	1760.56995	300	250	10	7	10	6	1	0	100	0	0	1	1	100	0	0	0
MOB_CA_ONG_CLON	26218	457.029999	236.139999	234.729996	200	150	10	7	10	4	1	0	100	0	0	1	1	100	0	0	0
MOB_CA_ONG_CLON	26218	710.890015	269	1563.22998	200	100	10	7	10	4	1	0	100	0	0	1	1	100	0	0	0
MOB_CA_ONG_CLON	26218	715.25	196.039993	1112.53003	200	100	10	7	10	4	1	0	100	0	0	1	1	100	0	0	0
MOB_CA_ONG_CLON	26218	1351.76001	223.889999	341.809998	200	150	10	7	10	4	1	0	100	0	0	1	1	100	0	0	0
MOB_CA_ONG_CLON	26218	1360.38	224.919998	331.329987	200	150	10	7	10	4	1	0	100	0	0	1	1	100	0	0	0
MOB_CA_ONG_CLON	26218	1513.55005	456.029999	1281.09998	200	100	10	7	10	4	1	0	100	0	0	1	1	100	0	0	0
MOB_CA_ONG_CLON	26218	1526.45996	461.149994	1291.43005	200	100	10	7	10	4	1	0	100	0	0	1	1	100	0	0	0
MOB_CA_ONG_CLON	26218	1570.38	372.730011	1677.77002	300	250	10	7	10	6	1	0	100	0	0	1	1	100	0	0	0
MOB_CA_ONG_CLON	26219	60.9500008	357.429993	1695.57996	200	100	10	7	10	4	1	0	100	0	0	1	1	100	0	0	0
MOB_CA_ONG_CLON	26219	65.4000015	357	1680	200	100	10	7	10	4	1	0	100	0	0	1	1	100	0	0	0
MOB_CA_ONG_CLON	26219	246.970001	318.440002	1269.51001	300	250	10	7	10	6	1	0	100	0	0	1	1	100	0	0	0
MOB_CA_ONG_CLON	26219	407.109985	215.190002	694.75	200	100	10	7	10	4	1	0	100	0	0	1	1	100	0	0	0
MOB_CA_ONG_CLON	26219	423.619995	214.029999	692.400024	200	100	10	7	10	4	1	0	100	0	0	1	1	100	0	0	0
MOB_CA_ONG_CLON	26219	651.849976	345.970001	1445.53003	200	100	10	7	10	4	1	0	100	0	0	1	1	100	0	0	0
MOB_CA_ONG_CLON	26219	654.099976	354.119995	1431.30005	200	100	10	7	10	4	1	0	100	0	0	1	1	100	0	0	0
MOB_CA_ONG_CLON	26219	946.869995	224.380005	1173.41003	300	250	10	7	10	6	1	0	100	0	0	1	1	100	0	0	0
MOB_CA_ONG_CLON	26219	1279.55005	196.570007	1388.31006	200	100	10	7	10	4	1	0	100	0	0	1	1	100	0	0	0
MOB_CA_ONG_CLON	26219	1279.62	197.850006	1404.91003	200	100	10	7	10	4	1	0	100	0	0	1	1	100	0	0	0
MOB_CA_ONG_CLON	26219	1809.93005	150.919998	239.610001	200	100	10	7	10	4	1	0	100	0	0	1	1	100	0	0	0
MOB_CA_ONG_CLON	26219	1838.96997	149.720001	237.169998	200	100	10	7	10	4	1	0	100	0	0	1	1	100	0	0	0
MOB_CA_ONG_CLON	26219	1918	104.209999	618.630005	300	250	10	7	10	6	1	0	100	0	0	1	1	100	0	0	0
MOB_CA_ONG_CLON	26220	74.6900024	69.0599976	988.539978	200	100	10	7	10	4	1	0	100	0	0	1	1	100	0	0	0
MOB_CA_ONG_CLON	26220	319.660004	152.690002	169.940002	300	200	10	7	10	4	1	0	100	0	0	1	1	100	0	0	0
MOB_CA_ONG_CLON	26472	1801.98999	182.039993	315.019989	200	100	10	7	10	4	1	0	100	0	0	1	1	100	0	0	0
MOB_CA_ONG_CLON	26472	1812.69995	180.720001	323.970001	200	100	10	7	10	4	1	0	100	0	0	1	1	100	0	0	0
MOB_CA_ONG_CLON	26472	1838.41003	195.779999	951.5	200	150	10	7	10	4	1	0	100	0	0	1	1	100	0	0	0
MOB_CA_ONG_CLON	26472	1855.20996	192	959.849976	200	150	10	7	10	4	1	0	100	0	0	1	1	100	0	0	0
MOB_CA_ONG_CLON	26472	1905.67004	197.759995	1836.13	200	100	10	7	10	4	1	0	100	0	0	1	1	100	0	0	0
MOB_CA_ONG_CLON	26472	1919.94995	198.470001	1850.25	200	100	10	7	10	4	1	0	100	0	0	1	1	100	0	0	0
MOB_CA_ONG_CLON	26473	498.769989	200.529999	1019.71002	200	100	10	7	10	4	1	0	100	0	0	1	1	100	0	0	0
MOB_CA_ONG_CLON	26473	507.589996	201.440002	1035.51001	200	100	10	7	10	4	1	0	100	0	0	1	1	100	0	0	0
MOB_CA_ONG_CLON	26473	565.320007	185.899994	41.3899994	300	250	10	7	10	6	1	0	100	0	0	1	1	100	0	0	0
MOB_CA_ONG_CLON	26473	751.909973	181.080002	314.540009	200	100	10	7	10	4	1	0	100	0	0	1	1	100	0	0	0
MOB_CA_ONG_CLON	26473	751.909973	181.160004	332.309998	200	100	10	7	10	4	1	0	100	0	0	1	1	100	0	0	0
MOB_CA_ONG_CLON	26473	809.690002	199.479996	1735.22998	200	100	10	7	10	4	1	0	100	0	0	1	1	100	0	0	0
MOB_CA_ONG_CLON	26473	813.669983	196.919998	1767.43994	200	100	10	7	10	4	1	0	100	0	0	1	1	100	0	0	0
MOB_CA_ONG_CLON	26473	1031.64001	254.710007	1402.06006	200	150	10	7	10	4	1	0	100	0	0	1	1	100	0	0	0
MOB_CA_ONG_CLON	26473	1048.25	252.039993	1406.78003	200	150	10	7	10	4	1	0	100	0	0	1	1	100	0	0	0
MOB_CA_ONG_CLON	26473	1150.53003	250.350006	1785.95996	800	200	10	7	10	10	1	0	100	0	0	1	1	100	0	0	0
MOB_CA_ONG_CLON	26473	1153.21997	281.769989	896.419983	200	150	10	7	10	4	1	0	100	0	0	1	1	100	0	0	0
MOB_CA_ONG_CLON	26473	1163.68994	276.170013	911.659973	200	150	10	7	10	4	1	0	100	0	0	1	1	100	0	0	0
MOB_CA_ONG_CLON	26473	1343.21997	270.269989	1206	300	250	10	7	10	6	1	0	100	0	0	1	1	100	0	0	0
MOB_CA_ONG_CLON	26473	1499.07996	220.020004	624.219971	200	100	10	7	10	4	1	0	100	0	0	1	1	100	0	0	0
MOB_CA_ONG_CLON	26473	1511.26001	221.580002	636.330017	200	100	10	7	10	4	1	0	100	0	0	1	1	100	0	0	0
MOB_CA_ONG_CLON	26473	1590.48999	234.899994	1914.45996	200	100	10	7	10	4	1	0	100	0	0	1	1	100	0	0	0
MOB_CA_ONG_CLON	26473	1644.35999	205.130005	289.570007	300	250	10	7	10	6	1	0	100	0	0	1	1	100	0	0	0
MOB_CA_ONG_CLON	26473	1655.03003	271.390015	1336.67004	200	100	10	7	10	4	1	0	100	0	0	1	1	100	0	0	0
MOB_CA_ONG_CLON	26473	1661.82996	270.5	1350.31995	200	100	10	7	10	4	1	0	100	0	0	1	1	100	0	0	0
MOB_CA_ONG_CLON	26474	100.709999	188.850006	1539.38	300	200	10	7	10	4	1	0	100	0	0	1	1	100	0	0	0
MOB_CA_ONG_CLON	26474	180.029999	184.210007	236.089996	200	100	10	7	10	4	1	0	100	0	0	1	1	100	0	0	0
MOB_CA_ONG_CLON	26474	199.130005	185.220001	248.020004	200	100	10	7	10	4	1	0	100	0	0	1	1	100	0	0	0
MOB_CA_ONG_CLON	26474	479.480011	305.470001	1148.89001	200	150	10	7	10	4	1	0	100	0	0	1	1	100	0	0	0
MOB_CA_ONG_CLON	26474	479.859985	310.359985	1128.54004	200	150	10	7	10	4	1	0	100	0	0	1	1	100	0	0	0
MOB_CA_ONG_CLON	26474	505.299988	118.709999	1686.44995	300	200	10	7	10	4	1	0	100	0	0	1	1	100	0	0	0
MOB_CA_ONG_CLON	26474	909.25	229.509995	1030.06006	300	200	10	7	10	4	1	0	100	0	0	1	1	100	0	0	0
MOB_CA_ONG_CLON	26474	944.48999	220.669998	1786.73999	200	150	10	7	10	4	1	0	100	0	0	1	1	100	0	0	0
MOB_CA_ONG_CLON	26474	946.799988	188.389999	1421.93005	300	200	10	7	10	4	1	0	100	0	0	1	1	100	0	0	0
MOB_CA_ONG_CLON	26474	959	227.440002	1770.94995	200	150	10	7	10	4	1	0	100	0	0	1	1	100	0	0	0
MOB_CA_ONG_CLON	26474	1212.34998	366.029999	213.809998	300	200	10	7	10	4	1	0	100	0	0	1	1	100	0	0	0
MOB_CA_ONG_CLON	26474	1244.32996	359.269989	825.179993	300	200	10	7	10	4	1	0	100	0	0	1	1	100	0	0	0
MOB_CA_ONG_CLON	26474	1584.66003	387.75	479.390015	300	200	10	7	10	4	1	0	100	0	0	1	1	100	0	0	0
MOB_CA_ONG_CLON	26474	1648.21997	373.390015	882.700012	200	150	10	4	6	4	1	0	100	0	0	1	1	100	0	0	0
MOB_CA_ONG_CLON	26474	1659.32996	373.950012	878.25	200	150	10	7	10	4	1	0	100	0	0	1	1	100	0	0	0
MOB_CA_ONG_CLON	26474	1746.12	263.700012	1914	200	150	10	7	10	4	1	0	100	0	0	1	1	100	0	0	0
MOB_CA_ONG_CLON	26474	1864.01001	310.369995	1576.43994	300	250	10	7	10	6	1	0	100	0	0	1	1	100	0	0	0
MOB_CA_ONG_CLON	26475	4.71000004	397.73999	199.360001	300	200	10	7	10	4	1	0	100	0	0	1	1	100	0	0	0
MOB_CA_ONG_CLON	26475	118.68	382.059998	761.26001	800	250	10	7	10	10	1	0	100	0	0	1	1	100	0	0	0
MOB_CA_ONG_CLON	26475	186.550003	451.230011	1132.09998	200	150	10	7	10	4	1	0	100	0	0	1	1	100	0	0	0
MOB_CA_ONG_CLON	26475	265.859985	329.75	1729.72998	200	150	10	7	10	4	1	0	100	0	0	1	1	100	0	0	0
MOB_CA_ONG_CLON	26475	282.899994	334.98999	1729.02002	200	150	10	7	10	4	1	0	100	0	0	1	1	100	0	0	0
MOB_CA_ONG_CLON	26475	543.52002	331.26001	642.549988	300	200	10	7	10	4	1	0	100	0	0	1	1	100	0	0	0
MOB_CA_ONG_CLON	26475	571.210022	349.140015	1195.76001	300	250	10	7	10	6	1	0	100	0	0	1	1	100	0	0	0
MOB_CA_ONG_CLON	26475	749.130005	286.619995	311.410004	300	200	10	7	10	4	1	0	100	0	0	1	1	100	0	0	0
MOB_CA_ONG_CLON	26475	896.309998	371.670013	648.349976	200	150	10	7	10	4	1	0	100	0	0	1	1	100	0	0	0
MOB_CA_ONG_CLON	26475	936.780029	307.600006	1208.30005	200	150	10	7	10	4	1	0	100	0	0	1	1	100	0	0	0
MOB_CA_ONG_CLON	26475	1140.75	200.630005	844.48999	300	200	10	7	10	4	1	0	100	0	0	1	1	100	0	0	0
MOB_CA_ONG_CLON	26475	1203.45996	187.429993	1630.66003	300	250	10	7	10	6	1	0	100	0	0	1	1	100	0	0	0
MOB_CA_ONG_CLON	26475	1222.62	188.820007	368.670013	300	200	10	7	10	4	1	0	100	0	0	1	1	100	0	0	0
MOB_CA_ONG_CLON	26475	1450.38	231.210007	1877.64001	200	150	10	7	10	4	1	0	100	0	0	1	1	100	0	0	0
MOB_CA_ONG_CLON	26475	1462.56006	235.190002	1896.23999	200	150	10	7	10	4	1	0	100	0	0	1	1	100	0	0	0
MOB_CA_ONG_CLON	26475	1621.08997	112.059998	249.240005	300	200	10	7	10	6	1	0	100	0	0	1	1	100	0	0	0
MOB_CA_ONG_CLON	26475	1823.35999	139.050003	1593.72998	300	200	10	7	10	6	1	0	100	0	0	1	1	100	0	0	0
MOB_CA_ONG_CLON	26475	1900.94995	81.2600021	580.650024	300	200	10	7	10	6	1	0	100	0	0	1	1	100	0	0	0
MOB_CA_ONG_CLON	26476	20.1700001	69.1100006	1042.18005	800	200	10	7	10	12	1	0	100	0	0	1	1	100	0	0	0
MOB_CA_ONG_CLON	26476	198.449997	42.0999985	109.669998	300	200	10	7	10	4	1	0	100	0	0	1	1	100	0	0	0
MOB_CA_ONG_CLON	26476	266.309998	110.889999	1857.88	300	200	10	7	10	6	1	0	100	0	0	1	1	100	0	0	0
MOB_CA_ONG_CLON	26476	425.380005	44.7599983	1242.23999	300	200	10	7	10	6	1	0	100	0	0	1	1	100	0	0	0
MOB_CA_ONG_CLON	26476	593.299988	86.5400009	659.98999	300	200	10	7	10	4	1	0	100	0	0	1	1	100	0	0	0
MOB_CA_ONG_CLON	26476	732.549988	160.110001	1611.68005	200	150	10	7	10	4	1	0	100	0	0	1	1	100	0	0	0
MOB_CA_ONG_CLON	26476	962.159973	132.539993	1167.26001	300	200	10	7	10	4	1	0	100	0	0	1	1	100	0	0	0
MOB_CA_ONG_CLON	26476	1103.02002	280.790009	657.799988	200	150	10	7	10	4	1	0	100	0	0	1	1	100	0	0	0
MOB_CA_ONG_CLON	26476	1121.57996	276.470001	657.77002	200	150	10	7	10	4	1	0	100	0	0	1	1	100	0	0	0
MOB_CA_ONG_CLON	26476	1189.60999	154.860001	1720.30005	300	200	10	7	10	4	1	0	100	0	0	1	1	100	0	0	0
MOB_CA_ONG_CLON	26476	1334.60999	289.790009	1231.65002	200	150	10	7	10	4	1	0	100	0	0	1	1	100	0	0	0
MOB_CA_ONG_CLON	26476	1355.21997	290.920013	1226.95996	200	150	10	7	10	4	1	0	100	0	0	1	1	100	0	0	0
MOB_CA_ONG_CLON	26729	67.5500031	180.380005	1173.78003	200	100	10	7	10	4	1	0	100	0	0	1	1	100	0	0	0
MOB_CA_ONG_CLON	26729	84.6500015	180.100006	1173.81995	200	100	10	7	10	4	1	0	100	0	0	1	1	100	0	0	0
MOB_CA_ONG_CLON	26729	111.580002	204.089996	641.799988	200	100	10	7	10	4	1	0	100	0	0	1	1	100	0	0	0
MOB_CA_ONG_CLON	26729	126.160004	203.610001	633.51001	200	100	10	7	10	4	1	0	100	0	0	1	1	100	0	0	0
MOB_CA_ONG_CLON	26729	1571.59998	234.149994	8.39999962	200	100	10	7	10	4	1	0	100	0	0	1	1	100	0	0	0
MOB_CA_ONG_CLON	26729	1861.92004	196.470001	235.839996	300	200	10	7	10	6	1	0	100	0	0	1	1	100	0	0	0
MOB_CA_ONG_CLON	26730	273.859985	147.639999	222.149994	300	200	10	7	10	6	1	0	100	0	0	1	1	100	0	0	0
MOB_CA_ONG_CLON	26730	762.390015	119.589996	366.959991	300	200	10	7	10	6	1	0	100	0	0	1	1	100	0	0	0
MOB_CA_ONG_CLON	26730	1203.23999	105.809998	638.890015	300	200	10	7	10	6	1	0	100	0	0	1	1	100	0	0	0
MOB_CA_ONG_CLON	26730	1739.15002	97.7300034	574.280029	300	200	10	7	10	6	1	0	100	0	0	1	1	100	0	0	0
MOB_CA_ONG_CLON	26730	1766.40002	253.479996	11.1999998	200	150	10	7	10	4	1	0	100	0	0	1	1	100	0	0	0
MOB_CA_ONG_CLON	26731	361.540009	115.199997	373.640015	300	200	10	7	10	6	1	0	100	0	0	1	1	100	0	0	0
MOB_CA_ONG_CLON	26731	1070.68005	173.770004	276.829987	300	200	10	7	10	6	1	0	100	0	0	1	1	100	0	0	0
MOB_CA_PERYTON	26729	765.130005	191.619995	1392.14001	400	300	10	4	5	2	1	1	100	0	0	1	1	100	0	0	0
MOB_CA_PERYTON	26729	1180.21997	259.660004	1783.18994	400	300	10	4	5	2	1	1	100	0	0	1	1	100	0	0	0
MOB_CA_PERYTON	26729	1351.72998	271.630005	1254.52002	400	300	10	4	5	2	1	1	100	0	0	1	1	100	0	0	0
MOB_CA_PERYTON	26729	1792.95996	262.089996	1664.73999	400	300	10	4	5	2	1	1	100	0	0	1	1	100	0	0	0
MOB_CA_PERYTON	26729	1855.04004	266.559998	955.48999	400	300	10	4	5	2	1	1	100	0	0	1	1	100	0	0	0
MOB_CA_PERYTON	26730	468.769989	260.420013	1395.94995	400	300	10	4	5	2	1	1	100	0	0	1	1	100	0	0	0
MOB_CA_PERYTON	26730	627.159973	278.209991	930.48999	400	300	10	4	5	2	1	1	100	0	0	1	1	100	0	0	0
MOB_CA_PERYTON	26730	977.5	258.48999	1406.27002	400	300	10	4	5	2	1	1	100	0	0	1	1	100	0	0	0
MOB_CA_PERYTON	26730	1641.31006	149.059998	1848.84998	400	300	10	4	5	2	1	1	100	0	0	1	1	100	0	0	0
MOB_CA_PERYTON	26730	1731.51001	123.949997	1260.06995	400	300	10	4	5	2	1	1	100	0	0	1	1	100	0	0	0
MOB_CA_PERYTON	26731	206.419998	265.290009	1718.48999	400	300	10	4	5	2	1	1	100	0	0	1	1	100	0	0	0
MOB_CA_PERYTON	26731	410.459991	198.279999	1031.30005	400	300	10	4	5	2	1	1	100	0	0	1	1	100	0	0	0
MOB_CA_PERYTON	26731	1089.12	237.619995	816.72998	400	300	10	4	5	2	1	1	100	0	0	1	1	100	0	0	0
MOB_CA_PERYTON	26731	1647.23999	171.059998	703.380005	400	300	10	4	5	2	1	1	100	0	0	1	1	100	0	0	0
MOB_CA_PERYTON	26732	171.759995	202.059998	479.829987	400	300	10	4	5	2	1	1	100	0	0	1	1	100	0	0	0
MOB_CA_PERYTON	26732	203.119995	182.539993	1176.64001	400	300	10	4	5	2	1	1	100	0	0	1	1	100	0	0	0
MOB_CA_PERYTON	26732	723.929993	341.670013	802.01001	400	300	10	4	5	2	1	1	100	0	0	1	1	100	0	0	0
MOB_CA_PERYTON	26732	804.340027	289.279999	1529.67004	400	300	10	4	5	2	1	1	100	0	0	1	1	100	0	0	0
MOB_CA_PERYTON	26984	1706.90002	246.229996	1604.29004	400	300	10	4	5	2	1	1	100	0	0	1	1	100	0	0	0
MOB_CA_PERYTON	26984	1812.83997	252.820007	441.48999	400	300	10	4	5	2	1	1	100	0	0	1	1	100	0	0	0
MOB_CA_PERYTON	26984	1859.43005	328.220001	1077.64001	400	300	10	4	5	2	1	1	100	0	0	1	1	100	0	0	0
MOB_CA_PERYTON	26985	308.959991	271.26001	1477.06995	400	300	10	4	5	6	1	1	100	0	0	1	1	100	0	0	0
MOB_CA_PERYTON	26985	327.140015	260.859985	778.619995	400	300	10	4	5	2	1	1	100	0	0	1	1	100	0	0	0
MOB_CA_PERYTON	26985	510.299988	202.889999	273.390015	400	300	10	4	5	2	1	1	100	0	0	1	1	100	0	0	0
MOB_CA_PERYTON	26985	711.22998	295.380005	1246.44995	400	300	10	4	5	2	1	1	100	0	0	1	1	100	0	0	0
MOB_CA_PERYTON	26985	843.419983	186.039993	664.419983	400	300	10	4	5	2	1	1	100	0	0	1	1	100	0	0	0
MOB_CA_PERYTON	26985	1105.06006	250.679993	1634.73999	400	300	10	4	5	2	1	1	100	0	0	1	1	100	0	0	0
MOB_CA_PERYTON	26985	1250.55005	167.460007	1047.53003	400	300	10	4	5	2	1	1	100	0	0	1	1	100	0	0	0
MOB_CA_PERYTON	26985	1479.08997	213.979996	553.669983	400	300	10	4	5	2	1	1	100	0	0	1	1	100	0	0	0
MOB_CA_PERYTON	26985	1619.33997	201.259995	1529.30005	400	300	10	4	5	2	1	1	100	0	0	1	1	100	0	0	0
MOB_CA_PERYTON	26985	1817.45996	170.429993	1011.5	400	300	10	4	5	2	1	1	100	0	0	1	1	100	0	0	0
MOB_CA_PERYTON	26986	238.899994	229.149994	92.2900009	400	300	10	4	5	2	1	1	100	0	0	1	1	100	0	0	0
MOB_CA_PERYTON	26986	653.659973	147.160004	1181.52002	400	300	10	4	5	2	1	1	100	0	0	1	1	100	0	0	0
MOB_CA_PERYTON	26987	1535.79004	241.759995	621.25	400	300	10	4	5	2	1	1	100	0	0	1	1	100	0	0	0
MOB_CA_PERYTON	26988	282.48999	235.130005	203.210007	400	300	10	4	5	2	1	1	100	0	0	1	1	100	0	0	0
MOB_CA_PERYTON	26988	854.710022	216.320007	652.659973	400	300	10	4	5	2	1	1	100	0	0	1	1	100	0	0	0
MOB_CA_PERYTON	26988	1398.22998	320.399994	29.5100002	400	300	10	4	5	2	1	1	100	0	0	1	1	100	0	0	0
MOB_CA_PERYTON	26988	1515.43005	198.589996	961.570007	400	300	10	4	5	2	1	1	100	0	0	1	1	100	0	0	0
MOB_CA_PERYTON	26988	1889.57996	180	1563.81006	400	300	10	4	5	2	1	1	100	0	0	1	1	100	0	0	0
MOB_CA_PERYTON	27240	1787.14001	407.700012	1304.13	400	300	10	4	5	2	1	1	100	0	0	1	1	100	0	0	0
MOB_CA_PERYTON	27240	1801.10999	367.220001	703.080017	400	300	10	4	5	2	1	1	100	0	0	1	1	100	0	0	0
MOB_CA_PERYTON	27241	85.1699982	292.890015	187.460007	400	300	10	4	5	2	1	1	100	0	0	1	1	100	0	0	0
MOB_CA_PERYTON	27241	331.859985	312.269989	1034.87	400	300	10	4	5	4	1	1	100	0	0	1	1	100	0	0	0
MOB_CA_PERYTON	27241	402.170013	311.769989	1507.96997	400	300	10	4	5	2	1	1	100	0	0	1	1	100	0	0	0
MOB_CA_PERYTON	27241	522.030029	288.190002	26.3299999	400	300	10	4	5	4	1	1	100	0	0	1	1	100	0	0	0
MOB_CA_PERYTON	27241	591.849976	259.130005	652.440002	400	300	10	4	5	4	1	1	100	0	0	1	1	100	0	0	0
MOB_CA_PERYTON	27241	879.309998	309.73999	1203.17004	400	300	10	4	5	2	1	1	100	0	0	1	1	100	0	0	0
MOB_CA_PERYTON	27241	948.390015	296.269989	286.51001	400	300	10	4	5	2	1	1	100	0	0	1	1	100	0	0	0
MOB_CA_PERYTON	27241	949.919983	256.350006	1835.35999	400	300	10	4	5	2	1	1	100	0	0	1	1	100	0	0	0
MOB_CA_PERYTON	27241	1152.34998	305.779999	720.390015	400	300	10	4	5	2	1	1	100	0	0	1	1	100	0	0	0
MOB_CA_PERYTON	27241	1253.95996	317.049988	1474.69995	400	300	10	4	5	2	1	1	100	0	0	1	1	100	0	0	0
MOB_CA_PERYTON	27241	1501.70996	262	280.179993	400	300	10	4	5	2	1	1	100	0	0	1	1	100	0	0	0
MOB_CA_PERYTON	27242	155.289993	199.130005	64.3799973	400	300	10	4	5	2	1	1	100	0	0	1	1	100	0	0	0
MOB_CA_PERYTON	27242	218.399994	134.220001	1885.42004	400	300	10	4	5	2	1	1	100	0	0	1	1	100	0	0	0
MOB_CA_PERYTON	27242	296.019989	203.009995	646.47998	400	300	10	4	5	2	1	1	100	0	0	1	1	100	0	0	0
MOB_CA_PERYTON	27242	360.730011	147.330002	1237.05005	400	300	10	4	5	2	1	1	100	0	0	1	1	100	0	0	0
MOB_CA_PERYTON	27242	828.210022	181.740005	564.659973	400	300	10	4	5	2	1	1	100	0	0	1	1	100	0	0	0
MOB_CA_PERYTON	27242	878.630005	154.25	1122.54004	400	300	10	6	10	4	1	1	100	0	0	1	1	100	0	0	0
MOB_CA_PERYTON	27242	1421.92004	188.259995	800.419983	400	300	10	4	5	2	1	1	100	0	0	1	1	100	0	0	0
MOB_CA_PERYTON	27242	1533.27002	202.649994	227.820007	400	300	10	4	5	6	1	1	100	0	0	1	1	100	0	0	0
MOB_CA_PERYTON	27245	310.809998	180	654.599976	350	250	10	6	10	4	1	1	100	0	0	1	1	100	0	0	0
MOB_CA_PERYTON	27245	1056.40002	224.639999	930.570007	400	300	10	4	5	2	1	1	100	0	0	1	1	100	0	0	0
MOB_CA_PERYTON	27245	1284.19995	180	212.679993	400	300	10	4	5	2	1	1	100	0	0	1	1	100	0	0	0
MOB_CA_PERYTON	27245	1406.34998	181.520004	1573.43005	400	300	10	4	5	2	1	1	100	0	0	1	1	100	0	0	0
MOB_CA_PERYTON	27245	1771.56995	180	983.419983	400	300	10	4	5	2	1	1	100	0	0	1	1	100	0	0	0
MOB_CA_PERYTON	27246	191.610001	180	1647.95996	400	300	10	4	5	2	1	1	100	0	0	1	1	100	0	0	0
MOB_CA_PERYTON	27496	1890.87	232.279999	1522.53003	400	300	10	4	5	2	1	1	100	0	0	1	1	100	0	0	0
MOB_CA_PERYTON	27497	24.6299992	250.679993	479.649994	400	300	10	4	5	2	1	1	100	0	0	1	1	100	0	0	0
MOB_CA_PERYTON	27497	445.450012	266	1237.52002	400	300	10	4	5	4	1	1	100	0	0	1	1	100	0	0	0
MOB_CA_PERYTON	27497	501.380005	251.470001	730.669983	400	300	10	4	5	4	1	1	100	0	0	1	1	100	0	0	0
MOB_CA_PERYTON	27497	531.090027	259.390015	196.850006	400	300	10	4	5	2	1	1	100	0	0	1	1	100	0	0	0
MOB_CA_PERYTON	27497	581.400024	223.880005	1710.79004	400	300	10	4	5	4	1	1	100	0	0	1	1	100	0	0	0
MOB_CA_PERYTON	27497	921.109985	254.860001	1009.34003	400	300	10	4	5	4	1	1	100	0	0	1	1	100	0	0	0
MOB_CA_PERYTON	27497	961.77002	257.829987	440.470001	400	300	10	4	5	4	1	1	100	0	0	1	1	100	0	0	0
MOB_CA_PERYTON	27497	1010.56	244.070007	1507.84998	400	300	10	4	5	4	1	1	100	0	0	1	1	100	0	0	0
MOB_CA_PERYTON	27497	1460.68005	250.419998	690.780029	400	300	10	4	5	4	1	1	100	0	0	1	1	100	0	0	0
MOB_CA_PERYTON	27497	1463.37	251.710007	1220.97998	400	300	10	4	5	2	1	1	100	0	0	1	1	100	0	0	0
MOB_CA_PERYTON	27497	1544.56995	256.149994	131.339996	400	300	10	4	5	2	1	1	100	0	0	1	1	100	0	0	0
MOB_CA_PERYTON	27497	1756.67004	252.699997	1829.31995	400	300	10	4	5	2	1	1	100	0	0	1	1	100	0	0	0
MOB_CA_PERYTON	27497	1886.69995	259.269989	1016.82001	400	300	10	4	5	4	1	1	100	0	0	1	1	100	0	0	0
MOB_CA_PERYTON	27498	6.19999981	246.25	512.140015	400	300	10	4	5	2	1	1	100	0	0	1	1	100	0	0	0
MOB_CA_PERYTON	27498	643.349976	308.040009	873.289978	400	300	10	4	5	2	1	1	100	0	0	1	1	100	0	0	0
MOB_CA_PERYTON	27498	1203.97998	310.660004	869.549988	400	300	10	4	5	2	1	1	100	0	0	1	1	100	0	0	0
MOB_CA_PERYTON	27498	1486.42004	180	1459.92004	400	300	10	4	5	2	1	1	100	0	0	1	1	100	0	0	0
MOB_CA_PERYTON	27501	334.959991	181.279999	1908.08997	400	300	10	4	5	4	1	1	100	0	0	1	1	100	0	0	0
MOB_CA_PERYTON	27501	772.929993	180	1640.47998	400	300	10	4	5	2	1	1	100	0	0	1	1	100	0	0	0
MOB_CA_PERYTON	27501	1273.05005	180	935.679993	400	300	10	4	5	2	1	1	100	0	0	1	1	100	0	0	0
MOB_CA_PERYTON	27501	1313.48999	180	1475.81995	400	300	10	4	5	2	1	1	100	0	0	1	1	100	0	0	0
MOB_CA_PERYTON	27501	1620.62	181.169998	420.910004	400	300	10	4	5	2	1	1	100	0	0	1	1	100	0	0	0
MOB_CA_PERYTON	27501	1847.83997	180	1195.64001	400	300	10	4	5	2	1	1	100	0	0	1	1	100	0	0	0
MOB_CA_PERYTON	27501	1854.47998	203.389999	1786.43994	400	300	10	4	5	2	1	1	100	0	0	1	1	100	0	0	0
MOB_CA_PERYTON	27753	128.979996	186.110001	618.22998	400	300	10	4	5	2	1	1	100	0	0	1	1	100	0	0	0
MOB_CA_PERYTON	27753	132	187.809998	125.290001	400	300	10	4	5	2	1	1	100	0	0	1	1	100	0	0	0
MOB_CA_PERYTON	27753	537.22998	206.279999	319.799988	400	300	10	4	5	4	1	1	100	0	0	1	1	100	0	0	0
MOB_CA_PERYTON	27753	588.669983	207.610001	791.940002	400	300	10	4	5	2	1	1	100	0	0	1	1	100	0	0	0
MOB_CA_PERYTON	27753	962.659973	258.559998	572.52002	400	300	10	4	5	2	1	1	100	0	0	1	1	100	0	0	0
MOB_CA_PERYTON	27753	1062.06006	211.080002	78.0699997	400	300	10	4	5	4	1	1	100	0	0	1	1	100	0	0	0
MOB_CA_PERYTON	27754	307.079987	185.990005	150.860001	400	300	10	4	5	4	1	1	100	0	0	1	1	100	0	0	0
MOB_CA_PERYTON	27754	1463.98999	181.25	186.410004	400	300	10	4	5	2	1	1	100	0	0	1	1	100	0	0	0
MOB_CA_PERYTON	27755	457.279999	181.429993	502.279999	400	300	10	4	5	2	1	1	100	0	0	1	1	100	0	0	0
MOB_CA_PERYTON	27755	1000.37	193.130005	795.409973	400	300	10	4	5	2	1	1	100	0	0	1	1	100	0	0	0
MOB_CA_PERYTON	27755	1168.42004	233.050003	1376.97998	400	300	10	4	5	2	1	1	100	0	0	1	1	100	0	0	0
MOB_CA_PERYTON	27756	82.4800034	192	1507.68994	400	300	10	4	5	2	1	1	100	0	0	1	1	100	0	0	0
MOB_CA_PERYTON	27756	873.97998	180	1798.58997	400	300	10	4	5	2	1	1	100	0	0	1	1	100	0	0	0
MOB_CA_PERYTON	27756	1096.51001	181.630005	1220.78003	400	300	10	4	5	2	1	1	100	0	0	1	1	100	0	0	0
MOB_CA_PERYTON	27756	1398.82996	202.399994	658.51001	400	300	10	4	5	2	1	1	100	0	0	1	1	100	0	0	0
MOB_CA_PERYTON	27756	1509.42004	180	1677.28003	400	300	10	4	5	2	1	1	100	0	0	1	1	100	0	0	0
MOB_CA_PERYTON	27757	1333.60999	207.899994	132.369995	400	300	10	4	5	2	1	1	100	0	0	1	1	100	0	0	0
MOB_CA_PERYTON	27757	1385.48999	192.869995	1413.69995	400	300	10	4	5	2	1	1	100	0	0	1	1	100	0	0	0
MOB_CA_PERYTON	27757	1515.40002	233.479996	808.109985	400	300	10	4	5	2	1	1	100	0	0	1	1	100	0	0	0
MOB_CA_PERYTON	27757	1817.47998	237.559998	383.299988	400	300	10	4	5	2	1	1	100	0	0	1	1	100	0	0	0
MOB_CA_PERYTON	27758	424.26001	205.360001	190.009995	400	300	10	4	5	2	1	1	100	0	0	1	1	100	0	0	0
MOB_CA_PERYTON	27758	1043.96997	180	226.210007	400	300	10	4	5	2	1	1	100	0	0	1	1	100	0	0	0
MOB_CA_PERYTON_CLON	26729	749.359985	186.460007	1369.17004	400	300	10	6	10	4	1	1	100	0	0	1	1	100	0	0	0
MOB_CA_PERYTON_CLON	26729	1155.39001	259.709991	1773.78003	400	300	10	6	10	4	1	1	100	0	0	1	1	100	0	0	0
MOB_CA_PERYTON_CLON	26729	1337.79004	283.609985	1230.21997	400	300	10	6	10	4	1	1	100	0	0	1	1	100	0	0	0
MOB_CA_PERYTON_CLON	26729	1786.12	261.980011	1632.93994	400	300	10	6	10	4	1	1	100	0	0	1	1	100	0	0	0
MOB_CA_PERYTON_CLON	26729	1870.98999	251.059998	931.960022	400	300	10	6	10	4	1	1	100	0	0	1	1	100	0	0	0
MOB_CA_PERYTON_CLON	26730	482.390015	260.399994	1386.56006	400	300	10	6	10	4	1	1	100	0	0	1	1	100	0	0	0
MOB_CA_PERYTON_CLON	26730	657.140015	271.040009	910.52002	400	300	10	6	10	4	1	1	100	0	0	1	1	100	0	0	0
MOB_CA_PERYTON_CLON	26730	983.700012	258.529999	1377.73999	400	300	10	6	10	4	1	1	100	0	0	1	1	100	0	0	0
MOB_CA_PERYTON_CLON	26730	1640.16003	146.399994	1827.16003	400	300	10	6	10	4	1	1	100	0	0	1	1	100	0	0	0
MOB_CA_PERYTON_CLON	26730	1749.20996	118.230003	1238.35999	400	300	10	6	10	4	1	1	100	0	0	1	1	100	0	0	0
MOB_CA_PERYTON_CLON	26731	217.779999	266.579987	1687.52002	400	300	10	6	10	4	1	1	100	0	0	1	1	100	0	0	0
MOB_CA_PERYTON_CLON	26731	403.609985	170.529999	1001.53003	400	300	10	6	10	4	1	1	100	0	0	1	1	100	0	0	0
MOB_CA_PERYTON_CLON	26731	559.77002	280.690002	1917.19995	400	300	10	4	5	4	1	1	100	0	0	1	1	100	0	0	0
MOB_CA_PERYTON_CLON	26731	1073.18005	237.029999	809.119995	400	300	10	6	10	4	1	1	100	0	0	1	1	100	0	0	0
MOB_CA_PERYTON_CLON	26731	1682.54004	173.009995	691.940002	400	300	10	6	10	4	1	1	100	0	0	1	1	100	0	0	0
MOB_CA_PERYTON_CLON	26731	1694.41003	243.710007	1785.94995	400	300	10	6	10	4	1	1	100	0	0	1	1	100	0	0	0
MOB_CA_PERYTON_CLON	26732	185.169998	200.649994	461.529999	400	300	10	6	10	4	1	1	100	0	0	1	1	100	0	0	0
MOB_CA_PERYTON_CLON	26732	221.059998	184.330002	1176.96997	400	300	10	6	10	4	1	1	100	0	0	1	1	100	0	0	0
MOB_CA_PERYTON_CLON	26732	738.380005	337.809998	785.909973	400	300	10	6	10	4	1	1	100	0	0	1	1	100	0	0	0
MOB_CA_PERYTON_CLON	26732	820.599976	288.98999	1509.81006	400	300	10	6	10	4	1	1	100	0	0	1	1	100	0	0	0
MOB_CA_PERYTON_CLON	26984	1692.97998	246.229996	1581.84998	400	300	10	6	10	4	1	1	100	0	0	1	1	100	0	0	0
MOB_CA_PERYTON_CLON	26984	1797.59998	252.75	417.130005	400	300	10	6	10	4	1	1	100	0	0	1	1	100	0	0	0
MOB_CA_PERYTON_CLON	26984	1853.91003	330.480011	1046.41003	400	300	10	6	10	4	1	1	100	0	0	1	1	100	0	0	0
MOB_CA_PERYTON_CLON	26985	283.619995	271.350006	1471.15002	400	300	10	6	10	6	1	1	100	0	0	1	1	100	0	0	0
MOB_CA_PERYTON_CLON	26985	327.410004	259.880005	745.929993	400	300	10	6	10	4	1	1	100	0	0	1	1	100	0	0	0
MOB_CA_PERYTON_CLON	26985	493.51001	202.229996	240.589996	400	300	10	6	10	4	1	1	100	0	0	1	1	100	0	0	0
MOB_CA_PERYTON_CLON	26985	701.26001	299.170013	1226.98999	400	300	10	6	10	4	1	1	100	0	0	1	1	100	0	0	0
MOB_CA_PERYTON_CLON	26985	872.27002	187.339996	659.51001	400	300	10	6	10	4	1	1	100	0	0	1	1	100	0	0	0
MOB_CA_PERYTON_CLON	26985	1074.72998	284.269989	1624.56006	400	300	10	6	10	4	1	1	100	0	0	1	1	100	0	0	0
MOB_CA_PERYTON_CLON	26985	1254.02002	166.539993	1028.72998	400	300	10	6	10	4	1	1	100	0	0	1	1	100	0	0	0
MOB_CA_PERYTON_CLON	26985	1484.43005	221.119995	517.289978	400	300	10	6	10	4	1	1	100	0	0	1	1	100	0	0	0
MOB_CA_PERYTON_CLON	26985	1606.35999	204.630005	1551.93005	400	300	10	6	10	4	1	1	100	0	0	1	1	100	0	0	0
MOB_CA_PERYTON_CLON	26985	1806.07996	171.009995	1006.32001	400	300	10	6	10	4	1	1	100	0	0	1	1	100	0	0	0
MOB_CA_PERYTON_CLON	26986	249.029999	226.490005	70.4700012	400	300	10	6	10	4	1	1	100	0	0	1	1	100	0	0	0
MOB_CA_PERYTON_CLON	26986	479.399994	165.570007	559.669983	400	300	10	6	10	4	1	1	100	0	0	1	1	100	0	0	0
MOB_CA_PERYTON_CLON	26987	236.600006	180	1432.17004	400	300	10	6	10	6	1	1	100	0	0	1	1	100	0	0	0
MOB_CA_PERYTON_CLON	26987	521.27002	255.470001	996.340027	400	300	10	6	10	8	1	1	100	0	0	1	1	100	0	0	0
MOB_CA_PERYTON_CLON	26987	1044	186.009995	1352.13	400	300	10	6	10	8	1	1	100	0	0	1	1	100	0	0	0
MOB_CA_PERYTON_CLON	26987	1171.37	270.23999	58.1599998	400	300	10	4	5	4	1	1	100	0	0	1	1	100	0	0	0
MOB_CA_PERYTON_CLON	26987	1539.69995	242.860001	592.919983	400	300	10	6	10	4	1	1	100	0	0	1	1	100	0	0	0
MOB_CA_PERYTON_CLON	26987	1576.64001	204.619995	1154.04004	400	300	10	6	10	8	1	1	100	0	0	1	1	100	0	0	0
MOB_CA_PERYTON_CLON	26988	266.140015	238.639999	659.309998	400	300	10	6	10	4	1	1	100	0	0	1	1	100	0	0	0
MOB_CA_PERYTON_CLON	26988	268.73999	234.839996	180.809998	400	300	10	6	10	4	1	1	100	0	0	1	1	100	0	0	0
MOB_CA_PERYTON_CLON	26988	284.119995	213.259995	1152.73999	400	300	10	6	10	8	1	1	100	0	0	1	1	100	0	0	0
MOB_CA_PERYTON_CLON	26988	814.299988	341.309998	111.199997	400	300	10	6	10	4	1	1	100	0	0	1	1	100	0	0	0
MOB_CA_PERYTON_CLON	26988	869.27002	218.429993	636.710022	400	300	10	6	10	4	1	1	100	0	0	1	1	100	0	0	0
MOB_CA_PERYTON_CLON	26988	988.52002	177.940002	1443.97998	400	300	10	6	10	8	1	1	100	0	0	1	1	100	0	0	0
MOB_CA_PERYTON_CLON	26988	1379.87	318.630005	7.23999977	400	300	10	6	10	4	1	1	100	0	0	1	1	100	0	0	0
MOB_CA_PERYTON_CLON	26988	1484.76001	202.179993	937.909973	400	300	10	6	10	4	1	1	100	0	0	1	1	100	0	0	0
MOB_CA_PERYTON_CLON	26988	1673.81006	243.509995	462.950012	400	300	10	6	10	4	1	1	100	0	0	1	1	100	0	0	0
MOB_CA_PERYTON_CLON	26989	77.9300003	180	1619.92004	400	300	10	6	10	4	1	1	100	0	0	1	1	100	0	0	0
MOB_CA_PERYTON_CLON	27240	1795.83997	366.019989	688.299988	400	300	10	6	10	4	1	1	100	0	0	1	1	100	0	0	0
MOB_CA_PERYTON_CLON	27240	1806.57996	408.019989	1270.14001	400	300	10	6	10	4	1	1	100	0	0	1	1	100	0	0	0
MOB_CA_PERYTON_CLON	27241	103.830002	290.380005	178.330002	400	300	10	6	10	4	1	1	100	0	0	1	1	100	0	0	0
MOB_CA_PERYTON_CLON	27241	331.829987	307.679993	1004.79999	400	300	10	6	10	6	1	1	100	0	0	1	1	100	0	0	0
MOB_CA_PERYTON_CLON	27241	420.589996	331.540009	1499.02002	400	300	10	6	10	4	1	1	100	0	0	1	1	100	0	0	0
MOB_CA_PERYTON_CLON	27241	540.77002	288.390015	9.06000042	400	300	10	6	10	6	1	1	100	0	0	1	1	100	0	0	0
MOB_CA_PERYTON_CLON	27241	597.460022	259.980011	631.130005	400	300	10	6	10	6	1	1	100	0	0	1	1	100	0	0	0
MOB_CA_PERYTON_CLON	27241	876.429993	312.850006	1169.05005	400	300	10	6	10	4	1	1	100	0	0	1	1	100	0	0	0
MOB_CA_PERYTON_CLON	27241	923.77002	256.5	1835.54004	400	300	10	6	10	4	1	1	100	0	0	1	1	100	0	0	0
MOB_CA_PERYTON_CLON	27241	932.789978	298.209991	275.079987	400	300	10	6	10	4	1	1	100	0	0	1	1	100	0	0	0
MOB_CA_PERYTON_CLON	27241	1124.09998	309.519989	705.570007	400	300	10	6	10	4	1	1	100	0	0	1	1	100	0	0	0
MOB_CA_PERYTON_CLON	27241	1273.38	313.51001	1458.72998	400	300	10	6	10	4	1	1	100	0	0	1	1	100	0	0	0
MOB_CA_PERYTON_CLON	27241	1519.60999	263.769989	283.730011	400	300	10	6	10	4	1	1	100	0	0	1	1	100	0	0	0
MOB_CA_PERYTON_CLON	27241	1661.91003	240.539993	874.48999	400	300	10	6	10	4	1	1	100	0	0	1	1	100	0	0	0
MOB_CA_PERYTON_CLON	27241	1721.26001	164.75	1476.06006	400	300	10	6	10	4	1	1	100	0	0	1	1	100	0	0	0
MOB_CA_PERYTON_CLON	27242	137.300003	202.009995	35.4099998	400	300	10	6	10	4	1	1	100	0	0	1	1	100	0	0	0
MOB_CA_PERYTON_CLON	27242	186.979996	132.970001	1866.62	400	300	10	6	10	4	1	1	100	0	0	1	1	100	0	0	0
MOB_CA_PERYTON_CLON	27242	275.029999	205.130005	658.289978	400	300	10	6	10	4	1	1	100	0	0	1	1	100	0	0	0
MOB_CA_PERYTON_CLON	27242	331.540009	150.979996	1217.73999	400	300	10	6	10	4	1	1	100	0	0	1	1	100	0	0	0
MOB_CA_PERYTON_CLON	27242	765.119995	138.070007	1589.56006	400	300	10	6	10	8	1	1	100	0	0	1	1	100	0	0	0
MOB_CA_PERYTON_CLON	27242	808.900024	182.449997	551.659973	400	300	10	6	10	4	1	1	100	0	0	1	1	100	0	0	0
MOB_CA_PERYTON_CLON	27242	1294.89001	176.139999	1443.14001	400	300	10	6	10	8	1	1	100	0	0	1	1	100	0	0	0
MOB_CA_PERYTON_CLON	27242	1395.98999	189.149994	792.840027	400	300	10	6	10	4	1	1	100	0	0	1	1	100	0	0	0
MOB_CA_PERYTON_CLON	27245	314.160004	180	637.47998	350	250	10	6	10	4	1	1	100	0	0	1	1	100	0	0	0
MOB_CA_PERYTON_CLON	27245	718.780029	180	1415.31006	400	300	10	6	10	8	1	1	100	0	0	1	1	100	0	0	0
MOB_CA_PERYTON_CLON	27245	788.809998	180.820007	450	400	300	10	6	10	4	1	1	100	0	0	1	1	100	0	0	0
MOB_CA_PERYTON_CLON	27245	1026.39001	251.679993	892.640015	400	300	10	6	10	4	1	1	100	0	0	1	1	100	0	0	0
MOB_CA_PERYTON_CLON	27245	1259.79004	180	190.770004	400	300	10	6	10	4	1	1	100	0	0	1	1	100	0	0	0
MOB_CA_PERYTON_CLON	27245	1390.31995	186.929993	1556.17004	400	300	10	6	10	4	1	1	100	0	0	1	1	100	0	0	0
MOB_CA_PERYTON_CLON	27245	1537.54004	197.449997	580.01001	400	300	10	6	10	4	1	1	100	0	0	1	1	100	0	0	0
MOB_CA_PERYTON_CLON	27245	1744.87	180.020004	965.22998	400	300	10	6	10	4	1	1	100	0	0	1	1	100	0	0	0
MOB_CA_PERYTON_CLON	27246	168.869995	180	1631.87	400	300	10	6	10	4	1	1	100	0	0	1	1	100	0	0	0
MOB_CA_PERYTON_CLON	27496	1880.04004	237.080002	1505.01001	400	300	10	6	10	4	1	1	100	0	0	1	1	100	0	0	0
MOB_CA_PERYTON_CLON	27497	26.6100006	250.550003	466.589996	400	300	10	6	10	4	1	1	100	0	0	1	1	100	0	0	0
MOB_CA_PERYTON_CLON	27497	424.160004	275.209991	1234.96997	400	300	10	6	10	8	1	1	100	0	0	1	1	100	0	0	0
MOB_CA_PERYTON_CLON	27497	495.339996	252.339996	723.049988	400	300	10	6	10	8	1	1	100	0	0	1	1	100	0	0	0
MOB_CA_PERYTON_CLON	27497	519.25	258.309998	188.440002	400	300	10	6	10	4	1	1	100	0	0	1	1	100	0	0	0
MOB_CA_PERYTON_CLON	27497	608.75	231.339996	1710.38	400	300	10	6	10	8	1	1	100	0	0	1	1	100	0	0	0
MOB_CA_PERYTON_CLON	27497	930.140015	255.589996	1006.37	400	300	10	6	10	8	1	1	100	0	0	1	1	100	0	0	0
MOB_CA_PERYTON_CLON	27497	937.469971	260.26001	457.230011	400	300	10	6	10	8	1	1	100	0	0	1	1	100	0	0	0
MOB_CA_PERYTON_CLON	27497	1001.13	244.070007	1489.82996	400	300	10	6	10	8	1	1	100	0	0	1	1	100	0	0	0
MOB_CA_PERYTON_CLON	27497	1436.22998	252.889999	1217.52002	400	300	10	6	10	4	1	1	100	0	0	1	1	100	0	0	0
MOB_CA_PERYTON_CLON	27497	1462.97998	247.720001	664.830017	400	300	10	6	10	8	1	1	100	0	0	1	1	100	0	0	0
MOB_CA_PERYTON_CLON	27497	1556.79004	255.600006	109.879997	400	300	10	6	10	4	1	1	100	0	0	1	1	100	0	0	0
MOB_CA_PERYTON_CLON	27497	1750.77002	251.309998	1806.18994	400	300	10	6	10	4	1	1	100	0	0	1	1	100	0	0	0
MOB_CA_PERYTON_CLON	27497	1858.90002	257.269989	1014.89001	400	300	10	6	10	4	1	1	100	0	0	1	1	100	0	0	0
MOB_CA_PERYTON_CLON	27498	18.0900002	246.229996	486.73999	400	300	10	6	10	4	1	1	100	0	0	1	1	100	0	0	0
MOB_CA_PERYTON_CLON	27498	632.559998	308.100006	897.549988	400	300	10	6	10	4	1	1	100	0	0	1	1	100	0	0	0
MOB_CA_PERYTON_CLON	27498	666.130005	168.919998	230.75	400	300	10	6	10	8	1	1	100	0	0	1	1	100	0	0	0
MOB_CA_PERYTON_CLON	27498	1157.85999	175.199997	101.919998	400	300	10	6	10	4	1	1	100	0	0	1	1	100	0	0	0
MOB_CA_PERYTON_CLON	27498	1186.09998	306.609985	813.679993	400	300	10	6	10	4	1	1	100	0	0	1	1	100	0	0	0
MOB_CA_PERYTON_CLON	27498	1526.54004	180	1456.81995	400	300	10	6	10	4	1	1	100	0	0	1	1	100	0	0	0
MOB_CA_PERYTON_CLON	27501	668.719971	180	986.75	400	300	10	6	10	8	1	1	100	0	0	1	1	100	0	0	0
MOB_CA_PERYTON_CLON	27501	761.820007	180	1628.14001	400	300	10	6	10	4	1	1	100	0	0	1	1	100	0	0	0
MOB_CA_PERYTON_CLON	27501	921.840027	180	389.589996	400	300	10	6	10	8	1	1	100	0	0	1	1	100	0	0	0
MOB_CA_PERYTON_CLON	27501	1203.94995	176.259995	35.8499985	400	300	10	6	10	4	1	1	100	0	0	1	1	100	0	0	0
MOB_CA_PERYTON_CLON	27501	1249.53003	180	906.549988	400	300	10	6	10	4	1	1	100	0	0	1	1	100	0	0	0
MOB_CA_PERYTON_CLON	27501	1300.43005	180	1451.07996	400	300	10	6	10	4	1	1	100	0	0	1	1	100	0	0	0
MOB_CA_PERYTON_CLON	27501	1610.35999	182.160004	395.730011	400	300	10	6	10	4	1	1	100	0	0	1	1	100	0	0	0
MOB_CA_PERYTON_CLON	27501	1819.68994	180	1184.28003	400	300	10	6	10	4	1	1	100	0	0	1	1	100	0	0	0
MOB_CA_PERYTON_CLON	27501	1839.76001	200.479996	1763.14001	400	300	10	6	10	4	1	1	100	0	0	1	1	100	0	0	0
MOB_CA_PERYTON_CLON	27753	112.029999	184.979996	604.859985	400	300	10	6	10	4	1	1	100	0	0	1	1	100	0	0	0
MOB_CA_PERYTON_CLON	27753	127.540001	187.520004	97.5400009	400	300	10	6	10	4	1	1	100	0	0	1	1	100	0	0	0
MOB_CA_PERYTON_CLON	27753	558.679993	207.429993	313.519989	400	300	10	6	10	4	1	1	100	0	0	1	1	100	0	0	0
MOB_CA_PERYTON_CLON	27753	565.590027	207.679993	794.799988	400	300	10	6	10	4	1	1	100	0	0	1	1	100	0	0	0
MOB_CA_PERYTON_CLON	27753	949.599976	253.339996	543.650024	400	300	10	6	10	4	1	1	100	0	0	1	1	100	0	0	0
MOB_CA_PERYTON_CLON	27753	1040.31995	211.080002	77.5699997	400	300	10	6	10	6	1	1	100	0	0	1	1	100	0	0	0
MOB_CA_PERYTON_CLON	27753	1457.02002	185.910004	326	400	300	10	6	10	4	1	1	100	0	0	1	1	100	0	0	0
MOB_CA_PERYTON_CLON	27754	298.230011	186.860001	132.179993	400	300	10	6	10	4	1	1	100	0	0	1	1	100	0	0	0
MOB_CA_PERYTON_CLON	27754	1460.48999	181.25	203.270004	400	300	10	6	10	4	1	1	100	0	0	1	1	100	0	0	0
MOB_CA_PERYTON_CLON	27755	475.160004	181.429993	524.630005	400	300	10	6	10	4	1	1	100	0	0	1	1	100	0	0	0
MOB_CA_PERYTON_CLON	27755	991.440002	192	764.289978	400	300	10	6	10	4	1	1	100	0	0	1	1	100	0	0	0
MOB_CA_PERYTON_CLON	27755	1166.18994	233.669998	1391.93994	400	300	10	6	10	4	1	1	100	0	0	1	1	100	0	0	0
MOB_CA_PERYTON_CLON	27755	1575.66003	180	858.539978	400	300	10	6	10	8	1	1	100	0	0	1	1	100	0	0	0
MOB_CA_PERYTON_CLON	27755	1601.13	208.529999	1325.35999	400	300	10	6	10	4	1	1	100	0	0	1	1	100	0	0	0
MOB_CA_PERYTON_CLON	27756	105.029999	185.800003	1494.87	400	300	10	6	10	4	1	1	100	0	0	1	1	100	0	0	0
MOB_CA_PERYTON_CLON	27756	343.589996	180.779999	870.97998	400	300	10	6	10	6	1	1	100	0	0	1	1	100	0	0	0
MOB_CA_PERYTON_CLON	27756	567.659973	180.110001	1316.68994	400	300	10	6	10	4	1	1	100	0	0	1	1	100	0	0	0
MOB_CA_PERYTON_CLON	27756	852.700012	180	1766.52002	400	300	10	6	10	4	1	1	100	0	0	1	1	100	0	0	0
MOB_CA_PERYTON_CLON	27756	887.969971	187.990005	731.570007	400	300	10	6	10	4	1	1	100	0	0	1	1	100	0	0	0
MOB_CA_PERYTON_CLON	27756	1103.25	180.869995	1198.26001	400	300	10	6	10	4	1	1	100	0	0	1	1	100	0	0	0
MOB_CA_PERYTON_CLON	27756	1416.26001	205.839996	632.809998	400	300	10	6	10	4	1	1	100	0	0	1	1	100	0	0	0
MOB_CA_PERYTON_CLON	27756	1518.31006	180	1653.93994	400	300	10	6	10	4	1	1	100	0	0	1	1	100	0	0	0
MOB_CA_PERYTON_CLON	27757	108.18	194.130005	288.079987	400	300	10	6	10	4	1	1	100	0	0	1	1	100	0	0	0
MOB_CA_PERYTON_CLON	27757	1302.46997	206.059998	129.889999	400	300	10	6	10	4	1	1	100	0	0	1	1	100	0	0	0
MOB_CA_PERYTON_CLON	27757	1410.30005	195.130005	1431.70996	400	300	10	6	10	4	1	1	100	0	0	1	1	100	0	0	0
MOB_CA_PERYTON_CLON	27757	1499.66003	231.289993	788.919983	400	300	10	6	10	4	1	1	100	0	0	1	1	100	0	0	0
MOB_CA_PERYTON_CLON	27757	1805.78003	237.690002	354.25	400	300	10	6	10	4	1	1	100	0	0	1	1	100	0	0	0
MOB_CA_PERYTON_CLON	27758	405.730011	200.169998	168.639999	400	300	10	6	10	4	1	1	100	0	0	1	1	100	0	0	0
MOB_CA_PERYTON_CLON	27758	1026.33997	180	229.960007	400	300	10	6	10	4	1	1	100	0	0	1	1	100	0	0	0
MOB_EU_BAROI	26693	1375.06006	-105.550003	826.440002	200	150	10	7	9	4	1	0	100	0	0	1	1	150	0	0	0
MOB_EU_BAROI	26693	1530.04004	-191.399994	152.740005	200	150	10	7	9	4	1	0	100	0	0	1	1	150	0	0	0
MOB_EU_BAROI	26693	1863.43005	-20.6299992	1387.92004	200	150	10	7	9	4	1	0	100	0	0	1	1	150	0	0	0
MOB_EU_BAROI	26694	25.2399998	-140.25	782.400024	200	150	10	7	9	4	1	0	100	0	0	1	1	150	0	0	0
MOB_EU_BAROI	26694	508.049988	-162.070007	527.72998	200	150	10	7	9	4	1	0	100	0	0	1	1	150	0	0	0
MOB_EU_BAROI	26694	529.369995	-153.580002	1107.09998	200	150	10	7	9	4	1	0	100	0	0	1	1	150	0	0	0
MOB_EU_BAROI	26694	839.549988	-120.699997	1572.93994	200	150	10	7	9	4	1	0	100	0	0	1	1	150	0	0	0
MOB_EU_BAROI	26949	1337.91003	0	1447.96997	200	150	10	7	9	4	1	0	100	0	0	1	1	150	0	0	0
MOB_EU_BAROI	26949	1690.70996	0.219999999	40.8699989	200	150	10	7	9	4	1	0	100	0	0	1	1	150	0	0	0
MOB_EU_BAROI	26949	1738.23999	-9.59000015	940.929993	200	150	10	7	9	4	1	0	100	0	0	1	1	150	0	0	0
MOB_EU_BAROI	26950	325.179993	0	240.940002	200	150	10	7	9	4	1	0	100	0	0	1	1	150	0	0	0
MOB_EU_BAROI	26950	486.75	9.07999992	1664.80005	200	150	10	7	9	4	1	0	100	0	0	1	1	150	0	0	0
MOB_EU_BAROI	26950	574.400024	1.48000002	795.159973	200	150	10	7	9	4	1	0	100	0	0	1	1	150	0	0	0
MOB_EU_BAROI	26950	1143.73999	64.9400024	281.76001	200	150	10	7	9	4	1	0	100	0	0	1	1	150	0	0	0
MOB_EU_BAROI	26950	1236.33997	123.769997	1773.66003	200	150	10	7	9	4	1	0	100	0	0	1	1	150	0	0	0
MOB_EU_BAROI	26950	1293.43005	12.9399996	860.400024	200	150	10	7	9	4	1	0	100	0	0	1	1	150	0	0	0
MOB_EU_BAROI	27205	1356.10999	-8.85000038	1887.28003	200	150	10	7	9	4	1	0	100	0	0	1	1	150	0	0	0
MOB_EU_BAROI	27205	1486.19995	15.54	1059.93005	200	150	10	7	9	4	1	0	100	0	0	1	1	150	0	0	0
MOB_EU_BAROI	27205	1757.29004	-8.56000042	122.150002	200	150	10	7	9	4	1	0	100	0	0	1	1	150	0	0	0
MOB_EU_BAROI	27205	1773.19995	-19.6200008	1618.87	200	150	10	7	9	4	1	0	100	0	0	1	1	150	0	0	0
MOB_EU_BAROI	27205	1876.13	-53.9000015	684.799988	200	150	10	7	9	4	1	0	100	0	0	1	1	150	0	0	0
MOB_EU_BAROI	27206	292.160004	-13.5600004	1229.31995	200	150	10	7	9	4	1	0	100	0	0	1	1	150	0	0	0
MOB_EU_BAROI	27206	354.619995	-69.7900009	1801.53003	200	150	10	7	9	4	1	0	100	0	0	1	1	150	0	0	0
MOB_EU_BAROI	27206	382.019989	14.2200003	344.220001	200	150	10	7	9	4	1	0	100	0	0	1	1	150	0	0	0
MOB_EU_BAROI	27206	759.900024	-10.5200005	909.210022	200	150	10	7	9	4	1	0	100	0	0	1	1	150	0	0	0
MOB_EU_BAROI	27206	804.030029	-68.9599991	1356.38	200	150	10	7	9	4	1	0	100	0	0	1	1	150	0	0	0
MOB_EU_BAROI	27206	928.070007	139.910004	376.869995	200	150	10	7	9	4	1	0	100	0	0	1	1	150	0	0	0
MOB_EU_BAROI	27206	971.219971	-135.809998	1872.67004	200	150	10	7	9	4	1	0	100	0	0	1	1	150	0	0	0
MOB_EU_BAROI	27206	1346.71997	102.260002	749.52002	200	150	10	7	9	4	1	0	100	0	0	1	1	150	0	0	0
MOB_EU_BAROI	27206	1465.80005	-112.629997	1532.16003	200	150	10	7	9	4	1	0	100	0	0	1	1	150	0	0	0
MOB_EU_BAROI	27206	1590.27002	103.199997	374.779999	200	150	10	7	9	4	1	0	100	0	0	1	1	150	0	0	0
MOB_EU_BAROI	27206	1786.25	-152.429993	1821.66003	200	150	10	7	9	4	1	0	100	0	0	1	1	150	0	0	0
MOB_EU_BAROI	27206	1836.71997	15.0500002	1024.81006	200	150	10	7	9	4	1	0	100	0	0	1	1	150	0	0	0
MOB_EU_BAROI	27207	216.300003	-110.43	1533.80005	200	150	10	7	9	4	1	0	100	0	0	1	1	150	0	0	0
MOB_EU_BAROI	27207	293.320007	0.899999976	559.75	200	150	10	7	9	4	1	0	100	0	0	1	1	150	0	0	0
MOB_EU_BAROI	27461	1433.89001	-4.90999985	652.150024	200	150	10	7	9	4	1	0	100	0	0	1	1	150	0	0	0
MOB_EU_BAROI	27461	1531.32996	-85.7300034	1752.16003	200	150	10	7	9	4	1	0	100	0	0	1	1	150	0	0	0
MOB_EU_BAROI	27461	1799.88	-82.5899963	251.460007	200	150	10	7	9	4	1	0	100	0	0	1	1	150	0	0	0
MOB_EU_BAROI	27462	476.660004	-139.610001	707.820007	150	100	10	7	10	4	1	0	100	0	0	1	1	150	0	0	0
MOB_EU_BAROI	27462	570.26001	-150.809998	1406.73999	150	100	10	7	10	4	1	0	100	0	0	1	1	150	0	0	0
MOB_EU_BAROI	27462	795.26001	-145.679993	338.670013	100	50	10	7	10	2	1	0	100	0	0	1	1	150	0	0	0
MOB_EU_BAROI	27462	1011.90002	-158.630005	971.640015	150	100	10	7	10	4	1	0	100	0	0	1	1	150	0	0	0
MOB_EU_BAROI	27462	1063.35999	-164.339996	1566.37	150	100	10	7	10	4	1	0	100	0	0	1	1	150	0	0	0
MOB_EU_BAROI	27462	1140.91003	-159.070007	336.950012	100	50	10	7	10	2	1	0	100	0	0	1	1	150	0	0	0
MOB_EU_BAROI	27462	1177.80005	-155.869995	615.780029	150	100	10	7	10	4	1	0	100	0	0	1	1	150	0	0	0
MOB_EU_BAROI	27462	1479.05005	-166.149994	1760.82996	150	100	10	7	10	4	1	0	100	0	0	1	1	150	0	0	0
MOB_EU_BAROI	27462	1537.81006	-172.410004	791.080017	150	100	10	7	10	4	1	0	100	0	0	1	1	150	0	0	0
MOB_EU_BAROI	27462	1563.20996	-161.889999	1308.18005	150	100	10	7	10	4	1	0	100	0	0	1	1	150	0	0	0
MOB_EU_BAROI	27463	408.790009	-172.399994	937.109985	200	150	10	7	9	4	1	0	100	0	0	1	1	150	0	0	0
MOB_EU_BAROI	27463	591.51001	-132.470001	43.9799995	200	150	10	7	9	4	1	0	100	0	0	1	1	150	0	0	0
MOB_EU_BAROI	27463	796.679993	-147.740005	1815.04004	200	150	10	7	9	4	1	0	100	0	0	1	1	150	0	0	0
MOB_EU_BAROI	27717	1711.56995	-162.100006	719.52002	200	150	10	7	9	4	1	0	100	0	0	1	1	150	0	0	0
MOB_EU_BAROI	27718	317.73999	-192.429993	1329.70996	200	150	10	7	9	4	1	0	100	0	0	1	1	150	0	0	0
MOB_EU_BAROI	27718	342.440002	-165.660004	322.149994	150	100	10	7	10	4	1	0	100	0	0	1	1	150	0	0	0
MOB_EU_BAROI	27718	562.950012	-168.380005	979.330017	100	50	10	7	10	2	1	0	100	0	0	1	1	150	0	0	0
MOB_EU_BAROI	27718	661.909973	-167.009995	650.940002	150	100	10	7	10	4	1	0	100	0	0	1	1	150	0	0	0
MOB_EU_BAROI	27718	692.179993	-167.850006	976.630005	100	50	10	7	10	2	1	0	100	0	0	1	1	150	0	0	0
MOB_EU_BAROI	27718	826.299988	-200.710007	1410.18005	200	150	10	7	9	4	1	0	100	0	0	1	1	150	0	0	0
MOB_EU_BAROI	27718	894.77002	-163.089996	179.220001	150	100	10	7	10	4	1	0	100	0	0	1	1	150	0	0	0
MOB_EU_BAROI	27718	959.409973	-168.970001	1000.42999	100	50	10	7	10	2	1	0	100	0	0	1	1	150	0	0	0
MOB_EU_BAROI	27718	1156.46997	-169.899994	620.940002	150	100	10	7	10	4	1	0	100	0	0	1	1	150	0	0	0
MOB_EU_BAROI	27718	1178.22998	-168.929993	995.77002	100	50	10	7	10	2	1	0	100	0	0	1	1	150	0	0	0
MOB_EU_BAROI	27718	1365.29004	-190.710007	1372.55005	200	150	10	7	9	4	1	0	100	0	0	1	1	150	0	0	0
MOB_EU_BAROI	27718	1388.06995	-171.820007	220.919998	150	100	10	7	10	4	1	0	100	0	0	1	1	150	0	0	0
MOB_EU_BAROI	27718	1432.93005	-170.009995	992.309998	100	50	10	7	10	2	1	0	100	0	0	1	1	150	0	0	0
MOB_EU_BAROI	27718	1554.33997	-168.669998	1005.63	100	50	10	7	10	2	1	0	100	0	0	1	1	150	0	0	0
MOB_EU_BAROI	27718	1645.81006	-171.399994	601.289978	150	100	10	7	10	4	1	0	100	0	0	1	1	150	0	0	0
MOB_EU_BAROI	27719	76.1699982	-211.830002	1242.34998	200	150	10	7	9	4	1	0	100	0	0	1	1	150	0	0	0
MOB_EU_BAROI	27719	640.929993	-184.449997	592.460022	200	150	10	7	9	4	1	0	100	0	0	1	1	150	0	0	0
MOB_EU_BAROI_CLON	26694	1331.93005	-156.759995	1088.22998	200	150	10	7	9	4	1	0	100	0	0	1	1	150	0	0	0
MOB_EU_BAROI_CLON	26695	52.2000008	-161.179993	1446.25	200	150	10	7	9	4	1	0	100	0	0	1	1	150	0	0	0
MOB_EU_BAROI_CLON	26696	1687.52002	-179.660004	1829.98999	200	150	10	7	9	4	1	0	100	0	0	1	1	150	0	0	0
MOB_EU_BAROI_CLON	26950	1697.56995	-100.470001	65.3399963	200	150	10	7	9	4	1	0	100	0	0	1	1	150	0	0	0
MOB_EU_BAROI_CLON	26950	1716.31995	0.819999993	1188.69995	200	150	10	7	9	4	1	0	100	0	0	1	1	150	0	0	0
MOB_EU_BAROI_CLON	26951	33.6199989	-5.42000008	715.150024	200	150	10	7	9	4	1	0	100	0	0	1	1	150	0	0	0
MOB_EU_BAROI_CLON	26951	508.320007	-6.75	1257.15002	200	150	10	7	9	4	1	0	100	0	0	1	1	150	0	0	0
MOB_EU_BAROI_CLON	26951	592.030029	-129.330002	436.470001	200	150	10	7	9	4	1	0	100	0	0	1	1	150	0	0	0
MOB_EU_BAROI_CLON	26951	1021.53998	-138.399994	83.9300003	200	150	10	7	9	4	1	0	100	0	0	1	1	150	0	0	0
MOB_EU_BAROI_CLON	26951	1043.95996	-11.75	1875.40002	200	150	10	7	9	4	1	0	100	0	0	1	1	150	0	0	0
MOB_EU_BAROI_CLON	26951	1447.18005	-38.0900002	1326.89001	200	150	10	7	9	4	1	0	100	0	0	1	1	150	0	0	0
MOB_EU_BAROI_CLON	26952	122.690002	-84.2699966	1092.13	200	150	10	7	9	4	1	0	100	0	0	1	1	150	0	0	0
MOB_EU_BAROI_CLON	26952	490.070007	-95.1900024	576.130005	200	150	10	7	9	4	1	0	100	0	0	1	1	150	0	0	0
MOB_EU_BAROI_CLON	26952	1131.94995	-143.669998	374.809998	200	150	10	7	9	4	1	0	100	0	0	1	1	150	0	0	0
MOB_EU_BAROI_CLON	26952	1554.56006	-109.589996	756.440002	200	150	10	7	9	4	1	0	100	0	0	1	1	150	0	0	0
MOB_EU_BAROI_CLON	26952	1744.5	-109.150002	1080.16003	200	150	10	7	9	4	1	0	100	0	0	1	1	150	0	0	0
MOB_EU_BAROI_CLON	26952	1911.73999	-154.389999	433.040009	200	150	10	7	9	4	1	0	100	0	0	1	1	150	0	0	0
MOB_EU_BAROI_CLON	26953	340.76001	-206.770004	119.139999	200	150	10	7	9	4	1	0	100	0	0	1	1	150	0	0	0
MOB_EU_BAROI_CLON	26953	392.799988	-162.330002	957.039978	200	150	10	7	9	4	1	0	100	0	0	1	1	150	0	0	0
MOB_EU_BAROI_CLON	27207	1366.56006	-132.660004	949.859985	200	150	10	7	9	4	1	0	100	0	0	1	1	150	0	0	0
MOB_EU_BAROI_CLON	27207	1427.32996	-176.279999	1692.21997	200	150	10	7	9	4	1	0	100	0	0	1	1	150	0	0	0
MOB_EU_BAROI_CLON	27207	1697.06995	-176.860001	1451.66003	200	150	10	7	9	4	1	0	100	0	0	1	1	150	0	0	0
MOB_EU_BAROI_CLON	27208	110.25	-183.350006	990.109985	200	150	10	7	9	4	1	0	100	0	0	1	1	150	0	0	0
MOB_EU_BAROI_CLON	27208	226.580002	-179.309998	1713.96997	200	150	10	7	9	4	1	0	100	0	0	1	1	150	0	0	0
MOB_EU_BAROI_CLON	27208	700.130005	-196.449997	1078.84998	200	150	10	7	9	4	1	0	100	0	0	1	1	150	0	0	0
MOB_EU_BAROI_CLON	27208	1147.88	-131.240005	155.080002	200	150	10	7	9	4	1	0	100	0	0	1	1	150	0	0	0
MOB_EU_BAROI_CLON	27208	1482.79004	-164.729996	961.51001	200	150	10	7	9	4	1	0	100	0	0	1	1	150	0	0	0
MOB_EU_BAROI_CLON	27208	1671.5	-156.210007	55.2400017	200	150	10	7	9	4	1	0	100	0	0	1	1	150	0	0	0
MOB_EU_BAROI_CLON	27208	1891.02002	-135.589996	607.539978	200	150	10	7	9	4	1	0	100	0	0	1	1	150	0	0	0
MOB_EU_BAROI_CLON	27209	380.410004	-184.490005	1157.57996	200	150	10	7	9	4	1	0	100	0	0	1	1	150	0	0	0
MOB_EU_BAROI_CLON	27209	440.26001	-183.550003	636.780029	200	150	10	7	9	4	1	0	100	0	0	1	1	150	0	0	0
MOB_EU_BAROI_CLON	27209	440.700012	-163.020004	110.800003	200	150	10	7	9	4	1	0	100	0	0	1	1	150	0	0	0
MOB_EU_BAROI_CLON	27463	1309.06995	-185.919998	878.789978	200	150	10	7	9	4	1	0	100	0	0	1	1	150	0	0	0
MOB_EU_BAROI_CLON	27463	1403.22998	-183.720001	334.040009	200	150	10	7	9	4	1	0	100	0	0	1	1	150	0	0	0
MOB_EU_BAROI_CLON	27464	915.22998	-215.869995	1351.79004	200	150	10	7	9	4	1	0	100	0	0	1	1	150	0	0	0
MOB_EU_BAROI_CLON	27464	1499.06006	-194.229996	881.630005	200	150	10	7	9	4	1	0	100	0	0	1	1	150	0	0	0
MOB_EU_BAROI_CLON	27464	1553.20996	-164.259995	1630.26001	200	150	10	7	9	4	1	0	100	0	0	1	1	150	0	0	0
MOB_EU_BAROI_CLON	27465	47.9599991	-179.919998	1166.88	200	150	10	7	9	4	1	0	100	0	0	1	1	150	0	0	0
MOB_EU_BAROI_CLON	27465	370.369995	-161.279999	686.609985	200	150	10	7	9	4	1	0	100	0	0	1	1	150	0	0	0
MOB_EU_BAROI_CLON	27465	532.049988	-142.820007	1778.43994	200	150	10	7	9	4	1	0	100	0	0	1	1	150	0	0	0
MOB_EU_BAROI_CLON	27465	737.390015	-161.809998	1164.13	200	150	10	7	9	4	1	0	100	0	0	1	1	150	0	0	0
MOB_EU_BAROI_CLON	27465	1224.88	-193.220001	1871.70996	200	150	10	7	9	4	1	0	100	0	0	1	1	150	0	0	0
MOB_EU_BAROI_CLON	27719	1604.45996	-147.679993	1582.65002	200	150	10	7	9	4	1	0	100	0	0	1	1	150	0	0	0
MOB_EU_BAROI_CLON	27720	123.629997	-131.320007	1262.32996	200	150	10	7	9	4	1	0	100	0	0	1	1	150	0	0	0
MOB_EU_BAROI_CLON	27720	200.240005	-145.460007	712.780029	200	150	10	7	9	4	1	0	100	0	0	1	1	150	0	0	0
MOB_EU_BAROI_CLON	27720	647.190002	-61.2599983	1681.72998	200	150	10	7	9	4	1	0	100	0	0	1	1	150	0	0	0
MOB_EU_BAROI_CLON	27720	1137.35999	-172.889999	77.3799973	200	150	10	7	9	4	1	0	100	0	0	1	1	150	0	0	0
MOB_EU_BAROI_CLON	27720	1538.65002	-87.9499969	574.820007	200	150	10	7	9	4	1	0	100	0	0	1	1	150	0	0	0
MOB_EU_BAROI_CLON	27721	82.3300018	-1.45000005	1627.40002	200	150	10	7	9	4	1	0	100	0	0	1	1	150	0	0	0
MOB_EU_BAROI_CLON	27721	91.6100006	-97.4300003	204.350006	200	150	10	7	9	4	1	0	100	0	0	1	1	150	0	0	0
MOB_EU_BAROI_CLON	27721	255.770004	-51.9099998	752.380005	200	150	10	7	9	4	1	0	100	0	0	1	1	150	0	0	0
MOB_EU_BAROI_CLON	27721	807.349976	-70.3600006	1587.10999	200	150	10	7	9	4	1	0	100	0	0	1	1	150	0	0	0
MOB_EU_BAROI_CLON	27721	863.48999	-121.110001	400.640015	200	150	10	7	9	4	1	0	100	0	0	1	1	150	0	0	0
MOB_EU_BAROI_CLON	27721	1367.34998	-136.490005	1588.31995	200	150	10	7	9	4	1	0	100	0	0	1	1	150	0	0	0
MOB_EU_BAROI_CLON	27721	1391.93005	-181.979996	481.640015	200	150	10	7	9	4	1	0	100	0	0	1	1	150	0	0	0
MOB_EU_BAROI_CLON	27973	1262.06006	-196.729996	1516.84998	200	150	10	7	9	4	1	0	100	0	0	1	1	150	0	0	0
MOB_EU_BAROI_CLON	27973	1860.05005	-218.570007	1233.03003	200	150	10	7	9	4	1	0	100	0	0	1	1	150	0	0	0
MOB_EU_BAROI_CLON	27974	198.649994	-203.770004	1777.68005	200	150	10	7	9	4	1	0	100	0	0	1	1	150	0	0	0
MOB_EU_BAROI_CLON	27974	736.5	-215.419998	1353.06995	200	150	10	7	9	4	1	0	100	0	0	1	1	150	0	0	0
MOB_EU_BAROI_CLON	27974	1637.68005	-150.479996	1768.12	200	150	10	7	9	4	1	0	100	0	0	1	1	150	0	0	0
MOB_EU_BAROI_CLON	27974	1741.10999	-194.509995	814.440002	200	150	10	7	9	4	1	0	100	0	0	1	1	150	0	0	0
MOB_EU_BAROI_CLON	27975	352.890015	-90.4700012	1900.41003	200	150	10	7	9	4	1	0	100	0	0	1	1	150	0	0	0
MOB_EU_BAROI_CLON	27975	639.409973	-170.600006	440.359985	200	150	10	7	9	4	1	0	100	0	0	1	1	150	0	0	0
MOB_EU_BAROI_CLON	27975	1145.42004	-41.8199997	1826.10999	200	150	10	7	9	4	1	0	100	0	0	1	1	150	0	0	0
MOB_EU_BAROI_CLON	27975	1379.88	-131.899994	539.440002	200	150	10	7	9	4	1	0	100	0	0	1	1	150	0	0	0
MOB_EU_BAROI_CLON	27975	1773.68005	36.6800003	1917.29004	200	150	10	7	9	4	1	0	100	0	0	1	1	150	0	0	0
MOB_EU_BAROI_CLON	27976	2.82999992	-3.06999993	858.809998	200	150	10	7	9	4	1	0	100	0	0	1	1	150	0	0	0
MOB_EU_BAROI_CLON	27976	56.5099983	-114.440002	229.970001	200	150	10	7	9	4	1	0	100	0	0	1	1	150	0	0	0
MOB_EU_BAROI_CLON	27976	1245.82996	13.04	449.809998	200	150	10	7	9	4	1	0	100	0	0	1	1	150	0	0	0
MOB_EU_BAROI_CLON	27976	1529.5	15.5799999	1805.81995	200	150	10	7	9	4	1	0	100	0	0	1	1	150	0	0	0
MOB_EU_BAROI_CLON	27976	1716.40002	-0.330000013	317	200	150	10	7	9	4	1	0	100	0	0	1	1	150	0	0	0
MOB_EU_BAROI_CLON	27977	11.5200005	-1.11000001	927.570007	200	150	10	7	9	4	1	0	100	0	0	1	1	150	0	0	0
MOB_EU_BAROI_CLON	27977	342.359985	-7.98000002	76.2900009	200	150	10	7	9	4	1	0	100	0	0	1	1	150	0	0	0
MOB_EU_BAROI_CLON	27977	361.769989	4.90999985	601.109985	200	150	10	7	9	4	1	0	100	0	0	1	1	150	0	0	0
MOB_EU_BAROI_CLON	27977	874.440002	-108.239998	403.119995	200	150	10	7	9	4	1	0	100	0	0	1	1	150	0	0	0
MOB_EU_BAROI_CLON	27977	1224.98999	-149.240005	236.660004	200	150	10	7	9	4	1	0	100	0	0	1	1	150	0	0	0
MOB_EU_BAROI_CLON	27977	1278.08997	-158.899994	1749.39001	200	150	10	7	9	4	1	0	100	0	0	1	1	150	0	0	0
MOB_EU_BAROI_CLON	28229	1521.68005	-119.730003	62.4000015	200	150	10	7	9	4	1	0	100	0	0	1	1	150	0	0	0
MOB_EU_BAROI_CLON	28230	702.289978	-134.139999	244.960007	200	150	10	7	9	4	1	0	100	0	0	1	1	150	0	0	0
MOB_EU_BAROI_CLON	28230	1260.65002	-97.2699966	295.559998	200	150	10	7	9	4	1	0	100	0	0	1	1	150	0	0	0
MOB_EU_BAROI_CLON	28231	519.799988	10.0900002	495.670013	200	150	10	7	9	4	1	0	100	0	0	1	1	150	0	0	0
MOB_EU_BAROI_CLON	28231	1511.15002	-1.48000002	393.399994	200	150	10	7	9	4	1	0	100	0	0	1	1	150	0	0	0
MOB_EU_BAROI_CLON	28232	453.160004	30.4300003	148.309998	200	150	10	7	9	4	1	0	100	0	0	1	1	150	0	0	0
MOB_EU_BAROI_CLON	28232	1007.72998	57.7099991	79.9599991	200	150	10	7	9	4	1	0	100	0	0	1	1	150	0	0	0
MOB_EU_BAROI_CLON	28232	1573.97998	6.67999983	408.609985	200	150	10	7	9	4	1	0	100	0	0	1	1	150	0	0	0
MOB_EU_BAROI_CLON	28233	146.960007	0	47.9300003	200	150	10	7	9	4	1	0	100	0	0	1	1	150	0	0	0
MOB_EU_BAROI_CLON	28233	754.75	-98.9400024	55.7700005	200	150	10	7	9	4	1	0	100	0	0	1	1	150	0	0	0
MOB_EU_BARPOLLE	27462	492.950012	-139.199997	723.099976	200	150	10	5	7	4	1	1	100	0	0	1	1	150	0	0	0
MOB_EU_BARPOLLE	27462	584.26001	-150.979996	1415.27002	200	150	10	5	7	4	1	1	100	0	0	1	1	150	0	0	0
MOB_EU_BARPOLLE	27462	993.47998	-158.509995	985.299988	200	150	10	5	7	4	1	1	100	0	0	1	1	150	0	0	0
MOB_EU_BARPOLLE	27462	1081.15002	-164.350006	1584.47998	200	150	10	5	7	4	1	1	100	0	0	1	1	150	0	0	0
MOB_EU_BARPOLLE	27462	1156.19995	-155.350006	619.320007	200	150	10	5	7	4	1	1	100	0	0	1	1	150	0	0	0
MOB_EU_BARPOLLE	27462	1463.45996	-165.059998	1766.94995	200	150	10	5	7	4	1	1	100	0	0	1	1	150	0	0	0
MOB_EU_BARPOLLE	27462	1540.68994	-172.660004	812.51001	200	150	10	5	7	4	1	1	100	0	0	1	1	150	0	0	0
MOB_EU_BARPOLLE	27462	1568.38	-162.210007	1328.70996	200	150	10	5	7	4	1	1	100	0	0	1	1	150	0	0	0
MOB_EU_BARPOLLE	27718	369.570007	-165.789993	322.26001	200	150	10	5	7	4	1	1	100	0	0	1	1	150	0	0	0
MOB_EU_BARPOLLE	27718	682.679993	-166.929993	651.659973	200	150	10	5	7	4	1	1	100	0	0	1	1	150	0	0	0
MOB_EU_BARPOLLE	27718	917.02002	-163.389999	187.529999	200	150	10	5	7	4	1	1	100	0	0	1	1	150	0	0	0
MOB_EU_BARPOLLE	27718	1135.82996	-169.789993	606.619995	200	150	10	5	7	4	1	1	100	0	0	1	1	150	0	0	0
MOB_EU_BARPOLLE	27718	1401.55005	-172.080002	240.320007	200	150	10	5	7	4	1	1	100	0	0	1	1	150	0	0	0
MOB_EU_BARPOLLE	27718	1628.72998	-170.990005	580.219971	200	150	10	5	7	4	1	1	100	0	0	1	1	150	0	0	0
MOB_EU_BARPOLLE_CLON	26437	1603.40002	-187.860001	1801.48999	300	250	10	5	7	6	1	0	100	0	0	1	1	150	0	0	0
MOB_EU_BARPOLLE_CLON	26693	1241.66003	-199.410004	409.630005	300	250	10	5	7	6	1	0	100	0	0	1	1	150	0	0	0
MOB_EU_BARPOLLE_CLON	26693	1585.20996	-4.94000006	1479.70996	300	250	10	5	7	6	1	0	100	0	0	1	1	150	0	0	0
MOB_EU_BARPOLLE_CLON	26693	1684.57996	-31.2700005	1036.21997	300	250	10	5	7	6	1	0	100	0	0	1	1	150	0	0	0
MOB_EU_BARPOLLE_CLON	26693	1702.20996	-179.059998	482.339996	300	250	10	5	7	6	1	0	100	0	0	1	1	150	0	0	0
MOB_EU_BARPOLLE_CLON	26694	111	-11.71	1787.94995	300	250	10	5	7	6	1	0	100	0	0	1	1	150	0	0	0
MOB_EU_BARPOLLE_CLON	26694	126.849998	-52.9900017	1137.17004	300	250	10	5	7	6	1	0	100	0	0	1	1	150	0	0	0
MOB_EU_BARPOLLE_CLON	26694	130.919998	-175.589996	251.669998	300	250	10	5	7	6	1	0	100	0	0	1	1	150	0	0	0
MOB_EU_BARPOLLE_CLON	26694	411.940002	-96.6999969	1463.17004	300	250	10	5	7	6	1	0	100	0	0	1	1	150	0	0	0
MOB_EU_BARPOLLE_CLON	26694	622.390015	-40.4099998	1850.42004	300	250	10	5	7	6	1	0	100	0	0	1	1	150	0	0	0
MOB_EU_BARPOLLE_CLON	26694	935.669983	-160.350006	839.27002	300	250	10	5	7	6	1	0	100	0	0	1	1	150	0	0	0
MOB_EU_BARPOLLE_CLON	26694	1045.39001	-156.330002	1333.13	300	250	10	5	7	6	1	0	100	0	0	1	1	150	0	0	0
MOB_EU_BARPOLLE_CLON	26694	1135.85999	-72.2300034	1830.90002	300	250	10	5	7	6	1	0	100	0	0	1	1	150	0	0	0
MOB_EU_BARPOLLE_CLON	26949	1495.20996	-1.41999996	1008.54999	300	250	10	5	7	6	1	0	100	0	0	1	1	150	0	0	0
MOB_EU_BARPOLLE_CLON	26949	1584.30005	2.47000003	353.070007	300	250	10	5	7	6	1	0	100	0	0	1	1	150	0	0	0
MOB_EU_BARPOLLE_CLON	26949	1796.68005	-1.63	1257.53003	300	250	10	5	7	6	1	0	100	0	0	1	1	150	0	0	0
MOB_EU_BARPOLLE_CLON	26950	111.860001	0.230000004	543.940002	300	250	10	5	7	6	1	0	100	0	0	1	1	150	0	0	0
MOB_EU_BARPOLLE_CLON	26950	214.75	11.9200001	1899.68005	300	250	10	5	7	6	1	0	100	0	0	1	1	150	0	0	0
MOB_EU_BARPOLLE_CLON	26950	271.390015	-9.10999966	990.390015	300	250	10	5	7	6	1	0	100	0	0	1	1	150	0	0	0
MOB_EU_BARPOLLE_CLON	26950	744.919983	0	364.23999	300	250	10	5	7	6	1	0	100	0	0	1	1	150	0	0	0
MOB_EU_BARPOLLE_CLON	26950	848.719971	19.5599995	1632.13	300	250	10	5	7	6	1	0	100	0	0	1	1	150	0	0	0
MOB_EU_BARPOLLE_CLON	26950	895.25	12.6599998	950.700012	300	250	10	5	7	6	1	0	100	0	0	1	1	150	0	0	0
MOB_EU_BARPOLLE_CLON	26950	1038.90002	6.21000004	620.969971	300	250	10	5	7	6	1	0	100	0	0	1	1	150	0	0	0
MOB_EU_BARPOLLE_CLON	26950	1585.94995	65.0699997	452.119995	300	250	10	5	7	6	1	0	100	0	0	1	1	150	0	0	0
MOB_EU_BARPOLLE_CLON	26951	417.329987	-0.0700000003	1541.96997	300	250	10	5	7	6	1	0	100	0	0	1	1	150	0	0	0
MOB_EU_BARPOLLE_CLON	27205	1397	8.84000015	688.059998	300	250	10	5	7	6	1	0	100	0	0	1	1	150	0	0	0
MOB_EU_BARPOLLE_CLON	27205	1415.92004	13.3900003	1471.47998	300	250	10	5	7	6	1	0	100	0	0	1	1	150	0	0	0
MOB_EU_BARPOLLE_CLON	27205	1429.31006	44.5400009	325.920013	300	250	10	5	7	6	1	0	100	0	0	1	1	150	0	0	0
MOB_EU_BARPOLLE_CLON	27205	1871.43994	-0.419999987	1112.12	300	250	10	5	7	6	1	0	100	0	0	1	1	150	0	0	0
MOB_EU_BARPOLLE_CLON	27206	67.9800034	-64.1800003	1893.83997	300	250	10	5	7	6	1	0	100	0	0	1	1	150	0	0	0
MOB_EU_BARPOLLE_CLON	27206	321.959991	5.94000006	818.380005	300	250	10	5	7	6	1	0	100	0	0	1	1	150	0	0	0
MOB_EU_BARPOLLE_CLON	27206	513.679993	-49.0400009	1482.26001	300	250	10	5	7	6	1	0	100	0	0	1	1	150	0	0	0
MOB_EU_BARPOLLE_CLON	27206	657.880005	16.1200008	590.51001	300	250	10	5	7	6	1	0	100	0	0	1	1	150	0	0	0
MOB_EU_BARPOLLE_CLON	27206	704.409973	112.239998	28.6499996	300	250	10	5	7	6	1	0	100	0	0	1	1	150	0	0	0
MOB_EU_BARPOLLE_CLON	27206	1154.31006	-110.93	1534.92004	300	250	10	5	7	6	1	0	100	0	0	1	1	150	0	0	0
MOB_EU_BARPOLLE_CLON	27206	1238.48999	42.2900009	1090.01001	300	250	10	5	7	6	1	0	100	0	0	1	1	150	0	0	0
MOB_EU_BARPOLLE_CLON	27206	1269.22998	157.279999	318.850006	300	250	10	5	7	6	1	0	100	0	0	1	1	150	0	0	0
MOB_EU_BARPOLLE_CLON	27206	1458.81995	-156.139999	1880.31995	300	250	10	5	7	6	1	0	100	0	0	1	1	150	0	0	0
MOB_EU_BARPOLLE_CLON	27206	1536.85999	44.4500008	989.51001	300	250	10	5	7	6	1	0	100	0	0	1	1	150	0	0	0
MOB_EU_BARPOLLE_CLON	27206	1612.47998	13.1300001	15.4399996	300	250	10	5	7	6	1	0	100	0	0	1	1	150	0	0	0
MOB_EU_BARPOLLE_CLON	27206	1804.18994	-96.4499969	1426.53003	300	250	10	5	7	6	1	0	100	0	0	1	1	150	0	0	0
MOB_EU_BARPOLLE_CLON	27206	1855.10999	40.6399994	695.599976	300	250	10	5	7	6	1	0	100	0	0	1	1	150	0	0	0
MOB_EU_BARPOLLE_CLON	27207	226.949997	-38.4700012	1074.03003	300	250	10	5	7	6	1	0	100	0	0	1	1	150	0	0	0
MOB_EU_BARPOLLE_CLON	27207	546.039978	-45.8899994	865.150024	300	250	10	5	7	6	1	0	100	0	0	1	1	150	0	0	0
MOB_EU_BARPOLLE_CLON	27207	565.650024	-80.6500015	1359.62	300	250	10	5	7	6	1	0	100	0	0	1	1	150	0	0	0
MOB_EU_BARPOLLE_CLON	27461	1232.09998	-4.98999977	334.589996	300	250	10	5	7	6	1	0	100	0	0	1	1	150	0	0	0
MOB_EU_BARPOLLE_CLON	27461	1527.41003	-78.1200027	1029.93994	300	250	10	5	7	6	1	0	100	0	0	1	1	150	0	0	0
MOB_EU_BARPOLLE_CLON	27461	1725.31006	-149.539993	1435.15002	300	250	10	5	7	6	1	0	100	0	0	1	1	150	0	0	0
MOB_EU_BARPOLLE_CLON	27461	1757.31006	-109.599998	677.330017	300	250	10	5	7	6	1	0	100	0	0	1	1	150	0	0	0
MOB_EU_BARPOLLE_CLON	27463	168.899994	-153.639999	40.2799988	300	250	10	5	7	6	1	0	100	0	0	1	1	150	0	0	0
MOB_EU_BARPOLLE_CLON	27463	437.440002	-134.270004	491.529999	300	250	10	5	7	6	1	0	100	0	0	1	1	150	0	0	0
MOB_EU_BARPOLLE_CLON	27463	473.640015	-175.339996	1615.42004	300	250	10	5	7	6	1	0	100	0	0	1	1	150	0	0	0
MOB_EU_BARPOLLE_CLON	27463	743.359985	-165.399994	1261.88	300	250	10	5	7	6	1	0	100	0	0	1	1	150	0	0	0
MOB_EU_BARPOLLE_CLON	27717	1498.17004	-96.5400009	289.75	300	250	10	5	7	6	1	0	100	0	0	1	1	150	0	0	0
MOB_EU_BARPOLLE_CLON	27717	1814.21997	-155.889999	322.459991	300	250	10	5	7	6	1	0	100	0	0	1	1	150	0	0	0
MOB_EU_BARPOLLE_CLON	27717	1889.43994	-204.820007	1140.67004	300	250	10	5	7	6	1	0	100	0	0	1	1	150	0	0	0
MOB_EU_BARPOLLE_CLON	27718	581.77002	-144.990005	1469.31995	300	250	10	5	7	6	1	0	100	0	0	1	1	150	0	0	0
MOB_EU_BARPOLLE_CLON	27718	1132.48999	-201.830002	1437.87	300	250	10	5	7	6	1	0	100	0	0	1	1	150	0	0	0
MOB_EU_BARPOLLE_CLON	27718	1693.5	-207.929993	1378.85999	300	250	10	5	7	6	1	0	100	0	0	1	1	150	0	0	0
MOB_EU_BARPOLLE_CLON	27719	371.149994	-155.639999	268.160004	300	250	10	5	7	6	1	0	100	0	0	1	1	150	0	0	0
MOB_EU_BARPOLLE_CLON	27719	514.23999	-217.660004	984.76001	300	250	10	5	7	6	1	0	100	0	0	1	1	150	0	0	0
MOB_EU_BARUSWOLF	26694	1473.53003	-165.149994	1574.95996	300	250	10	5	7	6	1	0	100	0	0	1	1	150	0	0	0
MOB_EU_BARUSWOLF	26694	1710.07996	-154.169998	1135.90002	300	250	10	5	7	6	1	0	100	0	0	1	1	150	0	0	0
MOB_EU_BARUSWOLF	26695	174.240005	-142.729996	1039.06995	300	250	10	5	7	6	1	0	100	0	0	1	1	150	0	0	0
MOB_EU_BARUSWOLF	26695	435.630005	-145.380005	1488.67004	300	250	10	5	7	6	1	0	100	0	0	1	1	150	0	0	0
MOB_EU_BARUSWOLF	26951	119.379997	-88.5699997	53.5699997	300	250	10	5	7	6	1	0	100	0	0	1	1	150	0	0	0
MOB_EU_BARUSWOLF	26951	164.169998	-0.129999995	1356.92004	300	250	10	5	7	6	1	0	100	0	0	1	1	150	0	0	0
MOB_EU_BARUSWOLF	26951	174.220001	-5.9000001	344.700012	300	250	10	5	7	6	1	0	100	0	0	1	1	150	0	0	0
MOB_EU_BARUSWOLF	26951	297.5	-21.4500008	926.880005	300	250	10	5	7	6	1	0	100	0	0	1	1	150	0	0	0
MOB_EU_BARUSWOLF	26951	503.429993	-96.4499969	35.7000008	300	250	10	5	7	6	1	0	100	0	0	1	1	150	0	0	0
MOB_EU_BARUSWOLF	26951	786.890015	-76.6800003	839.25	300	250	10	5	7	6	1	0	100	0	0	1	1	150	0	0	0
MOB_EU_BARUSWOLF	26951	1237.81006	-138.389999	418.369995	300	250	10	5	7	6	1	0	100	0	0	1	1	150	0	0	0
MOB_EU_BARUSWOLF	26951	1474.85999	-47.4900017	1767.95996	300	250	10	5	7	6	1	0	100	0	0	1	1	150	0	0	0
MOB_EU_BARUSWOLF	26951	1497.39001	-138.419998	37.7999992	300	250	10	5	7	6	1	0	100	0	0	1	1	150	0	0	0
MOB_EU_BARUSWOLF	26951	1747.33997	-116.459999	885.799988	300	250	10	5	7	6	1	0	100	0	0	1	1	150	0	0	0
MOB_EU_BARUSWOLF	26952	69.0500031	-58.5900002	1342.83997	300	250	10	5	7	6	1	0	100	0	0	1	1	150	0	0	0
MOB_EU_BARUSWOLF	26952	86.3300018	-139.899994	559.72998	300	250	10	5	7	6	1	0	100	0	0	1	1	150	0	0	0
MOB_EU_BARUSWOLF	26952	86.6500015	-138.360001	156.660004	300	250	10	5	7	6	1	0	100	0	0	1	1	150	0	0	0
MOB_EU_BARUSWOLF	27207	1128.05005	-91.1100006	688.869995	300	250	10	5	7	6	1	0	100	0	0	1	1	150	0	0	0
MOB_EU_BARUSWOLF	27207	1408.93005	-153.350006	1266.62	300	250	10	5	7	6	1	0	100	0	0	1	1	150	0	0	0
MOB_EU_BARUSWOLF	27207	1687.93005	-138.669998	803.570007	300	250	10	5	7	6	1	0	100	0	0	1	1	150	0	0	0
MOB_EU_BARUSWOLF	27207	1769.16003	-177.75	1908.31995	300	250	10	5	7	6	1	0	100	0	0	1	1	150	0	0	0
MOB_EU_BARUSWOLF	27208	87.3300018	-159.820007	505.890015	300	250	10	5	7	6	1	0	100	0	0	1	1	150	0	0	0
MOB_EU_BARUSWOLF	27208	295.540009	-193.199997	1280	300	250	10	5	7	6	1	0	100	0	0	1	1	150	0	0	0
MOB_EU_BARUSWOLF	27208	493.160004	-174.020004	652.640015	300	250	10	5	7	6	1	0	100	0	0	1	1	150	0	0	0
MOB_EU_BARUSWOLF	27462	573.340027	-148.899994	1120.38	400	200	10	5	6	6	1	0	100	0	0	1	1	150	0	0	0
MOB_EU_BARUSWOLF	27462	857.72998	-144.740005	794.299988	400	200	10	5	6	6	1	0	100	0	0	1	1	150	0	0	0
MOB_EU_BARUSWOLF	27462	1022.97998	-156.660004	1296.28003	400	200	10	5	6	6	1	0	100	0	0	1	1	150	0	0	0
MOB_EU_BARUSWOLF	27462	1413.92004	-156.149994	1123.33997	400	200	10	5	6	6	1	0	100	0	0	1	1	150	0	0	0
MOB_EU_BARUSWOLF	27464	794.570007	-186.820007	1732.39001	300	250	10	5	7	6	1	0	100	0	0	1	1	150	0	0	0
MOB_EU_BARUSWOLF	27464	1000.79999	-197	835.950012	300	250	10	5	7	6	1	0	100	0	0	1	1	150	0	0	0
MOB_EU_BARUSWOLF	27718	831.169983	-171.160004	433.019989	400	200	10	5	6	6	1	0	100	0	0	1	1	150	0	0	0
MOB_EU_BARUSWOLF	27718	1186.16003	-171.089996	27.2900009	400	200	10	5	6	6	1	0	100	0	0	1	1	150	0	0	0
MOB_EU_BARUSWOLF	27718	1373.21997	-170.529999	542.840027	400	200	10	5	6	6	1	0	100	0	0	1	1	150	0	0	0
MOB_EU_BARUSWOLF	27719	1870.66003	-136	920.22998	300	250	10	5	7	6	1	0	100	0	0	1	1	150	0	0	0
MOB_EU_BARUSWOLF	27720	59.9599991	-147.970001	1707.47998	300	250	10	5	7	6	1	0	100	0	0	1	1	150	0	0	0
MOB_EU_BARUSWOLF	27720	433.440002	-135.729996	1221.09998	300	250	10	5	7	6	1	0	100	0	0	1	1	150	0	0	0
MOB_EU_BARUSWOLF	27720	901.659973	14.7299995	1729.28003	300	250	10	5	7	6	1	0	100	0	0	1	1	150	0	0	0
MOB_EU_BARUSWOLF	27720	1241.78003	-75.0899963	782.330017	300	250	10	5	7	6	1	0	100	0	0	1	1	150	0	0	0
MOB_EU_BARUSWOLF	27973	798.440002	-197.039993	1566.27002	300	250	10	5	7	6	1	0	100	0	0	1	1	150	0	0	0
MOB_EU_BARUSWOLF	27973	1548.54004	-194.729996	1358.26001	300	250	10	5	7	6	1	0	100	0	0	1	1	150	0	0	0
MOB_EU_BARUSWOLF	27973	1771.96997	-183.770004	1654.15002	300	250	10	5	7	6	1	0	100	0	0	1	1	150	0	0	0
MOB_EU_BARUSWOLF	27974	313.049988	-208.300003	1395.23999	300	250	10	5	7	6	1	0	100	0	0	1	1	150	0	0	0
MOB_EU_BARUSWOLF	27974	413.950012	-219.949997	996.969971	300	250	10	5	7	6	1	0	100	0	0	1	1	150	0	0	0
MOB_EU_BARUSWOLF	27974	526.919983	-192.830002	1861.93994	300	250	10	5	7	6	1	0	100	0	0	1	1	150	0	0	0
MOB_EU_BARUSWOLF	27974	933.450012	-180.809998	1885.90002	300	250	10	5	7	6	1	0	100	0	0	1	1	150	0	0	0
MOB_EU_BARUSWOLF	27974	1212.5	-186.240005	1602.04004	300	250	10	5	7	6	1	0	100	0	0	1	1	150	0	0	0
MOB_EU_BARUSWOLF	27974	1391.5	-188.619995	683.789978	300	250	10	5	7	6	1	0	100	0	0	1	1	150	0	0	0
MOB_EU_BARUSWOLF	27975	134.440002	-144.809998	1683.05005	300	250	10	5	7	6	1	0	100	0	0	1	1	150	0	0	0
MOB_EU_BARUSWOLF	27975	299.429993	-166.149994	644.719971	300	250	10	5	7	6	1	0	100	0	0	1	1	150	0	0	0
MOB_EU_BARUSWOLF	27975	697.650024	-136.490005	1495.93994	300	250	10	5	7	6	1	0	100	0	0	1	1	150	0	0	0
MOB_EU_BARUSWOLF	27975	955.890015	-185.160004	567.330017	300	250	10	5	7	6	1	0	100	0	0	1	1	150	0	0	0
MOB_EU_BARUSWOLF	27975	1019.84003	-78.9700012	1562.51001	300	250	10	5	7	6	1	0	100	0	0	1	1	150	0	0	0
MOB_EU_BARUSWOLF	27975	1112.89001	-158.559998	127.169998	300	250	10	5	7	6	1	0	100	0	0	1	1	150	0	0	0
MOB_EU_BARUSWOLF	27975	1561.29004	-132.779999	125.400002	300	250	10	5	7	6	1	0	100	0	0	1	1	150	0	0	0
MOB_EU_BARUSWOLF	27975	1584.94995	-71.2600021	874.900024	300	250	10	5	7	6	1	0	100	0	0	1	1	150	0	0	0
MOB_EU_BARUSWOLF	27976	205.240005	-70.6600037	570.25	300	250	10	5	7	6	1	0	100	0	0	1	1	150	0	0	0
MOB_EU_BARUSWOLF	27976	289.350006	5.82000017	1038.76001	300	250	10	5	7	6	1	0	100	0	0	1	1	150	0	0	0
MOB_EU_BARUSWOLF	27976	488.049988	-53.0900002	213.889999	300	250	10	5	7	6	1	0	100	0	0	1	1	150	0	0	0
MOB_EU_BARUSWOLF	27976	710.460022	48.0299988	1829.71997	300	250	10	5	7	6	1	0	100	0	0	1	1	150	0	0	0
MOB_EU_BARUSWOLF	28229	879.469971	-165.720001	125.029999	300	250	10	5	7	6	1	0	100	0	0	1	1	150	0	0	0
MOB_EU_BARUSWOLF	28229	1906.54004	-87.4300003	194.160004	300	250	10	5	7	6	1	0	100	0	0	1	1	150	0	0	0
MOB_EU_BARUSWOLF	28230	319.98999	-69.4499969	415.320007	300	250	10	5	7	6	1	0	100	0	0	1	1	150	0	0	0
MOB_EU_BARUSWOLF	28230	984.27002	-52.4799995	495.600006	300	250	10	5	7	6	1	0	100	0	0	1	1	150	0	0	0
MOB_EU_BARUSWOLF	28230	1730.69995	-31.3999996	500.73999	300	250	10	5	7	6	1	0	100	0	0	1	1	150	0	0	0
MOB_EU_BARUSWOLF	28230	1746.63	-68.1100006	164.300003	300	250	10	5	7	6	1	0	100	0	0	1	1	150	0	0	0
MOB_EU_BARUSWOLF	28231	139.800003	-37.3199997	250.179993	300	250	10	5	7	6	1	0	100	0	0	1	1	150	0	0	0
MOB_EU_BARUSWOLF	28231	794.25	-70.5899963	37.9300003	300	250	10	5	7	6	1	0	100	0	0	1	1	150	0	0	0
MOB_EU_BARUSWOLF	28231	864.099976	26.1100006	673.969971	300	250	10	5	7	6	1	0	100	0	0	1	1	150	0	0	0
MOB_EU_BARUSWOLF	28231	1115.97998	-5.98999977	383.709991	300	250	10	5	7	6	1	0	100	0	0	1	1	150	0	0	0
MOB_EU_BARUSWOLF	28232	98.9499969	1.95000005	344	300	250	10	5	7	6	1	0	100	0	0	1	1	150	0	0	0
MOB_EU_BARUSWOLF	28232	779.150024	30.8700008	518.030029	300	250	10	5	7	6	1	0	100	0	0	1	1	150	0	0	0
MOB_EU_BARUSWOLF_CLON	26697	114.470001	-207.889999	1755.04004	300	250	10	5	7	6	1	0	100	0	0	1	1	150	0	0	0
MOB_EU_BARUSWOLF_CLON	26697	710.820007	-209.990005	1913.92004	300	250	10	5	7	6	1	0	100	0	0	1	1	150	0	0	0
MOB_EU_BARUSWOLF_CLON	26952	741.909973	-150.639999	72.9199982	300	250	10	5	7	6	1	0	100	0	0	1	1	150	0	0	0
MOB_EU_BARUSWOLF_CLON	26952	774.700012	-26.3199997	1111.34998	300	250	10	5	7	6	1	0	100	0	0	1	1	150	0	0	0
MOB_EU_BARUSWOLF_CLON	26952	1180.84998	-107.150002	807.030029	300	250	10	5	7	6	1	0	100	0	0	1	1	150	0	0	0
MOB_EU_BARUSWOLF_CLON	26952	1229.08997	-158.779999	24.9300003	300	250	10	5	7	6	1	0	100	0	0	1	1	150	0	0	0
MOB_EU_BARUSWOLF_CLON	26952	1556.97998	-163.729996	238.539993	300	250	10	5	7	6	1	0	100	0	0	1	1	150	0	0	0
MOB_EU_BARUSWOLF_CLON	26953	44.7599983	-135.080002	810.599976	300	250	10	5	7	6	1	0	100	0	0	1	1	150	0	0	0
MOB_EU_BARUSWOLF_CLON	26953	405.880005	-205.259995	525.590027	300	250	10	5	7	6	1	0	100	0	0	1	1	150	0	0	0
MOB_EU_BARUSWOLF_CLON	27208	733.809998	-143.660004	225.350006	300	250	10	5	7	6	1	0	100	0	0	1	1	150	0	0	0
MOB_EU_BARUSWOLF_CLON	27208	849.969971	-173.429993	1597.19995	300	250	10	5	7	6	1	0	100	0	0	1	1	150	0	0	0
MOB_EU_BARUSWOLF_CLON	27208	1079.52002	-158.509995	667.669983	300	250	10	5	7	6	1	0	100	0	0	1	1	150	0	0	0
MOB_EU_BARUSWOLF_CLON	27208	1122.07996	-184.320007	1292.80005	300	250	10	5	7	6	1	0	100	0	0	1	1	150	0	0	0
MOB_EU_BARUSWOLF_CLON	27208	1472.63	-171.570007	1403.31995	300	250	10	5	7	6	1	0	100	0	0	1	1	150	0	0	0
MOB_EU_BARUSWOLF_CLON	27208	1579.56995	-136.830002	447.970001	300	250	10	5	7	6	1	0	100	0	0	1	1	150	0	0	0
MOB_EU_BARUSWOLF_CLON	27209	6.94000006	-183.619995	1176.40002	300	250	10	5	7	6	1	0	100	0	0	1	1	150	0	0	0
MOB_EU_BARUSWOLF_CLON	27209	144.5	-173.830002	884.429993	300	250	10	5	7	6	1	0	100	0	0	1	1	150	0	0	0
MOB_EU_BARUSWOLF_CLON	27209	161.179993	-163.309998	313.380005	300	250	10	5	7	6	1	0	100	0	0	1	1	150	0	0	0
MOB_EU_BARUSWOLF_CLON	27464	1343.46997	-194.139999	1182.01001	300	250	10	5	7	6	1	0	100	0	0	1	1	150	0	0	0
MOB_EU_BARUSWOLF_CLON	27464	1870.57996	-174.550003	659.190002	300	250	10	5	7	6	1	0	100	0	0	1	1	150	0	0	0
MOB_EU_BARUSWOLF_CLON	27465	123.540001	-154.080002	1745.29004	300	250	10	5	7	6	1	0	100	0	0	1	1	150	0	0	0
MOB_EU_BARUSWOLF_CLON	27465	371.679993	-167.990005	1369.09998	300	250	10	5	7	6	1	0	100	0	0	1	1	150	0	0	0
MOB_EU_BARUSWOLF_CLON	27465	960.669983	-158.970001	1468.82996	300	250	10	5	7	6	1	0	100	0	0	1	1	150	0	0	0
MOB_EU_BARUSWOLF_CLON	27720	1545.56995	-165.669998	122.279999	300	250	10	5	7	6	1	0	100	0	0	1	1	150	0	0	0
MOB_EU_BARUSWOLF_CLON	27720	1635.45996	-19.2999992	1023.22998	300	250	10	5	7	6	1	0	100	0	0	1	1	150	0	0	0
MOB_EU_BARUSWOLF_CLON	27720	1853.63	-47.7200012	786.049988	300	250	10	5	7	6	1	0	100	0	0	1	1	150	0	0	0
MOB_EU_BARUSWOLF_CLON	27721	425.98999	-41.1100006	365.540009	300	250	10	5	7	6	1	0	100	0	0	1	1	150	0	0	0
MOB_EU_BARUSWOLF_CLON	27721	760.890015	-40.5299988	728.330017	300	250	10	5	7	6	1	0	100	0	0	1	1	150	0	0	0
MOB_EU_BARUSWOLF_CLON	27721	1134.08997	-163.580002	330.619995	300	250	10	5	7	6	1	0	100	0	0	1	1	150	0	0	0
MOB_EU_BARUSWOLF_CLON	27721	1561.67004	-164.910004	1349.38	300	250	10	5	7	6	1	0	100	0	0	1	1	150	0	0	0
MOB_EU_BARUSWOLF_CLON	27976	1124.17004	5.53999996	900.599976	300	250	10	5	7	6	1	0	100	0	0	1	1	150	0	0	0
MOB_EU_BARUSWOLF_CLON	27976	1216.51001	45.3800011	1817.95996	300	250	10	5	7	6	1	0	100	0	0	1	1	150	0	0	0
MOB_EU_BARUSWOLF_CLON	27976	1592.14001	17.7299995	1038.81995	300	250	10	5	7	6	1	0	100	0	0	1	1	150	0	0	0
MOB_EU_BARUSWOLF_CLON	27976	1767.35999	16.1499996	1875.58997	300	250	10	5	7	6	1	0	100	0	0	1	1	150	0	0	0
MOB_EU_BARUSWOLF_CLON	27976	1915.52002	-0.25999999	50.1800003	300	250	10	5	7	6	1	0	100	0	0	1	1	150	0	0	0
MOB_EU_BARUSWOLF_CLON	27977	220.339996	-29.3799992	977.23999	300	250	10	5	7	6	1	0	100	0	0	1	1	150	0	0	0
MOB_EU_BARUSWOLF_CLON	27977	425.170013	-21.8600006	1886.18005	300	250	10	5	7	6	1	0	100	0	0	1	1	150	0	0	0
MOB_EU_BARUSWOLF_CLON	27977	690.859985	-73.5999985	724.570007	300	250	10	5	7	6	1	0	100	0	0	1	1	150	0	0	0
MOB_EU_BARUSWOLF_CLON	27977	842.77002	-98.8000031	1671.47998	300	250	10	5	7	6	1	0	100	0	0	1	1	150	0	0	0
MOB_EU_BARUSWOLF_CLON	27977	958.590027	-106.650002	12.29	300	250	10	5	7	6	1	0	100	0	0	1	1	150	0	0	0
MOB_EU_BARUSWOLF_CLON	27977	1304.17004	-104.209999	689.950012	300	250	10	5	7	6	1	0	100	0	0	1	1	150	0	0	0
MOB_EU_BARUSWOLF_CLON	27977	1591.52002	-183.740005	104.839996	300	250	10	5	7	6	1	0	100	0	0	1	1	150	0	0	0
MOB_EU_BARUSWOLF_CLON	28232	1254.88	43.1100006	312.769989	300	250	10	5	7	6	1	0	100	0	0	1	1	150	0	0	0
MOB_EU_BARUSWOLF_CLON	28232	1851.33997	5.1500001	298.089996	300	250	10	5	7	6	1	0	100	0	0	1	1	150	0	0	0
MOB_EU_BARUSWOLF_CLON	28233	601.460022	-45.5099983	251.009995	300	250	10	5	7	6	1	0	100	0	0	1	1	150	0	0	0
MOB_EU_BARUSWOLF_CLON	28233	1173.14001	-118.860001	92.8499985	300	250	10	5	7	6	1	0	100	0	0	1	1	150	0	0	0
MOB_EU_DOWB	26693	10.0100002	-126.010002	443.76001	300	250	10	4	6	4	1	1	100	0	0	1	1	150	0	0	0
MOB_EU_DOWB	26693	17.4099998	-31.1399994	1705.43994	300	250	10	4	6	4	1	1	100	0	0	1	1	150	0	0	0
MOB_EU_DOWB	26693	36.7299995	-85.9599991	989.169983	300	250	10	4	6	4	1	1	100	0	0	1	1	150	0	0	0
MOB_EU_DOWB	26693	401.26001	-65.4899979	1386.51001	300	250	10	4	6	4	1	1	100	0	0	1	1	150	0	0	0
MOB_EU_DOWB	26693	563.289978	-116.980003	904.900024	300	250	10	4	6	4	1	1	100	0	0	1	1	150	0	0	0
MOB_EU_DOWB	26693	750.299988	-20.1200008	1686.31006	300	250	10	4	6	4	1	1	100	0	0	1	1	150	0	0	0
MOB_EU_DOWB	26949	15.5900002	16.3099995	1497.77002	300	250	10	4	6	4	1	1	100	0	0	1	1	150	0	0	0
MOB_EU_DOWB	26949	20.0400009	-0.0700000003	429.049988	300	250	10	4	6	4	1	1	100	0	0	1	1	150	0	0	0
MOB_EU_DOWB	26949	263.970001	-28.2900009	1025.48999	300	250	10	4	6	4	1	1	100	0	0	1	1	150	0	0	0
MOB_EU_DOWB	26949	348.470001	-0.129999995	127.660004	300	250	10	4	6	4	1	1	100	0	0	1	1	150	0	0	0
MOB_EU_DOWB	26949	524.320007	-2.22000003	611.77002	300	250	10	4	6	4	1	1	100	0	0	1	1	150	0	0	0
MOB_EU_DOWB	26949	563.630005	-14.5600004	1901.97998	300	250	10	4	6	4	1	1	100	0	0	1	1	150	0	0	0
MOB_EU_DOWB	26949	571.320007	-21.9500008	1289.53003	300	250	10	4	6	4	1	1	100	0	0	1	1	150	0	0	0
MOB_EU_DOWB	26949	849.619995	4.67999983	232.320007	300	250	10	4	6	4	1	1	100	0	0	1	1	150	0	0	0
MOB_EU_DOWB	26949	907.919983	4.61000013	876.609985	300	250	10	4	6	4	1	1	100	0	0	1	1	150	0	0	0
MOB_EU_DOWB	27204	1802.90002	6.51999998	1553.81995	300	250	10	4	6	4	1	1	100	0	0	1	1	150	0	0	0
MOB_EU_DOWB	27204	1812.94995	6.51000023	1102.58997	300	250	10	4	6	4	1	1	100	0	0	1	1	150	0	0	0
MOB_EU_DOWB	27205	145.160004	27.8600006	222.240005	300	250	10	4	6	4	1	1	100	0	0	1	1	150	0	0	0
MOB_EU_DOWB	27205	149.889999	23.1800003	674.460022	300	250	10	4	6	4	1	1	100	0	0	1	1	150	0	0	0
MOB_EU_DOWB	27205	372.309998	0	1428.19995	300	250	10	4	6	4	1	1	100	0	0	1	1	150	0	0	0
MOB_EU_DOWB	27205	497.049988	0	1879.84998	300	250	10	4	6	4	1	1	100	0	0	1	1	150	0	0	0
MOB_EU_DOWB	27205	580.849976	18.3199997	342.690002	300	250	10	4	6	4	1	1	100	0	0	1	1	150	0	0	0
MOB_EU_DOWB	27205	694.440002	15.2200003	891.299988	300	250	10	4	6	4	1	1	100	0	0	1	1	150	0	0	0
MOB_EU_DOWB	27460	1662.16003	0	1101.88	300	250	10	4	6	4	1	1	100	0	0	1	1	150	0	0	0
MOB_EU_DOWB	27460	1791.19995	0	708.299988	300	250	10	4	6	4	1	1	100	0	0	1	1	150	0	0	0
MOB_EU_DOWB	27460	1879.38	0	131.910004	300	250	10	4	6	4	1	1	100	0	0	1	1	150	0	0	0
MOB_EU_DOWB	27461	144.339996	0	1516.95996	300	250	10	4	6	4	1	1	100	0	0	1	1	150	0	0	0
MOB_EU_DOWB	27461	271.230011	0	899.710022	300	250	10	4	6	4	1	1	100	0	0	1	1	150	0	0	0
MOB_EU_DOWB	27461	331.450012	0	448.059998	300	250	10	4	6	4	1	1	100	0	0	1	1	150	0	0	0
MOB_EU_DOWB	27461	621.359985	-23.7399998	1873.47998	300	250	10	4	6	4	1	1	100	0	0	1	1	150	0	0	0
MOB_EU_DOWB	27461	737.929993	0	1224.46997	300	250	10	4	6	4	1	1	100	0	0	1	1	150	0	0	0
MOB_EU_DOWB	27716	1780.84998	-10.3000002	1614.66003	300	250	10	4	6	4	1	1	100	0	0	1	1	150	0	0	0
MOB_EU_DOWB	27716	1866.46997	0	224.970001	300	250	10	4	6	4	1	1	100	0	0	1	1	150	0	0	0
MOB_EU_DOWB	27717	50.0800018	4.67000008	865.599976	300	250	10	4	6	4	1	1	100	0	0	1	1	150	0	0	0
MOB_EU_DOWB	27717	127.919998	-30.1299992	1384.56006	300	250	10	4	6	4	1	1	100	0	0	1	1	150	0	0	0
MOB_EU_DOWB	27717	586.359985	-58.9799995	639.51001	300	250	10	4	6	4	1	1	100	0	0	1	1	150	0	0	0
MOB_EU_DOWB	27717	606.380005	-97.9599991	1074.15002	300	250	10	4	6	4	1	1	100	0	0	1	1	150	0	0	0
MOB_EU_DOWB	27972	1705.60999	-154.130005	663.450012	300	250	10	4	6	4	1	1	100	0	0	1	1	150	0	0	0
MOB_EU_DOWB	27973	119.220001	-166.210007	247.630005	300	250	10	4	6	4	1	1	100	0	0	1	1	150	0	0	0
MOB_EU_DOWB_CLON	26692	1866.62	-29.9099998	1724.48999	300	150	10	4	6	6	1	0	100	0	0	1	1	150	0	0	0
MOB_EU_DOWB_CLON	26693	60.1199989	-144.839996	433.26001	300	150	10	4	6	6	1	0	100	0	0	1	1	150	0	0	0
MOB_EU_DOWB_CLON	26693	107.870003	-87.5400009	937.75	300	150	10	4	6	6	1	0	100	0	0	1	1	150	0	0	0
MOB_EU_DOWB_CLON	26693	370.679993	-66.4000015	1393.65002	300	150	10	4	6	6	1	0	100	0	0	1	1	150	0	0	0
MOB_EU_DOWB_CLON	26693	600.320007	-115.860001	921	300	150	10	4	6	6	1	0	100	0	0	1	1	150	0	0	0
MOB_EU_DOWB_CLON	26693	788.219971	-23.4599991	1618.10999	300	150	10	4	6	6	1	0	100	0	0	1	1	150	0	0	0
MOB_EU_DOWB_CLON	26948	1883.45996	-0.319999993	415.75	300	150	10	4	6	6	1	0	100	0	0	1	1	150	0	0	0
MOB_EU_DOWB_CLON	26949	61.5800018	10.3000002	1520.87	300	150	10	4	6	6	1	0	100	0	0	1	1	150	0	0	0
MOB_EU_DOWB_CLON	26949	258.329987	-29.0200005	996.47998	300	150	10	4	6	6	1	0	100	0	0	1	1	150	0	0	0
MOB_EU_DOWB_CLON	26949	377.01001	-0.720000029	98.1500015	300	150	10	4	6	6	1	0	100	0	0	1	1	150	0	0	0
MOB_EU_DOWB_CLON	26949	542.77002	3.04999995	588.01001	300	150	10	4	6	6	1	0	100	0	0	1	1	150	0	0	0
MOB_EU_DOWB_CLON	26949	542.859985	-16.3799992	1863.5	300	150	10	4	6	6	1	0	100	0	0	1	1	150	0	0	0
MOB_EU_DOWB_CLON	26949	580.570007	-20.8500004	1270.29004	300	150	10	4	6	6	1	0	100	0	0	1	1	150	0	0	0
MOB_EU_DOWB_CLON	26949	868.22998	5.73000002	246.179993	300	150	10	4	6	6	1	0	100	0	0	1	1	150	0	0	0
MOB_EU_DOWB_CLON	26949	911.830017	4.07000017	832.570007	300	150	10	4	6	6	1	0	100	0	0	1	1	150	0	0	0
MOB_EU_DOWB_CLON	27204	1819.55005	0.25999999	1070.81995	300	150	10	4	6	6	1	0	100	0	0	1	1	150	0	0	0
MOB_EU_DOWB_CLON	27204	1841.03003	1.53999996	1560.90002	300	150	10	4	6	6	1	0	100	0	0	1	1	150	0	0	0
MOB_EU_DOWB_CLON	27205	123.18	27.6499996	204.070007	300	150	10	4	6	6	1	0	100	0	0	1	1	150	0	0	0
MOB_EU_DOWB_CLON	27205	190.320007	29.9300003	704.299988	300	150	10	4	6	6	1	0	100	0	0	1	1	150	0	0	0
MOB_EU_DOWB_CLON	27205	391.940002	0	1394.89001	300	150	10	4	6	6	1	0	100	0	0	1	1	150	0	0	0
MOB_EU_DOWB_CLON	27205	524.109985	0	1878.80005	300	150	10	4	6	6	1	0	100	0	0	1	1	150	0	0	0
MOB_EU_DOWB_CLON	27205	609.719971	16.7000008	339.660004	300	150	10	4	6	6	1	0	100	0	0	1	1	150	0	0	0
MOB_EU_DOWB_CLON	27205	684.52002	14.4300003	945.75	300	150	10	4	6	6	1	0	100	0	0	1	1	150	0	0	0
MOB_EU_DOWB_CLON	27460	1623.38	0	1186.69995	300	150	10	4	6	6	1	0	100	0	0	1	1	150	0	0	0
MOB_EU_DOWB_CLON	27460	1800.31006	0	681.469971	300	150	10	4	6	6	1	0	100	0	0	1	1	150	0	0	0
MOB_EU_DOWB_CLON	27460	1881.31995	0	108.019997	300	150	10	4	6	6	1	0	100	0	0	1	1	150	0	0	0
MOB_EU_DOWB_CLON	27461	149.190002	2.33999991	1452.91003	300	150	10	4	6	6	1	0	100	0	0	1	1	150	0	0	0
MOB_EU_DOWB_CLON	27461	310.929993	0	886.119995	300	150	10	4	6	6	1	0	100	0	0	1	1	150	0	0	0
MOB_EU_DOWB_CLON	27461	315.190002	0	425.660004	300	150	10	4	6	6	1	0	100	0	0	1	1	150	0	0	0
MOB_EU_DOWB_CLON	27461	591.419983	-16.5799999	1842.72998	300	150	10	4	6	6	1	0	100	0	0	1	1	150	0	0	0
MOB_EU_DOWB_CLON	27461	690.380005	0	1201.62	300	150	10	4	6	6	1	0	100	0	0	1	1	150	0	0	0
MOB_EU_DOWB_CLON	27716	1809.40002	-29.5599995	1753.80005	300	150	10	4	6	6	1	0	100	0	0	1	1	150	0	0	0
MOB_EU_DOWB_CLON	27716	1896.23999	0	168.429993	300	150	10	4	6	6	1	0	100	0	0	1	1	150	0	0	0
MOB_EU_DOWB_CLON	27717	9.07999992	3.98000002	827.099976	300	150	10	4	6	6	1	0	100	0	0	1	1	150	0	0	0
MOB_EU_DOWB_CLON	27717	221.020004	-50.9900017	1502.18005	250	150	10	4	6	6	1	0	100	0	0	1	1	150	0	0	0
MOB_EU_DOWB_CLON	27717	610.200012	-61.1100006	558.109985	300	150	10	4	6	6	1	0	100	0	0	1	1	150	0	0	0
MOB_EU_DOWB_CLON	27717	649.140015	-106.639999	1150.57996	300	150	10	4	6	6	1	0	100	0	0	1	1	150	0	0	0
MOB_EU_DOWB_CLON	27972	1731.32996	-184.839996	817.340027	300	150	10	4	6	6	1	0	100	0	0	1	1	150	0	0	0
MOB_EU_DOWB_CLON	27973	37.6800003	-159.119995	333.549988	300	150	10	4	6	6	1	0	100	0	0	1	1	150	0	0	0
MOB_EU_EDENP	26698	487.299988	-185.639999	1584.44995	500	450	10	4	6	8	1	0	100	0	0	1	1	150	0	0	0
MOB_EU_EDENP	26698	1079.64001	-163.419998	1919.69995	500	450	10	4	6	8	1	0	100	0	0	1	1	150	0	0	0
MOB_EU_EDENP	26698	1613.89001	-112.470001	1599.40002	500	450	10	4	6	8	1	0	100	0	0	1	1	150	0	0	0
MOB_EU_EDENP	26699	203.580002	-140.080002	1911.30005	500	450	10	4	6	8	1	0	100	0	0	1	1	150	0	0	0
MOB_EU_EDENP	26699	830.179993	-137.559998	1670.69995	500	450	10	4	6	8	1	0	100	0	0	1	1	150	0	0	0
MOB_EU_EDENP	26699	1526.35999	-147.350006	1876.48999	500	450	10	4	6	8	1	0	100	0	0	1	1	150	0	0	0
MOB_EU_EDENP	26699	1590.01001	-138.210007	1183.05005	500	450	10	4	6	8	1	0	100	0	0	1	1	150	0	0	0
MOB_EU_EDENP	26700	340.359985	-144.860001	1555.10999	500	450	10	4	6	8	1	0	100	0	0	1	1	150	0	0	0
MOB_EU_EDENP	26700	471.76001	-78.4000015	939.890015	500	450	10	4	6	8	1	0	100	0	0	1	1	150	0	0	0
MOB_EU_EDENP	26700	1046.92004	-33.4799995	1194.78003	500	450	10	4	6	8	1	0	100	0	0	1	1	150	0	0	0
MOB_EU_EDENP	26954	144.639999	-188.740005	769.640015	500	450	10	4	6	8	1	0	100	0	0	1	1	150	0	0	0
MOB_EU_EDENP	26954	301.329987	-171.699997	1797.23999	500	450	10	4	6	8	1	0	100	0	0	1	1	150	0	0	0
MOB_EU_EDENP	26954	602.539978	-212.699997	379.619995	500	450	10	4	6	8	1	0	100	0	0	1	1	150	0	0	0
MOB_EU_EDENP	26954	637.070007	-166.179993	1244.39001	500	450	10	4	6	8	1	0	100	0	0	1	1	150	0	0	0
MOB_EU_EDENP	26954	988.349976	-164.389999	1841.06006	500	450	10	4	6	8	1	0	100	0	0	1	1	150	0	0	0
MOB_EU_EDENP	26954	1104.69995	-173.759995	858.960022	500	450	10	4	6	8	1	0	100	0	0	1	1	150	0	0	0
MOB_EU_EDENP	26954	1595.15002	-160.869995	476.75	500	450	10	4	6	8	1	0	100	0	0	1	1	150	0	0	0
MOB_EU_EDENP	26954	1599.31995	-83.8799973	1852.19995	500	450	10	4	6	8	1	0	100	0	0	1	1	150	0	0	0
MOB_EU_EDENP	26954	1823.02002	-132.75	1208.72998	500	450	10	4	6	8	1	0	100	0	0	1	1	150	0	0	0
MOB_EU_EDENP	26955	305.850006	-135.5	660.580017	500	450	10	4	6	8	1	0	100	0	0	1	1	150	0	0	0
MOB_EU_EDENP	26955	686.690002	-43.1199989	1465.87	500	450	10	4	6	8	1	0	100	0	0	1	1	150	0	0	0
MOB_EU_EDENP	26955	963.76001	-153.050003	440.619995	500	450	10	4	6	8	1	0	100	0	0	1	1	150	0	0	0
MOB_EU_EDENP	26955	1191.37	-113.209999	907.150024	500	450	10	4	6	8	1	0	100	0	0	1	1	150	0	0	0
MOB_EU_EDENP	27209	1905.35999	-179.119995	510.929993	500	450	10	4	6	8	1	0	100	0	0	1	1	150	0	0	0
MOB_EU_EDENP	27210	312.980011	-179.009995	1141	500	450	10	4	6	8	1	0	100	0	0	1	1	150	0	0	0
MOB_EU_EDENP	27210	617.080017	-168.660004	520.890015	500	450	10	4	6	8	1	0	100	0	0	1	1	150	0	0	0
MOB_EU_EDENP	27210	1011.46002	-128.300003	1143.51001	500	450	10	4	6	8	1	0	100	0	0	1	1	150	0	0	0
MOB_EU_EDENP	27210	1408.81006	23.2000008	440.98999	500	450	10	4	6	8	1	0	100	0	0	1	1	150	0	0	0
MOB_EU_EDENP	27210	1480.08997	-171.429993	1850.46997	500	450	10	4	6	8	1	0	100	0	0	1	1	150	0	0	0
MOB_EU_EDENP	27210	1654.78003	27.6599998	988.289978	500	450	10	4	6	8	1	0	100	0	0	1	1	150	0	0	0
MOB_EU_EDENP	27211	266.730011	-54.3800011	1499.73999	500	450	10	4	6	8	1	0	100	0	0	1	1	150	0	0	0
MOB_EU_EDENP	27211	319.440002	21.8999996	63.0600014	500	450	10	4	6	8	1	0	100	0	0	1	1	150	0	0	0
MOB_EU_EDENP	27211	796.190002	12.1300001	849.75	500	450	10	4	6	8	1	0	100	0	0	1	1	150	0	0	0
MOB_EU_EDENP	27465	1750.34998	-165.729996	209.440002	500	450	10	4	6	8	1	0	100	0	0	1	1	150	0	0	0
MOB_EU_EDENP	27466	507.940002	-178.979996	93.4300003	500	450	10	4	6	8	1	0	100	0	0	1	1	150	0	0	0
MOB_EU_EDENP	27466	653.679993	-165.710007	1320.58997	500	450	10	4	6	8	1	0	100	0	0	1	1	150	0	0	0
MOB_EU_EDENP	27466	1129.92004	-179.830002	634.75	500	450	10	4	6	8	1	0	100	0	0	1	1	150	0	0	0
MOB_EU_EDENP	27722	1338.09998	-173.970001	749.890015	500	450	10	4	6	8	1	0	100	0	0	1	1	150	0	0	0
MOB_EU_EDENP	27722	1511.81006	-172.059998	22.1800003	500	450	10	4	6	8	1	0	100	0	0	1	1	150	0	0	0
MOB_EU_EDENP	27722	1656.91003	-166.559998	1703.51001	500	450	10	4	6	8	1	0	100	0	0	1	1	150	0	0	0
MOB_EU_EDENP	27723	306.640015	-111.650002	113.029999	500	450	10	4	6	8	1	0	100	0	0	1	1	150	0	0	0
MOB_EU_EDENP	27723	405.980011	-134.949997	847.22998	500	450	10	4	6	8	1	0	100	0	0	1	1	150	0	0	0
MOB_EU_EDENP	27723	672.080017	-7.17999983	1633.43005	500	450	10	4	6	8	1	0	100	0	0	1	1	150	0	0	0
MOB_EU_EDENP	27723	1019.87	-25.1100006	212.020004	500	450	10	4	6	8	1	0	100	0	0	1	1	150	0	0	0
MOB_EU_EDENP	27723	1140.83997	-74.5400009	984.289978	500	450	10	4	6	8	1	0	100	0	0	1	1	150	0	0	0
MOB_EU_EDENP	27723	1830.29004	26.4300003	954.450012	500	450	10	4	6	8	1	0	100	0	0	1	1	150	0	0	0
MOB_EU_EDENP	27723	1840.53003	0.699999988	1637.10999	500	450	10	4	6	8	1	0	100	0	0	1	1	150	0	0	0
MOB_EU_EDENP	27978	1304.58997	-141.940002	1323.66003	500	450	10	4	6	8	1	0	100	0	0	1	1	150	0	0	0
MOB_EU_EDENP	27978	1665.68994	-81.75	677.909973	500	450	10	4	6	8	1	0	100	0	0	1	1	150	0	0	0
MOB_EU_EDENP	27979	292.089996	-29.7199993	1221.33997	500	450	10	4	6	8	1	0	100	0	0	1	1	150	0	0	0
MOB_EU_EDENP	27979	592.22998	4.36999989	529.690002	500	450	10	4	6	8	1	0	100	0	0	1	1	150	0	0	0
MOB_EU_EDENP	27979	1209.73999	0.340000004	147.440002	500	450	10	4	6	8	1	0	100	0	0	1	1	150	0	0	0
MOB_EU_EDENP	27979	1395.32996	10.9099998	1085.06006	500	450	10	4	6	8	1	0	100	0	0	1	1	150	0	0	0
MOB_EU_EDENP	27979	1878.52002	6.03000021	450.459991	500	450	10	4	6	8	1	0	100	0	0	1	1	150	0	0	0
MOB_EU_EDENP	27980	536.549988	-59.7700005	1444.84998	500	450	10	4	6	8	1	0	100	0	0	1	1	150	0	0	0
MOB_EU_EDENP	27981	274.980011	123.449997	1895.53003	500	450	10	4	6	8	1	0	100	0	0	1	1	150	0	0	0
MOB_EU_EDENP	27981	813.419983	13.7299995	1557.59998	500	450	10	4	6	8	1	0	100	0	0	1	1	150	0	0	0
MOB_EU_EDENP	27981	1485.18994	228.289993	1840.73999	500	450	10	4	6	8	1	0	100	0	0	1	1	150	0	0	0
MOB_EU_EDENP	27982	3.03999996	6.09000015	1254.69995	500	450	10	4	6	8	1	0	100	0	0	1	1	150	0	0	0
MOB_EU_EDENP	27982	177.820007	204.229996	1842.56006	500	450	10	4	6	8	1	0	100	0	0	1	1	150	0	0	0
MOB_EU_EDENP	27982	1399.16003	239.850006	1915.90002	500	450	10	4	6	8	1	0	100	0	0	1	1	150	0	0	0
MOB_EU_EDENP	27983	1225.84998	176.199997	1782.28003	500	450	10	4	6	8	1	0	100	0	0	1	1	150	0	0	0
MOB_EU_EDENP	27983	1886.28003	182.869995	1404.04004	500	450	10	4	6	8	1	0	100	0	0	1	1	150	0	0	0
MOB_EU_EDENP	27984	806.099976	234.789993	1514.05005	500	450	10	4	6	8	1	0	100	0	0	1	1	150	0	0	0
MOB_EU_EDENP	27984	1610.96997	343.769989	1449.85999	500	450	10	4	6	8	1	0	100	0	0	1	1	150	0	0	0
MOB_EU_EDENP	27985	139.240005	643.450012	290.589996	500	450	10	4	6	8	1	0	100	0	0	1	1	150	0	0	0
MOB_EU_EDENP	27985	166.860001	442.179993	1004.95001	500	450	10	4	6	8	1	0	100	0	0	1	1	150	0	0	0
MOB_EU_EDENP	28234	1091.82996	-133.259995	196.990005	500	450	10	4	6	8	1	0	100	0	0	1	1	150	0	0	0
MOB_EU_EDENP	28234	1868.09998	-19.6000004	60.6500015	500	450	10	4	6	8	1	0	100	0	0	1	1	150	0	0	0
MOB_EU_EDENP	28235	829.01001	28.1200008	116.629997	500	450	10	4	6	8	1	0	100	0	0	1	1	150	0	0	0
MOB_EU_EDENP	28235	1873.06006	-1.39999998	84.6600037	500	450	10	4	6	8	1	0	100	0	0	1	1	150	0	0	0
MOB_EU_EDENP	28236	816.789978	11.1400003	47.1500015	500	450	10	4	6	8	1	0	100	0	0	1	1	150	0	0	0
MOB_EU_EDENP	28236	1433.23999	44.5499992	96.6100006	500	450	10	4	6	8	1	0	100	0	0	1	1	150	0	0	0
MOB_EU_EDENP	28237	102.269997	138.089996	647.419983	500	450	10	4	6	8	1	0	100	0	0	1	1	150	0	0	0
MOB_EU_EDENP	28237	719.929993	137.869995	254.220001	500	450	10	4	6	8	1	0	100	0	0	1	1	150	0	0	0
MOB_EU_EDENP	28238	830.909973	247.25	106.330002	500	450	10	4	6	8	1	0	100	0	0	1	1	150	0	0	0
MOB_EU_EDENP	28238	1070.79004	247.880005	550.059998	500	450	10	4	6	8	1	0	100	0	0	1	1	150	0	0	0
MOB_EU_EDENP	28238	1734.77002	352.950012	588.450012	500	450	10	4	6	8	1	0	100	0	0	1	1	150	0	0	0
MOB_EU_EDENP	28239	141.259995	176.729996	63.1399994	500	450	10	4	6	8	1	0	100	0	0	1	1	150	0	0	0
MOB_EU_EDENP	28240	11.2799997	205.839996	165.279999	500	450	10	4	6	8	1	0	100	0	0	1	1	150	0	0	0
MOB_EU_EDENP	28240	1370.20996	251.289993	86.1100006	500	450	10	4	6	8	1	0	100	0	0	1	1	150	0	0	0
MOB_EU_EDENP_CLON	26698	548.349976	-185.710007	1540.39001	500	450	10	4	5	10	1	0	100	0	0	1	1	150	0	0	0
MOB_EU_EDENP_CLON	26698	1155.59998	-149.229996	1912.76001	500	450	10	4	5	10	1	0	100	0	0	1	1	150	0	0	0
MOB_EU_EDENP_CLON	26698	1572.05005	-143.110001	1565.53003	500	450	10	4	5	10	1	0	100	0	0	1	1	150	0	0	0
MOB_EU_EDENP_CLON	26699	258.450012	-138.610001	1892.15002	500	450	10	4	5	10	1	0	100	0	0	1	1	150	0	0	0
MOB_EU_EDENP_CLON	26699	861.960022	-137.559998	1626.29004	500	450	10	4	5	10	1	0	100	0	0	1	1	150	0	0	0
MOB_EU_EDENP_CLON	26699	1500.08997	-146.669998	1841.37	500	450	10	4	5	10	1	0	100	0	0	1	1	150	0	0	0
MOB_EU_EDENP_CLON	26699	1602.31995	-138.570007	1131.12	500	450	10	4	5	10	1	0	100	0	0	1	1	150	0	0	0
MOB_EU_EDENP_CLON	26700	311.73999	-145.779999	1432.96997	500	450	10	4	5	10	1	0	100	0	0	1	1	150	0	0	0
MOB_EU_EDENP_CLON	26700	495.179993	-72.2200012	911.359985	500	450	10	4	5	10	1	0	100	0	0	1	1	150	0	0	0
MOB_EU_EDENP_CLON	26700	1002.81	-44.8499985	1258.70996	500	450	10	4	5	10	1	0	100	0	0	1	1	150	0	0	0
MOB_EU_EDENP_CLON	26953	1887.37	-176.509995	67.1600037	500	450	10	4	5	10	1	0	100	0	0	1	1	150	0	0	0
MOB_EU_EDENP_CLON	26954	182.130005	-188.720001	732.98999	500	450	10	4	5	10	1	0	100	0	0	1	1	150	0	0	0
MOB_EU_EDENP_CLON	26954	298.130005	-170.259995	1760.13	500	450	10	4	5	10	1	0	100	0	0	1	1	150	0	0	0
MOB_EU_EDENP_CLON	26954	626.099976	-176.460007	325.070007	500	450	10	4	5	10	1	0	100	0	0	1	1	150	0	0	0
MOB_EU_EDENP_CLON	26954	632.98999	-165.470001	1203.83997	500	450	10	4	5	10	1	0	100	0	0	1	1	150	0	0	0
MOB_EU_EDENP_CLON	26954	984.900024	-165.919998	1813.02002	500	450	10	4	5	10	1	0	100	0	0	1	1	150	0	0	0
MOB_EU_EDENP_CLON	26954	1076.32996	-177.899994	822.030029	500	450	10	4	5	10	1	0	100	0	0	1	1	150	0	0	0
MOB_EU_EDENP_CLON	26954	1597.89001	-91.2699966	1808.29004	500	450	10	4	5	10	1	0	100	0	0	1	1	150	0	0	0
MOB_EU_EDENP_CLON	26954	1610.35999	-168.720001	450	500	450	10	4	5	10	1	0	100	0	0	1	1	150	0	0	0
MOB_EU_EDENP_CLON	26954	1801.56006	-137.119995	1181.56006	500	450	10	4	5	10	1	0	100	0	0	1	1	150	0	0	0
MOB_EU_EDENP_CLON	26955	342.630005	-152.419998	601.25	500	450	10	4	5	10	1	0	100	0	0	1	1	150	0	0	0
MOB_EU_EDENP_CLON	26955	626.97998	-54.9900017	1378.09998	500	450	10	4	5	10	1	0	100	0	0	1	1	150	0	0	0
MOB_EU_EDENP_CLON	26955	1005.57001	-151.479996	406.920013	500	450	10	4	5	10	1	0	100	0	0	1	1	150	0	0	0
MOB_EU_EDENP_CLON	26955	1168.37	-120.089996	831.77002	500	450	10	4	5	10	1	0	100	0	0	1	1	150	0	0	0
MOB_EU_EDENP_CLON	26955	1716.89001	-153.399994	311.850006	500	450	10	4	5	10	1	0	100	0	0	1	1	150	0	0	0
MOB_EU_EDENP_CLON	27209	1882.29004	-178.839996	506.350006	500	450	10	4	5	10	1	0	100	0	0	1	1	150	0	0	0
MOB_EU_EDENP_CLON	27210	334.790009	-179.130005	1072.08997	500	450	10	4	5	10	1	0	100	0	0	1	1	150	0	0	0
MOB_EU_EDENP_CLON	27210	597.98999	-171.580002	457.75	500	450	10	4	5	10	1	0	100	0	0	1	1	150	0	0	0
MOB_EU_EDENP_CLON	27210	1042.07996	-94.4199982	1098.55005	500	450	10	4	5	10	1	0	100	0	0	1	1	150	0	0	0
MOB_EU_EDENP_CLON	27210	1368.71997	22.3400002	437.940002	500	450	10	4	5	10	1	0	100	0	0	1	1	150	0	0	0
MOB_EU_EDENP_CLON	27210	1524.77002	-171.330002	1812.06006	500	450	10	4	5	10	1	0	100	0	0	1	1	150	0	0	0
MOB_EU_EDENP_CLON	27210	1590.06006	27.8299999	977.950012	500	450	10	4	5	10	1	0	100	0	0	1	1	150	0	0	0
MOB_EU_EDENP_CLON	27211	284.579987	-40.7900009	1477.42004	500	450	10	4	5	10	1	0	100	0	0	1	1	150	0	0	0
MOB_EU_EDENP_CLON	27211	345.98999	21.2800007	45.3499985	500	450	10	4	5	10	1	0	100	0	0	1	1	150	0	0	0
MOB_EU_EDENP_CLON	27211	783.590027	12.4300003	814.26001	500	450	10	4	5	10	1	0	100	0	0	1	1	150	0	0	0
MOB_EU_EDENP_CLON	27465	1737.82996	-162.410004	348.070007	500	450	10	4	5	10	1	0	100	0	0	1	1	150	0	0	0
MOB_EU_EDENP_CLON	27466	473.170013	-179.839996	54.5999985	500	450	10	4	5	10	1	0	100	0	0	1	1	150	0	0	0
MOB_EU_EDENP_CLON	27466	704.900024	-168.529999	1270.63	500	450	10	4	5	10	1	0	100	0	0	1	1	150	0	0	0
MOB_EU_EDENP_CLON	27466	1068.81006	-179.929993	575.950012	500	450	10	4	5	10	1	0	100	0	0	1	1	150	0	0	0
MOB_EU_EDENP_CLON	27467	15.0699997	-149.169998	1245.68994	500	450	10	4	5	10	1	0	100	0	0	1	1	150	0	0	0
MOB_EU_EDENP_CLON	27467	563.159973	-79.5899963	732.359985	500	450	10	4	5	10	1	0	100	0	0	1	1	150	0	0	0
MOB_EU_EDENP_CLON	27467	811.289978	-32.1100006	1408.45996	500	450	10	4	5	10	1	0	100	0	0	1	1	150	0	0	0
MOB_EU_EDENP_CLON	27467	1109.06006	-20.8999996	350.390015	500	450	10	4	5	10	1	0	100	0	0	1	1	150	0	0	0
MOB_EU_EDENP_CLON	27722	772.5	-183.289993	1469.97998	500	450	10	4	5	10	1	0	100	0	0	1	1	150	0	0	0
MOB_EU_EDENP_CLON	27722	1312.84998	-174.449997	717	500	450	10	4	5	10	1	0	100	0	0	1	1	150	0	0	0
MOB_EU_EDENP_CLON	27722	1548.97998	-171.059998	34.6599998	500	450	10	4	5	10	1	0	100	0	0	1	1	150	0	0	0
MOB_EU_EDENP_CLON	27722	1685.06006	-166.360001	1669.19995	500	450	10	4	5	10	1	0	100	0	0	1	1	150	0	0	0
MOB_EU_EDENP_CLON	27723	270.450012	-116.910004	85.8000031	500	450	10	4	5	10	1	0	100	0	0	1	1	150	0	0	0
MOB_EU_EDENP_CLON	27723	377.859985	-139.889999	887.200012	500	450	10	4	5	10	1	0	100	0	0	1	1	150	0	0	0
MOB_EU_EDENP_CLON	27723	693.059998	3.13000011	1584.57996	500	450	10	4	5	10	1	0	100	0	0	1	1	150	0	0	0
MOB_EU_EDENP_CLON	27723	1013.22998	-25.2700005	245.630005	500	450	10	4	5	10	1	0	100	0	0	1	1	150	0	0	0
MOB_EU_EDENP_CLON	27723	1182.47998	-73.6399994	1064.47998	500	450	10	4	5	10	1	0	100	0	0	1	1	150	0	0	0
MOB_EU_EDENP_CLON	27723	1807.73999	0.769999981	1614.32996	500	450	10	4	5	10	1	0	100	0	0	1	1	150	0	0	0
MOB_EU_EDENP_CLON	27723	1814.25	26.2700005	898.98999	500	450	10	4	5	10	1	0	100	0	0	1	1	150	0	0	0
MOB_EU_EDENP_CLON	27978	912.599976	-159.529999	430.440002	500	450	10	4	5	10	1	0	100	0	0	1	1	150	0	0	0
MOB_EU_EDENP_CLON	27978	1378.69995	-137.130005	1317.92004	500	450	10	4	5	10	1	0	100	0	0	1	1	150	0	0	0
MOB_EU_EDENP_CLON	27978	1680.90002	-79.9499969	641.150024	500	450	10	4	5	10	1	0	100	0	0	1	1	150	0	0	0
MOB_EU_EDENP_CLON	27979	332.940002	-23.2000008	1239.20996	500	450	10	4	5	10	1	0	100	0	0	1	1	150	0	0	0
MOB_EU_EDENP_CLON	27979	611.01001	2	461.570007	500	450	10	4	5	10	1	0	100	0	0	1	1	150	0	0	0
MOB_EU_EDENP_CLON	27979	1217.60999	0.50999999	120.629997	500	450	10	4	5	10	1	0	100	0	0	1	1	150	0	0	0
MOB_EU_EDENP_CLON	27979	1418.72998	10.8599997	1056.60999	500	450	10	4	5	10	1	0	100	0	0	1	1	150	0	0	0
MOB_EU_EDENP_CLON	27979	1896.81995	5.8499999	438.329987	500	450	10	4	5	10	1	0	100	0	0	1	1	150	0	0	0
MOB_EU_EDENP_CLON	27980	483.799988	-67.3499985	1437.51001	500	450	10	4	5	10	1	0	100	0	0	1	1	150	0	0	0
MOB_EU_EDENP_CLON	27981	138.149994	101.029999	1895.72998	500	450	10	4	5	10	1	0	100	0	0	1	1	150	0	0	0
MOB_EU_EDENP_CLON	27981	743.200012	15.0500002	1595.92004	500	450	10	4	5	10	1	0	100	0	0	1	1	150	0	0	0
MOB_EU_EDENP_CLON	27981	1462.58997	195.020004	1808.68994	500	450	10	4	5	10	1	0	100	0	0	1	1	150	0	0	0
MOB_EU_EDENP_CLON	27982	96.3499985	29.6499996	1230.71997	500	450	10	4	5	10	1	0	100	0	0	1	1	150	0	0	0
MOB_EU_EDENP_CLON	27982	188.339996	205.330002	1779.67004	500	450	10	4	5	10	1	0	100	0	0	1	1	150	0	0	0
MOB_EU_EDENP_CLON	27982	935.789978	150.720001	1277.55005	500	450	10	4	5	10	1	0	100	0	0	1	1	150	0	0	0
MOB_EU_EDENP_CLON	27982	1421.43005	231.830002	1889.41003	500	450	10	4	5	10	1	0	100	0	0	1	1	150	0	0	0
MOB_EU_EDENP_CLON	27983	1261.10999	171.550003	1730.56006	500	450	10	4	5	10	1	0	100	0	0	1	1	150	0	0	0
MOB_EU_EDENP_CLON	27983	1819.13	175.529999	1437.80005	500	450	10	4	5	10	1	0	100	0	0	1	1	150	0	0	0
MOB_EU_EDENP_CLON	27984	811.01001	233.410004	1542.06006	500	450	10	4	5	10	1	0	100	0	0	1	1	150	0	0	0
MOB_EU_EDENP_CLON	27984	1386.85999	416.459991	668.059998	500	450	10	4	5	10	1	0	100	0	0	1	1	150	0	0	0
MOB_EU_EDENP_CLON	27984	1577.08997	322.970001	1489.40002	500	450	10	4	5	10	1	0	100	0	0	1	1	150	0	0	0
MOB_EU_EDENP_CLON	27985	200.139999	642.530029	272.920013	500	450	10	4	5	10	1	0	100	0	0	1	1	150	0	0	0
MOB_EU_EDENP_CLON	27985	209.830002	443.940002	1024.79004	500	450	10	4	5	10	1	0	100	0	0	1	1	150	0	0	0
MOB_EU_EDENP_CLON	28234	1198.07996	-138.779999	182.229996	500	450	10	4	5	10	1	0	100	0	0	1	1	150	0	0	0
MOB_EU_EDENP_CLON	28234	1904.21997	-19.6900005	44.3699989	500	450	10	4	5	10	1	0	100	0	0	1	1	150	0	0	0
MOB_EU_EDENP_CLON	28235	770.840027	26.5799999	123.410004	500	450	10	4	5	10	1	0	100	0	0	1	1	150	0	0	0
MOB_EU_EDENP_CLON	28236	57.75	-2.79999995	79.6200027	500	450	10	4	5	10	1	0	100	0	0	1	1	150	0	0	0
MOB_EU_EDENP_CLON	28236	717.780029	8.26000023	85.6999969	500	450	10	4	5	10	1	0	100	0	0	1	1	150	0	0	0
MOB_EU_EDENP_CLON	28236	1200.97998	137.929993	684.97998	500	450	10	4	5	10	1	0	100	0	0	1	1	150	0	0	0
MOB_EU_EDENP_CLON	28236	1534.37	80.1399994	177.119995	500	450	10	4	5	10	1	0	100	0	0	1	1	150	0	0	0
MOB_EU_EDENP_CLON	28237	97.2399979	138.100006	574.219971	500	450	10	4	5	10	1	0	100	0	0	1	1	150	0	0	0
MOB_EU_EDENP_CLON	28237	760.609985	162.130005	344.140015	500	450	10	4	5	10	1	0	100	0	0	1	1	150	0	0	0
MOB_EU_EDENP_CLON	28237	1576.53003	268.660004	552.02002	500	450	10	4	5	10	1	0	100	0	0	1	1	150	0	0	0
MOB_EU_EDENP_CLON	28238	277.429993	299.730011	582.809998	500	450	10	4	5	10	1	0	100	0	0	1	1	150	0	0	0
MOB_EU_EDENP_CLON	28238	804.280029	247.240005	103.870003	500	450	10	4	5	10	1	0	100	0	0	1	1	150	0	0	0
MOB_EU_EDENP_CLON	28238	1037.08997	248.860001	672.679993	500	450	10	4	5	10	1	0	100	0	0	1	1	150	0	0	0
MOB_EU_EDENP_CLON	28238	1751.98999	352.959991	636.210022	500	450	10	4	5	10	1	0	100	0	0	1	1	150	0	0	0
MOB_EU_EDENP_CLON	28239	96.8899994	175.759995	45.8300018	500	450	10	4	5	10	1	0	100	0	0	1	1	150	0	0	0
MOB_EU_EDENP_CLON	28239	711.830017	177.350006	307.48999	500	450	10	4	5	10	1	0	100	0	0	1	1	150	0	0	0
MOB_EU_EDENP_CLON	28239	1881.21997	208.360001	198.899994	500	450	10	4	5	10	1	0	100	0	0	1	1	150	0	0	0
MOB_EU_EDENP_CLON	28240	1354.38	251.479996	132.550003	500	450	10	4	5	10	1	0	100	0	0	1	1	150	0	0	0
MOB_EU_KYKLOPES	26182	1746.17004	-8.68000031	1461.31006	250	200	10	4	6	16	1	1	100	0	0	1	1	150	0	0	0
MOB_EU_KYKLOPES	26182	1817.06995	-2.50999999	1108.92004	200	100	10	4	6	4	1	1	100	0	0	1	1	150	0	0	0
MOB_EU_KYKLOPES	26183	46.1399994	1.27999997	1875.18005	200	100	10	4	6	4	1	1	100	0	0	1	1	150	0	0	0
MOB_EU_KYKLOPES	26183	124.669998	-8.76000023	513.880005	200	150	10	4	6	4	1	1	100	0	0	1	1	150	0	0	0
MOB_EU_KYKLOPES	26183	199.669998	-8.28999996	946.320007	200	150	10	4	6	4	1	1	100	0	0	1	1	150	0	0	0
MOB_EU_KYKLOPES	26183	220.850006	-5.15999985	1439.35999	200	150	10	4	6	4	1	1	100	0	0	1	1	150	0	0	0
MOB_EU_KYKLOPES	26183	482.220001	-11.1099997	767.840027	200	150	10	4	6	4	1	1	100	0	0	1	1	150	0	0	0
MOB_EU_KYKLOPES	26183	533.97998	0	1647.26001	200	150	10	4	6	4	1	1	100	0	0	1	1	150	0	0	0
MOB_EU_KYKLOPES	26183	556.119995	-2.82999992	1234.39001	250	200	10	4	6	6	1	1	100	0	0	1	1	150	0	0	0
MOB_EU_KYKLOPES	26183	577.72998	-3.0999999	1238.70996	250	200	10	7	9	4	1	1	100	0	0	1	1	150	0	0	0
MOB_EU_KYKLOPES	26183	849.150024	-11.7299995	631	250	200	10	7	9	4	1	1	100	0	0	1	1	150	0	0	0
MOB_EU_KYKLOPES	26183	853.539978	1.00999999	1603.03003	200	150	10	4	6	4	1	1	100	0	0	1	1	150	0	0	0
MOB_EU_KYKLOPES	26183	867.559998	-10.8900003	635.599976	250	200	10	4	6	6	1	1	100	0	0	1	1	150	0	0	0
MOB_EU_KYKLOPES	26183	950.289978	-3.69000006	1138.64001	200	150	10	4	6	4	1	1	100	0	0	1	1	150	0	0	0
MOB_EU_KYKLOPES	26183	1033.55005	2.06999993	262.459991	200	150	10	4	6	4	1	1	100	0	0	1	1	150	0	0	0
MOB_EU_KYKLOPES	26183	1180.30005	3.54999995	1329.06006	200	150	10	4	6	4	1	1	100	0	0	1	1	150	0	0	0
MOB_EU_KYKLOPES	26183	1182.18005	6.11000013	884.799988	200	100	10	4	6	4	1	1	100	0	0	1	1	150	0	0	0
MOB_EU_KYKLOPES	26183	1368.79004	10.54	206.210007	200	100	10	4	6	4	1	1	100	0	0	1	1	150	0	0	0
MOB_EU_KYKLOPES	26183	1468.57996	7.19000006	1113.10999	200	150	10	4	6	4	1	1	100	0	0	1	1	150	0	0	0
MOB_EU_KYKLOPES	26183	1490.42004	1.74000001	1501.02002	200	100	10	4	6	4	1	1	100	0	0	1	1	150	0	0	0
MOB_EU_KYKLOPES	26183	1716.18994	16.5200005	376.369995	200	150	10	4	6	4	1	1	100	0	0	1	1	150	0	0	0
MOB_EU_KYKLOPES	26183	1836.91003	7.75	1318.65002	250	200	10	7	9	4	1	1	100	0	0	1	1	150	0	0	0
MOB_EU_KYKLOPES	26183	1842.73999	18.8799992	789.309998	200	150	10	4	6	4	1	1	100	0	0	1	1	150	0	0	0
MOB_EU_KYKLOPES	26183	1864.78003	7.78999996	1327.65002	250	200	10	4	6	6	1	1	100	0	0	1	1	150	0	0	0
MOB_EU_KYKLOPES	26183	1894.56995	11.7600002	61.2200012	200	150	10	4	6	4	1	1	100	0	0	1	1	150	0	0	0
MOB_EU_KYKLOPES	26184	100.629997	3.57999992	1655.39001	200	100	10	4	6	4	1	1	100	0	0	1	1	150	0	0	0
MOB_EU_KYKLOPES	26184	107.379997	20.3700008	418.480011	200	150	10	4	6	4	1	1	100	0	0	1	1	150	0	0	0
MOB_EU_KYKLOPES	26184	235.889999	9.64999962	55.0299988	200	150	10	4	6	4	1	1	100	0	0	1	1	150	0	0	0
MOB_EU_KYKLOPES	26184	342.630005	11.9899998	1235.68994	200	100	10	4	6	4	1	1	100	0	0	1	1	150	0	0	0
MOB_EU_KYKLOPES	26184	351.519989	16.2000008	840.190002	250	200	10	7	9	4	1	1	100	0	0	1	1	150	0	0	0
MOB_EU_KYKLOPES	26184	370.089996	16.8999996	851.72998	250	200	10	4	6	6	1	1	100	0	0	1	1	150	0	0	0
MOB_EU_KYKLOPES	26184	617.659973	7.69999981	1433.84998	200	100	10	4	6	4	1	1	100	0	0	1	1	150	0	0	0
MOB_EU_KYKLOPES	26184	794.280029	5.38999987	853.01001	200	150	10	4	6	4	1	1	100	0	0	1	1	150	0	0	0
MOB_EU_KYKLOPES	26184	924.650024	16.0799999	8.85000038	200	150	10	4	6	4	1	1	100	0	0	1	1	150	0	0	0
MOB_EU_KYKLOPES	26184	1023.59003	3.97000003	1421.31006	200	150	10	4	6	4	1	1	100	0	0	1	1	150	0	0	0
MOB_EU_KYKLOPES	26184	1116.41003	1.77999997	1110.18994	200	150	10	4	6	4	1	1	100	0	0	1	1	150	0	0	0
MOB_EU_KYKLOPES	26184	1160	2.9000001	520.950012	200	100	10	4	6	4	1	1	100	0	0	1	1	150	0	0	0
MOB_EU_KYKLOPES	26184	1191.77002	2.33999991	1734.87	200	150	10	4	6	4	1	1	100	0	0	1	1	150	0	0	0
MOB_EU_KYKLOPES	26184	1551.83997	-4.05999994	1087.40002	250	200	10	4	6	6	1	1	100	0	0	1	1	150	0	0	0
MOB_EU_KYKLOPES	26184	1560.21997	-4.05999994	1062.57996	250	200	10	7	9	4	1	1	100	0	0	1	1	150	0	0	0
MOB_EU_KYKLOPES	26184	1622.44995	0	1686.18005	200	150	10	4	6	4	1	1	100	0	0	1	1	150	0	0	0
MOB_EU_KYKLOPES	26184	1641.43005	3.86999989	697.390015	200	150	10	4	6	4	1	1	100	0	0	1	1	150	0	0	0
MOB_EU_KYKLOPES	26184	1867.85999	0	1595.56995	200	150	10	4	6	4	1	1	100	0	0	1	1	150	0	0	0
MOB_EU_KYKLOPES	26184	1870.58997	4.28999996	419.76001	200	150	10	4	6	4	1	1	100	0	0	1	1	150	0	0	0
MOB_EU_KYKLOPES	26185	27.0599995	-4.07000017	1159.01001	200	100	10	4	6	4	1	1	100	0	0	1	1	150	0	0	0
MOB_EU_KYKLOPES	26185	326.170013	0.720000029	1601.56006	200	150	10	4	6	4	1	1	100	0	0	1	1	150	0	0	0
MOB_EU_KYKLOPES	26185	371.299988	0	556.98999	200	150	10	4	6	4	1	1	100	0	0	1	1	150	0	0	0
MOB_EU_KYKLOPES	26185	376.970001	1.29999995	893.299988	200	150	10	4	6	4	1	1	100	0	0	1	1	150	0	0	0
MOB_EU_KYKLOPES	26438	1559.04004	-5.4000001	102.699997	200	150	10	4	6	4	1	1	100	0	0	1	1	150	0	0	0
MOB_EU_KYKLOPES	26438	1820.42004	-4.73999977	349.540009	200	150	10	4	6	4	1	1	100	0	0	1	1	150	0	0	0
MOB_EU_KYKLOPES	26439	248.169998	-9.78999996	367.049988	250	200	10	4	6	6	1	1	100	0	0	1	1	150	0	0	0
MOB_EU_KYKLOPES	26439	262.350006	-9.42000008	355.25	250	200	10	7	9	4	1	1	100	0	0	1	1	150	0	0	0
MOB_EU_KYKLOPES	26439	648.950012	-9.23999977	637.429993	200	100	10	4	6	4	1	1	100	0	0	1	1	150	0	0	0
MOB_EU_KYKLOPES	26439	782.200012	-3.91000009	200.729996	200	100	10	4	6	4	1	1	100	0	0	1	1	150	0	0	0
MOB_EU_KYKLOPES	26439	1042.04004	-0.360000014	96.5100021	200	100	10	4	6	4	1	1	100	0	0	1	1	150	0	0	0
MOB_EU_KYKLOPES	26439	1059.34998	-7.5999999	536.23999	200	100	10	4	6	4	1	1	100	0	0	1	1	150	0	0	0
MOB_EU_KYKLOPES	26439	1480.22998	0.0500000007	29.8999996	200	100	10	4	6	4	1	1	100	0	0	1	1	150	0	0	0
MOB_EU_KYKLOPES	26440	127.559998	-2.56999993	66.6699982	200	150	10	4	6	4	1	1	100	0	0	1	1	150	0	0	0
MOB_EU_KYKLOPES	26440	615.98999	3.99000001	35.0900002	200	100	10	4	6	4	1	1	100	0	0	1	1	150	0	0	0
MOB_EU_KYKLOPES	26440	816.210022	-0.00999999978	397.709991	200	150	10	4	6	4	1	1	100	0	0	1	1	150	0	0	0
MOB_EU_KYKLOPES	26440	993.849976	1.17999995	115.209999	200	150	10	4	6	4	1	1	100	0	0	1	1	150	0	0	0
MOB_EU_KYKLOPES	26440	1318.65002	-0.00999999978	143.460007	200	100	10	4	6	4	1	1	100	0	0	1	1	150	0	0	0
MOB_EU_KYKLOPES	26440	1483.34998	-0.150000006	385.98999	200	150	10	4	6	4	1	1	100	0	0	1	1	150	0	0	0
MOB_EU_KYKLOPES	26440	1794.39001	0	125.769997	200	150	10	4	6	4	1	1	100	0	0	1	1	150	0	0	0
MOB_EU_KYKLOPES	26441	115.019997	0	121.860001	200	150	10	4	6	4	1	1	100	0	0	1	1	150	0	0	0
MOB_EU_KYKLOPES_CLON	25669	194.080002	61.5900002	1779.15002	400	250	10	4	6	8	1	0	100	0	0	1	1	150	0	0	0
MOB_EU_KYKLOPES_CLON	25669	668.26001	61.4199982	1739.42004	400	250	10	4	6	8	1	0	100	0	0	1	1	150	0	0	0
MOB_EU_KYKLOPES_CLON	25669	1179.53003	87.7300034	1845.37	400	250	10	4	6	8	1	0	100	0	0	1	1	150	0	0	0
MOB_EU_KYKLOPES_CLON	25669	1651.68005	77.3000031	1804.39001	400	250	10	4	6	8	1	0	100	0	0	1	1	150	0	0	0
MOB_EU_KYKLOPES_CLON	25670	250.039993	128.759995	1431.76001	400	250	10	4	6	8	1	0	100	0	0	1	1	150	0	0	0
MOB_EU_KYKLOPES_CLON	25670	794.969971	137.259995	1723.96997	400	250	10	4	6	8	1	0	100	0	0	1	1	150	0	0	0
MOB_EU_KYKLOPES_CLON	25670	1549.51001	174.919998	1821.17004	400	250	10	4	6	8	1	0	100	0	0	1	1	150	0	0	0
MOB_EU_KYKLOPES_CLON	25671	222.899994	171.429993	1719.78003	400	250	10	4	6	8	1	0	100	0	0	1	1	150	0	0	0
MOB_EU_KYKLOPES_CLON	25671	1180.92004	109.889999	1602.09998	400	250	10	4	6	8	1	0	100	0	0	1	1	150	0	0	0
MOB_EU_KYKLOPES_CLON	25671	1605.66003	165.589996	1755.96997	400	250	10	4	6	8	1	0	100	0	0	1	1	150	0	0	0
MOB_EU_KYKLOPES_CLON	25671	1748.44995	53.0499992	1317.88	400	250	10	4	6	8	1	0	100	0	0	1	1	150	0	0	0
MOB_EU_KYKLOPES_CLON	25672	459.589996	162.660004	1588.53003	400	250	10	4	6	8	1	0	100	0	0	1	1	150	0	0	0
MOB_EU_KYKLOPES_CLON	25672	1469.97998	0	1188.43005	400	250	10	6	8	4	1	0	100	0	0	1	1	150	0	0	0
MOB_EU_KYKLOPES_CLON	25673	391.809998	0	921.77002	400	250	10	3	4	12	1	0	100	0	0	1	1	150	0	0	0
MOB_EU_KYKLOPES_CLON	25673	619.150024	0	1659.63	400	250	10	3	4	12	1	0	100	0	0	1	1	150	0	0	0
MOB_EU_KYKLOPES_CLON	25673	1077.81995	0	1204.94995	400	250	10	3	4	12	1	0	100	0	0	1	1	150	0	0	0
MOB_EU_KYKLOPES_CLON	25673	1471.93005	-7.96999979	1735.81006	400	250	10	3	4	12	1	0	100	0	0	1	1	150	0	0	0
MOB_EU_KYKLOPES_CLON	25924	1371.88	92.8600006	931.02002	400	250	10	4	6	8	1	0	100	0	0	1	1	150	0	0	0
MOB_EU_KYKLOPES_CLON	25924	1434.42004	97.1500015	1551.14001	400	250	10	3	4	12	1	0	100	0	0	1	1	150	0	0	0
MOB_EU_KYKLOPES_CLON	25925	186.470001	88.1600037	1895.06995	400	250	10	4	6	8	1	0	100	0	0	1	1	150	0	0	0
MOB_EU_KYKLOPES_CLON	25925	469.130005	101.25	1344.08997	400	250	10	4	6	8	1	0	100	0	0	1	1	150	0	0	0
MOB_EU_KYKLOPES_CLON	25925	504.630005	100.269997	780.630005	400	250	10	4	6	8	1	0	100	0	0	1	1	150	0	0	0
MOB_EU_KYKLOPES_CLON	25925	955.289978	98.1500015	945.789978	400	250	10	4	6	8	1	0	100	0	0	1	1	150	0	0	0
MOB_EU_KYKLOPES_CLON	25925	1374.92004	103.309998	395.220001	400	250	10	4	6	8	1	0	100	0	0	1	1	150	0	0	0
MOB_EU_KYKLOPES_CLON	25925	1534.43994	0	1788.75	400	250	10	6	8	4	1	0	100	0	0	1	1	150	0	0	0
MOB_EU_KYKLOPES_CLON	25925	1836.5	14.29	443.799988	400	250	10	4	6	8	1	0	100	0	0	1	1	150	0	0	0
MOB_EU_KYKLOPES_CLON	25926	219.809998	0	1470.13	400	250	10	6	8	4	1	0	100	0	0	1	1	150	0	0	0
MOB_EU_KYKLOPES_CLON	25926	364.730011	148.029999	86.8799973	400	250	10	4	6	8	1	0	100	0	0	1	1	150	0	0	0
MOB_EU_KYKLOPES_CLON	25926	825.179993	0	1860.43994	400	250	10	6	8	4	1	0	100	0	0	1	1	150	0	0	0
MOB_EU_KYKLOPES_CLON	25926	933.02002	1.89999998	753.210022	400	250	10	6	8	4	1	0	100	0	0	1	1	150	0	0	0
MOB_EU_KYKLOPES_CLON	25926	1211.52002	0.129999995	1223.20996	400	250	10	6	8	4	1	0	100	0	0	1	1	150	0	0	0
MOB_EU_KYKLOPES_CLON	25926	1232.71997	177.100006	166.839996	400	250	10	4	6	8	1	0	100	0	0	1	1	150	0	0	0
MOB_EU_KYKLOPES_CLON	25926	1683.26001	179.25	472.529999	400	250	10	4	6	8	1	0	100	0	0	1	1	150	0	0	0
MOB_EU_KYKLOPES_CLON	25927	0.419999987	0.0199999996	1521.91003	400	250	10	6	8	4	1	0	100	0	0	1	1	150	0	0	0
MOB_EU_KYKLOPES_CLON	25927	334.230011	175.050003	593.710022	400	250	10	4	6	8	1	0	100	0	0	1	1	150	0	0	0
MOB_EU_KYKLOPES_CLON	25927	658.909973	168.710007	92.8899994	400	250	10	4	6	8	1	0	100	0	0	1	1	150	0	0	0
MOB_EU_KYKLOPES_CLON	25927	809.830017	156.399994	774.030029	400	250	10	4	6	8	1	0	100	0	0	1	1	150	0	0	0
MOB_EU_KYKLOPES_CLON	25927	810.140015	6.59000015	1410.06006	400	250	10	6	8	4	1	0	100	0	0	1	1	150	0	0	0
MOB_EU_KYKLOPES_CLON	25927	1151.84998	172.330002	352.950012	400	250	10	4	6	8	1	0	100	0	0	1	1	150	0	0	0
MOB_EU_KYKLOPES_CLON	25927	1396.53003	167.320007	775.549988	400	250	10	4	6	8	1	0	100	0	0	1	1	150	0	0	0
MOB_EU_KYKLOPES_CLON	25927	1442.47998	9.03999996	1346.34998	400	250	10	6	8	4	1	0	100	0	0	1	1	150	0	0	0
MOB_EU_KYKLOPES_CLON	25927	1739.16003	166.320007	439.5	400	250	10	4	6	8	1	0	100	0	0	1	1	150	0	0	0
MOB_EU_KYKLOPES_CLON	25928	119.57	0	1374.55005	400	250	10	6	8	4	1	0	100	0	0	1	1	150	0	0	0
MOB_EU_KYKLOPES_CLON	25928	319.859985	160.240005	576.809998	400	250	10	4	6	8	1	0	100	0	0	1	1	150	0	0	0
MOB_EU_KYKLOPES_CLON	25928	344.420013	164.990005	60.3499985	400	250	10	4	6	8	1	0	100	0	0	1	1	150	0	0	0
MOB_EU_KYKLOPES_CLON	25928	657.22998	0	1163.46997	400	250	10	6	8	4	1	0	100	0	0	1	1	150	0	0	0
MOB_EU_KYKLOPES_CLON	25928	1186.93005	0	729.349976	400	250	10	6	8	4	1	0	100	0	0	1	1	150	0	0	0
MOB_EU_KYKLOPES_CLON	25928	1632.94995	0	21.6900005	400	250	10	6	8	4	1	0	100	0	0	1	1	150	0	0	0
MOB_EU_KYKLOPES_CLON	25929	918.289978	0	313.970001	400	250	10	3	4	12	1	0	100	0	0	1	1	150	0	0	0
MOB_EU_KYKLOPES_CLON	25929	1691.83997	-3.69000006	561.690002	400	250	10	3	4	12	1	0	100	0	0	1	1	150	0	0	0
MOB_EU_KYKLOPES_CLON2	25672	1445.81006	0	1223.54004	400	250	10	6	7	6	1	0	100	0	0	1	1	150	0	0	0
MOB_EU_KYKLOPES_CLON2	25925	1491.48999	0	1748.66003	400	250	10	6	7	6	1	0	100	0	0	1	1	150	0	0	0
MOB_EU_KYKLOPES_CLON2	25925	1879.17004	0	1122.63	400	250	10	6	7	6	1	0	100	0	0	1	1	150	0	0	0
MOB_EU_KYKLOPES_CLON2	25926	789.099976	0	1852.04004	400	250	10	6	7	6	1	0	100	0	0	1	1	150	0	0	0
MOB_EU_KYKLOPES_CLON2	25926	901.309998	2.17000008	758.090027	400	250	10	6	7	6	1	0	100	0	0	1	1	150	0	0	0
MOB_EU_KYKLOPES_CLON2	25926	1231.33997	0.129999995	1188.67004	400	250	10	6	7	6	1	0	100	0	0	1	1	150	0	0	0
MOB_EU_KYKLOPES_CLON2	25927	14.2600002	0.0399999991	1479.22998	400	250	10	6	7	6	1	0	100	0	0	1	1	150	0	0	0
MOB_EU_KYKLOPES_CLON2	25927	836.849976	6.38999987	1449.48999	400	250	10	6	7	6	1	0	100	0	0	1	1	150	0	0	0
MOB_EU_KYKLOPES_CLON2	25927	1443	8.15999985	1388.22998	400	250	10	6	7	6	1	0	100	0	0	1	1	150	0	0	0
MOB_EU_KYKLOPES_CLON2	25928	96.9199982	0	1366.94995	400	250	10	6	7	6	1	0	100	0	0	1	1	150	0	0	0
MOB_EU_KYKLOPES_CLON2	25928	695.630005	0	1191.32996	400	250	10	6	7	6	1	0	100	0	0	1	1	150	0	0	0
MOB_EU_KYKLOPES_CLON2	25928	1166.62	0	797.51001	400	250	10	6	7	6	1	0	100	0	0	1	1	150	0	0	0
MOB_EU_KYKLOPES_CLON2	25928	1364.70996	3.23000002	1515.18005	400	250	10	6	7	10	1	0	100	0	0	1	1	150	0	0	0
MOB_EU_KYKLOPES_CLON2	25928	1601.13	0	40.3400002	400	250	10	6	7	6	1	0	100	0	0	1	1	150	0	0	0
MOB_EU_KYKLOPES_CLON2	25929	12.1700001	0	1241.28003	400	250	10	6	7	10	1	0	100	0	0	1	1	150	0	0	0
MOB_EU_KYKLOPES_CLON2	25929	350.890015	0	1812.34998	400	250	10	6	7	10	1	0	100	0	0	1	1	150	0	0	0
MOB_EU_KYKLOPES_CLON2	25929	656.02002	0	1330.85999	400	250	10	6	7	10	1	0	100	0	0	1	1	150	0	0	0
MOB_EU_KYKLOPES_CLON2	25929	1017.14001	0	1845.93994	400	250	10	6	7	10	1	0	100	0	0	1	1	150	0	0	0
MOB_EU_KYKLOPES_CLON2	25929	1501.43005	0	1496.02002	400	250	10	6	7	10	1	0	100	0	0	1	1	150	0	0	0
MOB_EU_KYKLOPES_CLON2	26181	305.630005	-202.910004	1557.63	400	250	10	6	7	10	1	0	100	0	0	1	1	150	0	0	0
MOB_EU_KYKLOPES_CLON2	26181	308.029999	-156.259995	916.309998	400	250	10	6	7	10	1	0	100	0	0	1	1	150	0	0	0
MOB_EU_KYKLOPES_CLON2	26181	954.280029	-36.7700005	347.73999	400	250	10	6	7	10	1	0	100	0	0	1	1	150	0	0	0
MOB_EU_KYKLOPES_CLON2	26181	1227.06006	-124.160004	1284.55005	400	250	10	6	7	10	1	0	100	0	0	1	1	150	0	0	0
MOB_EU_KYKLOPES_CLON2	26181	1885.51001	-85.9800034	1490.09998	400	250	10	6	7	10	1	0	100	0	0	1	1	150	0	0	0
MOB_EU_KYKLOPES_CLON2	26182	282.640015	0	558.599976	400	250	10	6	7	10	1	0	100	0	0	1	1	150	0	0	0
MOB_EU_KYKLOPES_CLON2	26182	542.460022	-45.7700005	1426.43005	400	250	10	6	7	10	1	0	100	0	0	1	1	150	0	0	0
MOB_EU_KYKLOPES_CLON2	26182	918.659973	-104.160004	1901.28003	400	250	10	6	7	10	1	0	100	0	0	1	1	150	0	0	0
MOB_EU_KYKLOPES_CLON2	26182	951.679993	0	589.390015	400	250	10	6	7	10	1	0	100	0	0	1	1	150	0	0	0
MOB_EU_KYKLOPES_CLON2	26185	1097.16003	0	1822.52002	400	250	10	6	7	10	1	0	100	0	0	1	1	150	0	0	0
MOB_EU_KYKLOPES_CLON2	26185	1137.51001	0	734.960022	400	250	10	6	7	10	1	0	100	0	0	1	1	150	0	0	0
MOB_EU_KYKLOPES_CLON2	26185	1479.03003	0	312.25	400	250	10	6	7	10	1	0	100	0	0	1	1	150	0	0	0
MOB_EU_KYKLOPES_CLON2	26185	1506.52002	0	1675.41003	400	250	10	6	7	10	1	0	100	0	0	1	1	150	0	0	0
MOB_EU_KYKLOPES_CLON2	26437	396.429993	-177.339996	243.210007	400	250	10	6	7	10	1	0	100	0	0	1	1	150	0	0	0
MOB_EU_KYKLOPES_CLON2	26437	1687.94995	-191.880005	102.559998	400	250	10	6	7	10	1	0	100	0	0	1	1	150	0	0	0
MOB_EU_KYKLOPES_CLON2	26438	187.190002	-204.729996	565.539978	400	250	10	6	7	10	1	0	100	0	0	1	1	150	0	0	0
MOB_EU_KYKLOPES_CLON2	26438	410.179993	-162.440002	26.4300003	400	250	10	6	7	10	1	0	100	0	0	1	1	150	0	0	0
MOB_EU_KYKLOPES_CLON2	26438	563.309998	-208.630005	997.380005	400	250	10	6	7	10	1	0	100	0	0	1	1	150	0	0	0
MOB_EU_KYKLOPES_CLON2	26438	790.619995	-190.240005	551.400024	400	250	10	6	7	10	1	0	100	0	0	1	1	150	0	0	0
MOB_EU_KYKLOPES_CLON2	26438	1118.69995	-166	985.77002	400	250	10	6	7	10	1	0	100	0	0	1	1	150	0	0	0
MOB_EU_KYKLOPES_CLON2	26438	1274.05005	-65.1600037	455	400	250	10	6	7	10	1	0	100	0	0	1	1	150	0	0	0
MOB_EU_KYKLOPES_CLON2	26438	1376.96997	-163.789993	1373.09998	400	250	10	6	7	10	1	0	100	0	0	1	1	150	0	0	0
MOB_EU_KYKLOPES_CLON2	26438	1614.87	-39.6100006	882.049988	400	250	10	6	7	10	1	0	100	0	0	1	1	150	0	0	0
MOB_EU_KYKLOPES_CLON2	26438	1901.88	-207.75	1757.79004	400	250	10	6	7	10	1	0	100	0	0	1	1	150	0	0	0
MOB_EU_KYKLOPES_CLON2	26439	81.6100006	-107.809998	1269.80005	400	250	10	6	7	10	1	0	100	0	0	1	1	150	0	0	0
MOB_EU_KYKLOPES_CLON2	26439	530.400024	-171.779999	1669.04004	400	250	10	6	7	10	1	0	100	0	0	1	1	150	0	0	0
MOB_EU_KYKLOPES_CLON2	26439	598.940002	-72.0800018	1110.68005	400	250	10	6	7	10	1	0	100	0	0	1	1	150	0	0	0
MOB_EU_KYKLOPES_CLON2	26439	1044.81006	-101.120003	1442	400	250	10	6	7	10	1	0	100	0	0	1	1	150	0	0	0
MOB_EU_KYKLOPES_CLON2	26439	1509.68994	-66.4300003	1084.53003	400	250	10	6	7	10	1	0	100	0	0	1	1	150	0	0	0
MOB_EU_KYKLOPES_CLON2	26440	605.690002	-58.9799995	1467.35999	400	250	10	6	7	10	1	0	100	0	0	1	1	150	0	0	0
MOB_EU_KYKLOPES_CLON2	26440	968.880005	-15.3000002	1062.38	400	250	10	6	7	10	1	0	100	0	0	1	1	150	0	0	0
MOB_EU_KYKLOPES_CLON2	26440	1146.28003	-91.2300034	1607.80005	400	250	10	6	7	10	1	0	100	0	0	1	1	150	0	0	0
MOB_EU_KYKLOPES_CLON2	26440	1462.81995	-21.5799999	984.75	400	250	10	6	7	10	1	0	100	0	0	1	1	150	0	0	0
MOB_EU_KYKLOPES_CLON2	26440	1635.96997	-113.209999	1528.62	400	250	10	6	7	10	1	0	100	0	0	1	1	150	0	0	0
MOB_EU_KYKLOPES_CLON2	26440	1911.68994	-41.8699989	981.809998	400	250	10	6	7	10	1	0	100	0	0	1	1	150	0	0	0
MOB_EU_KYKLOPES_CLON2	26441	208.779999	-123.809998	1537.91003	400	250	10	6	7	10	1	0	100	0	0	1	1	150	0	0	0
MOB_EU_KYKLOPES_CLON2	26441	413.48999	0	712.700012	400	250	10	6	7	10	1	0	100	0	0	1	1	150	0	0	0
MOB_EU_KYKLOPES_CLON2	26441	622.950012	-2.92000008	1153.48999	400	250	10	6	7	10	1	0	100	0	0	1	1	150	0	0	0
MOB_EU_KYKLOPES_CLON2	26441	662.679993	-161.539993	1880.45996	400	250	10	6	7	10	1	0	100	0	0	1	1	150	0	0	0
MOB_EU_KYKLOPES_CLON2	26441	688.419983	0	272.329987	400	250	10	6	7	10	1	0	100	0	0	1	1	150	0	0	0
MOB_EU_KYKLOPES_CLON2	26441	993.780029	0	690.859985	400	250	10	6	7	10	1	0	100	0	0	1	1	150	0	0	0
MOB_EU_KYKLOPES_CLON2	26441	1118.12	-39.2400017	1357.03003	400	250	10	6	7	10	1	0	100	0	0	1	1	150	0	0	0
MOB_EU_KYKLOPES_CLON2	26441	1493.84998	-0.959999979	438.220001	400	250	10	6	7	10	1	0	100	0	0	1	1	150	0	0	0
MOB_EU_KYKLOPES_CLON2	26441	1552.47998	-49.9900017	992.070007	400	250	10	6	7	10	1	0	100	0	0	1	1	150	0	0	0
MOB_EU_KYKLOPES_CLON2	26441	1689.33997	-152.639999	1563.76001	400	250	10	6	7	10	1	0	100	0	0	1	1	150	0	0	0
MOB_EU_KYKLOPES_CLON2	26695	1248.02002	-145.779999	116.860001	400	250	10	6	7	10	1	0	100	0	0	1	1	150	0	0	0
MOB_EU_KYKLOPES_CLON2	26696	529.349976	-142	544.47998	400	250	10	6	7	10	1	0	100	0	0	1	1	150	0	0	0
MOB_EU_KYKLOPES_CLON2	26696	759.580017	-150.169998	118.489998	400	250	10	6	7	10	1	0	100	0	0	1	1	150	0	0	0
MOB_EU_KYKLOPES_CLON2	26696	1022.46002	-158.679993	619.219971	400	250	10	6	7	10	1	0	100	0	0	1	1	150	0	0	0
MOB_EU_KYKLOPES_CLON2	26696	1282.02002	-161.199997	239.860001	400	250	10	6	7	10	1	0	100	0	0	1	1	150	0	0	0
MOB_EU_KYKLOPES_CLON2	26696	1725.87	-176.639999	184.309998	400	250	10	6	7	10	1	0	100	0	0	1	1	150	0	0	0
MOB_EU_KYKLOPES_CLON2	26697	290.279999	-201.759995	371.450012	400	250	10	6	7	10	1	0	100	0	0	1	1	150	0	0	0
MOB_EU_KYKLOPES_CLON2	26697	783.52002	-210	485.600006	400	250	10	6	7	10	1	0	100	0	0	1	1	150	0	0	0
MOB_EU_KYKLOPES_CLON2	26697	1289.17004	-177.960007	45.3499985	400	250	10	6	7	10	1	0	100	0	0	1	1	150	0	0	0
MOB_EU_KYKLOPES_CLON2	26697	1402.20996	-209.289993	630.960022	400	250	10	6	7	10	1	0	100	0	0	1	1	150	0	0	0
MOB_EU_LADON	25418	943.400024	0	985.679993	600	500	10	5	7	10	1	1	100	0	0	1	1	150	0	0	0
MOB_EU_LADON	25418	1281.08997	0	1615.31995	600	500	10	5	7	10	1	1	100	0	0	1	1	150	0	0	0
MOB_EU_LADON	25418	1568.40002	-29.3799992	859.559998	600	500	10	5	7	10	1	1	100	0	0	1	1	150	0	0	0
MOB_EU_LADON	25419	120.870003	0	1059.55005	600	500	10	5	7	10	1	1	100	0	0	1	1	150	0	0	0
MOB_EU_LADON	25419	542.700012	-5.21999979	546.130005	600	500	10	5	7	10	1	1	100	0	0	1	1	150	0	0	0
MOB_EU_LADON	25419	585.190002	0	1210.81006	600	500	10	5	7	10	1	1	100	0	0	1	1	150	0	0	0
MOB_EU_LADON	25419	1207.77002	-3.61999989	225.970001	600	500	10	5	7	10	1	1	100	0	0	1	1	150	0	0	0
MOB_EU_LADON	25419	1383.66003	0	626.900024	600	500	10	5	7	10	1	1	100	0	0	1	1	150	0	0	0
MOB_EU_LADON	25420	951.570007	-0.140000001	961.070007	600	500	10	5	7	10	1	1	100	0	0	1	1	150	0	0	0
MOB_EU_LADON	25420	1580.52002	-19.1599998	1489.56006	600	500	10	5	7	10	1	1	100	0	0	1	1	150	0	0	0
MOB_EU_LADON	25674	1238.87	-0.330000013	1302.87	600	500	10	5	7	10	1	1	100	0	0	1	1	150	0	0	0
MOB_EU_LADON	25675	68.1100006	0	177.220001	600	500	10	5	7	10	1	1	100	0	0	1	1	150	0	0	0
MOB_EU_LADON	25675	163.080002	0	870.179993	600	500	10	5	7	10	1	1	100	0	0	1	1	150	0	0	0
MOB_EU_LADON	25675	919.5	-7.15999985	1585.43994	600	500	10	5	7	10	1	1	100	0	0	1	1	150	0	0	0
MOB_EU_LADON	25675	1584.16003	0	740.030029	600	500	10	5	7	10	1	1	100	0	0	1	1	150	0	0	0
MOB_EU_LADON	25676	128.479996	-0.310000002	1615.93005	600	500	10	5	7	10	1	1	100	0	0	1	1	150	0	0	0
MOB_EU_LADON	25676	778.51001	-5.21000004	1190.60999	600	500	10	5	7	10	1	1	100	0	0	1	1	150	0	0	0
MOB_EU_LADON	25676	1604.62	-70.8300018	703.77002	600	500	10	5	7	10	1	1	100	0	0	1	1	150	0	0	0
MOB_EU_LADON	25676	1677.17004	-123.110001	1653.68994	600	500	10	5	7	10	1	1	100	0	0	1	1	150	0	0	0
MOB_EU_LADON	25931	317.850006	0	589.340027	600	500	10	5	7	10	1	1	100	0	0	1	1	150	0	0	0
MOB_EU_LADON	25932	202.639999	-4.05999994	1508.37	600	500	10	5	7	10	1	1	100	0	0	1	1	150	0	0	0
MOB_EU_LADON	25932	1102.82996	0	251.660004	600	500	10	5	7	10	1	1	100	0	0	1	1	150	0	0	0
MOB_EU_LADON	26699	424.269989	-132.649994	347.160004	600	500	10	5	7	10	1	1	100	0	0	1	1	150	0	0	0
MOB_EU_LADON_CLON	25163	1046.70996	-81.7600021	1777.17004	400	300	10	3	8	8	1	0	100	0	0	1	1	150	0	0	0
MOB_EU_LADON_CLON	25418	326.079987	0	1288.43005	400	300	10	3	8	8	1	0	100	0	0	1	1	150	0	0	0
MOB_EU_LADON_CLON	25418	554.570007	-6.96999979	754.590027	400	300	10	3	8	8	1	0	100	0	0	1	1	150	0	0	0
MOB_EU_LADON_CLON	25418	973.299988	0	1320.07996	400	300	10	3	8	8	1	0	100	0	0	1	1	150	0	0	0
MOB_EU_LADON_CLON	25418	1217.56006	-49.2000008	683.559998	400	300	10	3	8	8	1	0	100	0	0	1	1	150	0	0	0
MOB_EU_LADON_CLON	25418	1620.53003	0	1847.70996	400	300	10	3	8	8	1	0	100	0	0	1	1	150	0	0	0
MOB_EU_LADON_CLON	25418	1634.81995	2.18000007	1221.26001	400	300	10	3	8	8	1	0	100	0	0	1	1	150	0	0	0
MOB_EU_LADON_CLON	25419	12.0500002	-14.5699997	542.700012	400	300	10	3	8	8	1	0	100	0	0	1	1	150	0	0	0
MOB_EU_LADON_CLON	25419	214.089996	0	1425.60999	400	300	10	3	8	8	1	0	100	0	0	1	1	150	0	0	0
MOB_EU_LADON_CLON	25419	534.179993	-0.0199999996	866.320007	400	300	10	3	8	8	1	0	100	0	0	1	1	150	0	0	0
MOB_EU_LADON_CLON	25419	566.070007	-13.3100004	202.160004	400	300	10	3	8	8	1	0	100	0	0	1	1	150	0	0	0
MOB_EU_LADON_CLON	25419	660.809998	0	1837.16003	400	300	10	3	8	8	1	0	100	0	0	1	1	150	0	0	0
MOB_EU_LADON_CLON	25419	949.25	0	1165.31006	400	300	10	3	8	8	1	0	100	0	0	1	1	150	0	0	0
MOB_EU_LADON_CLON	25419	1030.15002	0	514.570007	400	300	10	3	8	8	1	0	100	0	0	1	1	150	0	0	0
MOB_EU_LADON_CLON	25419	1495.56006	0	856.619995	400	300	10	3	8	8	1	0	100	0	0	1	1	150	0	0	0
MOB_EU_LADON_CLON	25419	1607.17004	-3.02999997	226.169998	400	300	10	3	8	8	1	0	100	0	0	1	1	150	0	0	0
MOB_EU_LADON_CLON	25420	411.359985	-8.19999981	532.539978	400	300	10	3	8	8	1	0	100	0	0	1	1	150	0	0	0
MOB_EU_LADON_CLON	25420	967.219971	-10.0100002	736.570007	400	300	10	3	8	8	1	0	100	0	0	1	1	150	0	0	0
MOB_EU_LADON_CLON	25420	1328.16003	-25.5400009	1813.39001	400	300	10	3	8	8	1	0	100	0	0	1	1	150	0	0	0
MOB_EU_LADON_CLON	25420	1427.64001	-9.19999981	1187.18005	400	300	10	3	8	8	1	0	100	0	0	1	1	150	0	0	0
MOB_EU_LADON_CLON	25420	1885.77002	-36.7999992	1599.42004	400	300	10	3	8	8	1	0	100	0	0	1	1	150	0	0	0
MOB_EU_LADON_CLON	25674	530.099976	0	589.01001	400	300	10	3	8	8	1	0	100	0	0	1	1	150	0	0	0
MOB_EU_LADON_CLON	25674	691.570007	-0.0199999996	1490.75	400	300	10	3	8	8	1	0	100	0	0	1	1	150	0	0	0
MOB_EU_LADON_CLON	25674	1075.31006	0	184.490005	400	300	10	3	8	8	1	0	100	0	0	1	1	150	0	0	0
MOB_EU_LADON_CLON	25674	1117.52002	0	736.73999	400	300	10	3	8	8	1	0	100	0	0	1	1	150	0	0	0
MOB_EU_LADON_CLON	25674	1538.87	-14.7299995	1766.97998	400	300	10	3	8	8	1	0	100	0	0	1	1	150	0	0	0
MOB_EU_LADON_CLON	25674	1754.19995	0	683.97998	400	300	10	3	8	8	1	0	100	0	0	1	1	150	0	0	0
MOB_EU_LADON_CLON	25674	1880.82996	0	1186.98999	400	300	10	3	8	8	1	0	100	0	0	1	1	150	0	0	0
MOB_EU_LADON_CLON	25675	407.549988	0	546.799988	400	300	10	3	8	8	1	0	100	0	0	1	1	150	0	0	0
MOB_EU_LADON_CLON	25675	604.539978	0.170000002	1218.64001	400	300	10	3	8	8	1	0	100	0	0	1	1	150	0	0	0
MOB_EU_LADON_CLON	25675	1089.94995	0	339.26001	400	300	10	3	8	8	1	0	100	0	0	1	1	150	0	0	0
MOB_EU_LADON_CLON	25675	1213.16003	-1.60000002	916.27002	400	300	10	3	8	8	1	0	100	0	0	1	1	150	0	0	0
MOB_EU_LADON_CLON	25675	1275.63	4.40999985	1873.39001	400	300	10	3	8	8	1	0	100	0	0	1	1	150	0	0	0
MOB_EU_LADON_CLON	25675	1802.66003	-6.78999996	1870.78003	400	300	10	3	8	8	1	0	100	0	0	1	1	150	0	0	0
MOB_EU_LADON_CLON	25675	1891.94995	0	1148.30005	400	300	10	3	8	8	1	0	100	0	0	1	1	150	0	0	0
MOB_EU_LADON_CLON	25676	461.269989	-12.3500004	1582.07996	400	300	10	3	8	8	1	0	100	0	0	1	1	150	0	0	0
MOB_EU_LADON_CLON	25676	489.029999	0	961.869995	400	300	10	3	8	8	1	0	100	0	0	1	1	150	0	0	0
MOB_EU_LADON_CLON	25676	1097.34998	-73.5999985	1283.43005	400	300	10	3	8	8	1	0	100	0	0	1	1	150	0	0	0
MOB_EU_LADON_CLON	25676	1211.01001	-36.1599998	589.219971	400	300	10	3	8	8	1	0	100	0	0	1	1	150	0	0	0
MOB_EU_LADON_CLON	25676	1567.42004	-103.160004	1853.68994	400	300	10	3	8	8	1	0	100	0	0	1	1	150	0	0	0
MOB_EU_LADON_CLON	25676	1686.60999	-89.7099991	1055.02002	400	300	10	3	8	8	1	0	100	0	0	1	1	150	0	0	0
MOB_EU_LADON_CLON	25676	1826.46997	-68.6299973	433.359985	400	300	10	3	8	8	1	0	100	0	0	1	1	150	0	0	0
MOB_EU_LADON_CLON	25930	496.779999	-70.1299973	203.360001	400	300	10	3	8	8	1	0	100	0	0	1	1	150	0	0	0
MOB_EU_LADON_CLON	25930	1042.01001	-70.6600037	96.8799973	400	300	10	3	8	8	1	0	100	0	0	1	1	150	0	0	0
MOB_EU_LADON_CLON	25930	1353.39001	-89.4499969	607	400	300	10	3	8	8	1	0	100	0	0	1	1	150	0	0	0
MOB_EU_LADON_CLON	25930	1432.92004	0	1822.37	400	300	10	3	8	8	1	0	100	0	0	1	1	150	0	0	0
MOB_EU_LADON_CLON	25930	1818.81006	-47.9099998	254.490005	400	300	10	3	8	8	1	0	100	0	0	1	1	150	0	0	0
MOB_EU_LADON_CLON	25931	354.26001	0	1229.30005	400	300	10	3	8	8	1	0	100	0	0	1	1	150	0	0	0
MOB_EU_LADON_CLON	25931	398.690002	-6.17000008	125.519997	400	300	10	3	8	8	1	0	100	0	0	1	1	150	0	0	0
MOB_EU_LADON_CLON	25931	550.799988	0	653.460022	400	300	10	3	8	8	1	0	100	0	0	1	1	150	0	0	0
MOB_EU_LADON_CLON	25931	868.109985	1.30999994	1184.37	400	300	10	3	8	8	1	0	100	0	0	1	1	150	0	0	0
MOB_EU_LADON_CLON	25931	1230.07996	0	615.530029	400	300	10	3	8	8	1	0	100	0	0	1	1	150	0	0	0
MOB_EU_LADON_CLON	25931	1550.76001	0	1463.77002	400	300	10	3	8	8	1	0	100	0	0	1	1	150	0	0	0
MOB_EU_LADON_CLON	25931	1851.13	3.46000004	515.48999	400	300	10	3	8	8	1	0	100	0	0	1	1	150	0	0	0
MOB_EU_LADON_CLON	25932	82.4599991	0	1094.81995	400	300	10	3	8	8	1	0	100	0	0	1	1	150	0	0	0
MOB_EU_LADON_CLON	25932	544.51001	0	632.77002	400	300	10	3	8	8	1	0	100	0	0	1	1	150	0	0	0
MOB_EU_LADON_CLON	25932	703.359985	2.46000004	1195.06006	400	300	10	3	8	8	1	0	100	0	0	1	1	150	0	0	0
MOB_EU_LADON_CLON	25932	1013.95001	-18.5100002	58.4199982	400	300	10	3	8	8	1	0	100	0	0	1	1	150	0	0	0
MOB_EU_LADON_CLON	25932	1189.31006	0	808.630005	400	300	10	3	8	8	1	0	100	0	0	1	1	150	0	0	0
MOB_EU_LADON_CLON	25932	1492.73999	0	1474.10999	400	300	10	3	8	8	1	0	100	0	0	1	1	150	0	0	0
MOB_EU_LADON_CLON	25932	1672.23999	9.61999989	504.769989	400	300	10	3	8	8	1	0	100	0	0	1	1	150	0	0	0
MOB_EU_LADON_CLON	25933	227.529999	-83.6500015	133.309998	400	300	10	3	8	8	1	0	100	0	0	1	1	150	0	0	0
MOB_EU_LADON_CLON	26186	388.140015	0	695.440002	400	300	10	3	8	8	1	0	100	0	0	1	1	150	0	0	0
MOB_EU_LADON_CLON	26186	629.5	-0.0599999987	1519.54004	400	300	10	3	8	8	1	0	100	0	0	1	1	150	0	0	0
MOB_EU_LADON_CLON	26186	808.809998	0	354.079987	400	300	10	3	8	8	1	0	100	0	0	1	1	150	0	0	0
MOB_EU_LADON_CLON	26186	1160.52002	0	719.580017	400	300	10	3	8	8	1	0	100	0	0	1	1	150	0	0	0
MOB_EU_LADON_CLON	26186	1674.29004	0	536.830017	400	300	10	3	8	8	1	0	100	0	0	1	1	150	0	0	0
MOB_EU_LADON_CLON	26186	1881.18005	0	1085.07996	400	300	10	3	8	8	1	0	100	0	0	1	1	150	0	0	0
MOB_EU_LADON_CLON	26187	282.109985	-8.27000046	44.8800011	400	300	10	3	8	8	1	0	100	0	0	1	1	150	0	0	0
MOB_EU_LADON_CLON	26187	416.329987	0	640.27002	400	300	10	3	8	8	1	0	100	0	0	1	1	150	0	0	0
MOB_EU_LADON_CLON	26187	609.400024	0.25	1322.94995	400	300	10	3	8	8	1	0	100	0	0	1	1	150	0	0	0
MOB_EU_LADON_CLON	26187	768.039978	0	116.160004	400	300	10	3	8	8	1	0	100	0	0	1	1	150	0	0	0
MOB_EU_LADON_CLON	26187	1337.60999	18.6000004	152.119995	400	300	10	3	8	8	1	0	100	0	0	1	1	150	0	0	0
MOB_EU_LADON_CLON	26187	1409.38	0	1171.28003	400	300	10	3	8	8	1	0	100	0	0	1	1	150	0	0	0
MOB_EU_LADON_CLON	26188	37	3.3900001	532.969971	400	300	10	3	8	8	1	0	100	0	0	1	1	150	0	0	0
MOB_EU_LADON_CLON	26188	275.519989	1.44000006	1146.98999	400	300	10	3	8	8	1	0	100	0	0	1	1	150	0	0	0
MOB_EU_LADON_CLON	26188	390.519989	-38.4599991	49.6500015	400	300	10	3	8	8	1	0	100	0	0	1	1	150	0	0	0
MOB_EU_LADON_CLON	26188	761.48999	-5.19000006	602.650024	400	300	10	3	8	8	1	0	100	0	0	1	1	150	0	0	0
MOB_EU_LADON_CLON	26188	1005.63	-88.0999985	1457.30005	400	300	10	3	8	8	1	0	100	0	0	1	1	150	0	0	0
MOB_EU_LADON_CLON	26188	1143.01001	-16.8299999	89.3000031	400	300	10	3	8	8	1	0	100	0	0	1	1	150	0	0	0
MOB_EU_LADON_CLON	26188	1351.40002	-61.0299988	826.849976	400	300	10	3	8	8	1	0	100	0	0	1	1	150	0	0	0
MOB_EU_LADON_CLON	26188	1697.97998	-136.979996	1470.18994	400	300	10	3	8	8	1	0	100	0	0	1	1	150	0	0	0
MOB_EU_LADON_CLON	26188	1792.32996	-69.1299973	455.51001	400	300	10	3	8	8	1	0	100	0	0	1	1	150	0	0	0
MOB_EU_LADON_CLON	26442	347.980011	-66.8199997	881.840027	400	300	10	3	8	8	1	0	100	0	0	1	1	150	0	0	0
MOB_EU_LADON_CLON	26442	567.22998	-3.48000002	182.389999	400	300	10	3	8	8	1	0	100	0	0	1	1	150	0	0	0
MOB_EU_LADON_CLON	26442	745.289978	-146.25	1436.84998	400	300	10	3	8	8	1	0	100	0	0	1	1	150	0	0	0
MOB_EU_LADON_CLON	26442	960.25	-44.8400002	809.669983	400	300	10	3	8	8	1	0	100	0	0	1	1	150	0	0	0
MOB_EU_LADON_CLON	26442	1126.03003	-0.0700000003	27.1100006	400	300	10	3	8	8	1	0	100	0	0	1	1	150	0	0	0
MOB_EU_LADON_CLON	26442	1407.83997	-136.570007	1429.41003	400	300	10	3	8	8	1	0	100	0	0	1	1	150	0	0	0
MOB_EU_LADON_CLON	26442	1565.76001	-64.0400009	825.119995	400	300	10	3	8	8	1	0	100	0	0	1	1	150	0	0	0
MOB_EU_LADON_CLON	26442	1715.14001	-11.9399996	128.089996	400	300	10	3	8	8	1	0	100	0	0	1	1	150	0	0	0
MOB_EU_LADON_CLON	26443	48.5999985	-91.4700012	1118.63	400	300	10	3	8	8	1	0	100	0	0	1	1	150	0	0	0
MOB_EU_LADON_CLON	26443	264.609985	-4.03999996	375.51001	400	300	10	3	8	8	1	0	100	0	0	1	1	150	0	0	0
MOB_EU_LADON_CLON	26443	733.5	-95.4800034	1686.84998	400	300	10	3	8	8	1	0	100	0	0	1	1	150	0	0	0
MOB_EU_LADON_CLON	26443	931.380005	-18.6900005	596.359985	400	300	10	3	8	8	1	0	100	0	0	1	1	150	0	0	0
MOB_EU_LADON_CLON	26443	1180.06995	-67.5500031	1149.44995	400	300	10	3	8	8	1	0	100	0	0	1	1	150	0	0	0
MOB_EU_LADON_CLON	26443	1305.93994	0	89.1699982	400	300	10	3	8	8	1	0	100	0	0	1	1	150	0	0	0
MOB_EU_LADON_CLON	26443	1340.03003	-125.669998	1762.58997	400	300	10	3	8	8	1	0	100	0	0	1	1	150	0	0	0
MOB_EU_LADON_CLON	26443	1507.59998	-11.7799997	601.580017	400	300	10	3	8	8	1	0	100	0	0	1	1	150	0	0	0
MOB_EU_LADON_CLON	26443	1714.01001	-69.4800034	1172.68005	400	300	10	3	8	8	1	0	100	0	0	1	1	150	0	0	0
MOB_EU_LADON_CLON	26443	1903.88	-110.610001	1707.5	400	300	10	3	8	8	1	0	100	0	0	1	1	150	0	0	0
MOB_EU_LADON_CLON	26444	34.1899986	0	223.649994	400	300	10	3	8	8	1	0	100	0	0	1	1	150	0	0	0
MOB_EU_LADON_CLON	26444	226.610001	-32.9300003	782.530029	400	300	10	3	8	8	1	0	100	0	0	1	1	150	0	0	0
MOB_EU_LADON_CLON	26444	474.309998	-96.9199982	1290.12	400	300	10	3	8	8	1	0	100	0	0	1	1	150	0	0	0
MOB_EU_LADON_CLON	26444	636.97998	-61.9099998	392.440002	400	300	10	3	8	8	1	0	100	0	0	1	1	150	0	0	0
MOB_EU_LADON_CLON	26444	879.030029	-59.6800003	879.97998	400	300	10	3	8	8	1	0	100	0	0	1	1	150	0	0	0
MOB_EU_LADON_CLON	26444	1495.17004	-182.259995	262.470001	400	300	10	3	8	8	1	0	100	0	0	1	1	150	0	0	0
MOB_EU_LADON_CLON	26698	519.340027	-144.119995	194.940002	400	300	10	3	8	8	1	0	100	0	0	1	1	150	0	0	0
MOB_EU_LADON_CLON	26698	1128.33997	-138.029999	104.349998	400	300	10	3	8	8	1	0	100	0	0	1	1	150	0	0	0
MOB_EU_LADON_CLON	26698	1726.97998	-138.270004	63.6699982	400	300	10	3	8	8	1	0	100	0	0	1	1	150	0	0	0
MOB_EU_LION	24389	595.309998	857.080017	1228.54004	350	300	10	4	6	12	1	1	100	0	0	1	1	150	0	0	0
MOB_EU_LION	24389	653.52002	857.109985	1753.93005	350	300	10	4	6	12	1	1	100	0	0	1	1	150	0	0	0
MOB_EU_LION	24389	663.309998	856.969971	740.159973	350	300	10	4	6	12	1	1	100	0	0	1	1	150	0	0	0
MOB_EU_LION	24389	1136.29004	857.099976	1861.21997	350	300	10	4	6	12	1	1	100	0	0	1	1	150	0	0	0
MOB_EU_LION	24389	1159.51001	856.929993	743.51001	350	300	10	4	6	12	1	1	100	0	0	1	1	150	0	0	0
MOB_EU_LION	24389	1205.47998	856.929993	1288.90002	350	300	10	4	6	12	1	1	100	0	0	1	1	150	0	0	0
MOB_EU_LION	24390	142.610001	1129.81006	701.630005	350	300	10	4	6	12	1	1	100	0	0	1	1	150	0	0	0
MOB_EU_LION	24390	1749.75	1129.79004	659.27002	350	300	10	4	6	12	1	1	100	0	0	1	1	150	0	0	0
MOB_EU_LION	24391	529.429993	849.190002	1396.66003	350	300	10	4	6	12	1	1	100	0	0	1	1	150	0	0	0
MOB_EU_LION	24391	563	849	795.25	350	300	10	4	6	12	1	1	100	0	0	1	1	150	0	0	0
MOB_EU_LION	24391	1003.15997	849	1074.13	350	300	10	4	6	12	1	1	100	0	0	1	1	150	0	0	0
MOB_EU_LION	24391	1022.31	849.059998	1795.30005	350	300	10	4	6	12	1	1	100	0	0	1	1	150	0	0	0
MOB_EU_LION	24645	506.299988	856.539978	1035.69995	350	300	10	4	6	12	1	1	100	0	0	1	1	150	0	0	0
MOB_EU_LION	24645	612.570007	856.549988	472.570007	350	300	10	4	6	12	1	1	100	0	0	1	1	150	0	0	0
MOB_EU_LION	24645	654.73999	857.099976	1503.71997	350	300	10	4	6	12	1	1	100	0	0	1	1	150	0	0	0
MOB_EU_LION	24645	1046.82996	856.690002	1035.10999	350	300	10	4	6	12	1	1	100	0	0	1	1	150	0	0	0
MOB_EU_LION	24645	1105.46997	856.609985	452.450012	350	300	10	4	6	12	1	1	100	0	0	1	1	150	0	0	0
MOB_EU_LION	24645	1154.16003	854.559998	1483.63	350	300	10	4	6	12	1	1	100	0	0	1	1	150	0	0	0
MOB_EU_LION	24645	1422.42004	857.51001	1028.31006	350	300	10	4	6	12	1	1	100	0	0	1	1	150	0	0	0
MOB_EU_LION	24645	1714.10999	857.440002	1520.47998	350	300	10	4	6	12	1	1	100	0	0	1	1	150	0	0	0
MOB_EU_LION	24645	1908.51001	857.030029	1028.37	350	300	10	4	6	12	1	1	100	0	0	1	1	150	0	0	0
MOB_EU_LION	24646	118.120003	1129.81006	201.860001	350	300	10	4	6	12	1	1	100	0	0	1	1	150	0	0	0
MOB_EU_LION	24646	374.109985	854	1801	350	300	10	4	6	12	1	1	100	0	0	1	1	150	0	0	0
MOB_EU_LION	24646	868	854.150024	1419.43994	350	300	10	4	6	12	1	1	100	0	0	1	1	150	0	0	0
MOB_EU_LION	24646	908.679993	854	1790.84998	350	300	10	4	6	12	1	1	100	0	0	1	1	150	0	0	0
MOB_EU_LION	24646	1450.04004	854	1834.71997	350	300	10	4	6	12	1	1	100	0	0	1	1	150	0	0	0
MOB_EU_LION	24646	1749.19995	1129.80005	231.759995	350	300	10	4	6	12	1	1	100	0	0	1	1	150	0	0	0
MOB_EU_LION	24646	1898.55005	851.450012	1132.79004	350	300	10	4	6	12	1	1	100	0	0	1	1	150	0	0	0
MOB_EU_LION	24647	39.3899994	854.140015	1595.39001	350	300	10	4	6	12	1	1	100	0	0	1	1	150	0	0	0
MOB_EU_LION	24647	512.650024	849.97998	807.599976	350	300	10	4	6	12	1	1	100	0	0	1	1	150	0	0	0
MOB_EU_LION	24647	527.73999	850.429993	203.009995	350	300	10	4	6	12	1	1	100	0	0	1	1	150	0	0	0
MOB_EU_LION	24647	613.219971	853.590027	1350.87	350	300	10	4	6	12	1	1	100	0	0	1	1	150	0	0	0
MOB_EU_LION	24647	937.48999	850.869995	498.5	350	300	10	4	6	12	1	1	100	0	0	1	1	150	0	0	0
MOB_EU_LION	24647	989.039978	853.919983	1750.15002	350	300	10	4	6	12	1	1	100	0	0	1	1	150	0	0	0
MOB_EU_LION	24647	1100.53003	850.049988	1123.55005	350	300	10	4	6	12	1	1	100	0	0	1	1	150	0	0	0
MOB_EU_LION	24900	1113.67004	465.279999	1840.63	400	250	10	6	7	10	1	1	100	0	0	1	1	150	0	0	0
MOB_EU_LION	24900	1559.40002	471.970001	1492.94995	400	250	10	6	7	10	1	1	100	0	0	1	1	150	0	0	0
MOB_EU_LION	24900	1625.66003	471.880005	986.190002	400	250	10	6	7	10	1	1	100	0	0	1	1	150	0	0	0
MOB_EU_LION	24901	125.760002	463.410004	1871.30005	400	250	10	6	7	10	1	1	100	0	0	1	1	150	0	0	0
MOB_EU_LION	24901	162.800003	469.380005	1193.81006	400	250	10	6	7	10	1	1	100	0	0	1	1	150	0	0	0
MOB_EU_LION	24901	575.909973	470.790009	1533.55005	400	250	10	6	7	10	1	1	100	0	0	1	1	150	0	0	0
MOB_EU_LION	24901	795.72998	853.940002	161.509995	350	300	10	4	6	12	1	1	100	0	0	1	1	150	0	0	0
MOB_EU_LION	24901	993.030029	473.209991	1804.89001	400	250	10	6	7	10	1	1	100	0	0	1	1	150	0	0	0
MOB_EU_LION	24901	996.690002	474.380005	1252.19995	400	250	10	6	7	10	1	1	100	0	0	1	1	150	0	0	0
MOB_EU_LION	24901	1315.81995	853.859985	158.160004	350	300	10	4	6	12	1	1	100	0	0	1	1	150	0	0	0
MOB_EU_LION	24901	1818.71997	854	171.979996	350	300	10	4	6	12	1	1	100	0	0	1	1	150	0	0	0
MOB_EU_LION	24901	1831.06995	854	719.5	350	300	10	4	6	12	1	1	100	0	0	1	1	150	0	0	0
MOB_EU_LION	24901	1861.26001	854	1185.63	350	300	10	4	6	12	1	1	100	0	0	1	1	150	0	0	0
MOB_EU_LION	24902	849.369995	854	410.73999	350	300	10	4	6	12	1	1	100	0	0	1	1	150	0	0	0
MOB_EU_LION	24902	1871.01001	854	765.820007	350	300	10	4	6	12	1	1	100	0	0	1	1	150	0	0	0
MOB_EU_LION	24902	1903.01001	854	1242.02002	350	300	10	4	6	12	1	1	100	0	0	1	1	150	0	0	0
MOB_EU_LION	24903	16.4099998	854.039978	247.710007	350	300	10	4	6	12	1	1	100	0	0	1	1	150	0	0	0
MOB_EU_LION	24903	678.27002	471.450012	1182.05005	400	250	10	6	7	10	1	1	100	0	0	1	1	150	0	0	0
MOB_EU_LION	24903	714.330017	854	321.420013	350	300	10	4	6	12	1	1	100	0	0	1	1	150	0	0	0
MOB_EU_LION	24903	1053.87	471.549988	1661.96997	400	250	10	6	7	10	1	1	100	0	0	1	1	150	0	0	0
MOB_EU_LION	24903	1333.14001	471.450012	1278.87	400	250	10	6	7	10	1	1	100	0	0	1	1	150	0	0	0
MOB_EU_LION	24903	1846.41003	171.149994	1770.82996	400	250	10	6	7	10	1	1	100	0	0	1	1	150	0	0	0
MOB_EU_LION	24904	869.559998	60.9799995	1907.89001	400	250	10	6	7	10	1	1	100	0	0	1	1	150	0	0	0
MOB_EU_LION	24904	891.059998	43.9700012	1362.51001	400	250	10	6	7	10	1	1	100	0	0	1	1	150	0	0	0
MOB_EU_LION	25156	1611.26001	462.529999	390.970001	400	250	10	6	7	10	1	1	100	0	0	1	1	150	0	0	0
MOB_EU_LION	25157	576.460022	464.890015	388.149994	400	250	10	6	7	10	1	1	100	0	0	1	1	150	0	0	0
MOB_EU_LION	25157	940.349976	223.820007	1202.06995	400	250	10	6	7	4	1	1	100	0	0	1	1	150	0	0	0
MOB_EU_LION	25157	1107.75	466.799988	341.859985	400	250	10	6	7	10	1	1	100	0	0	1	1	150	0	0	0
MOB_EU_LION	25157	1259.04004	224.779999	1482.33997	400	250	10	6	7	4	1	1	100	0	0	1	1	150	0	0	0
MOB_EU_LION	25157	1506.68994	274.630005	793.580017	400	250	10	6	7	4	1	1	100	0	0	1	1	150	0	0	0
MOB_EU_LION	25157	1531.57996	474.959991	52.2799988	400	250	10	6	7	10	1	1	100	0	0	1	1	150	0	0	0
MOB_EU_LION	25157	1728.17004	219.369995	1488.52002	400	250	10	6	7	4	1	1	100	0	0	1	1	150	0	0	0
MOB_EU_LION	25157	1891.94995	275.369995	1038.96997	400	250	10	6	7	4	1	1	100	0	0	1	1	150	0	0	0
MOB_EU_LION	25158	312.320007	291.609985	770.97998	400	250	10	6	7	4	1	1	100	0	0	1	1	150	0	0	0
MOB_EU_LION	25158	340.320007	474.630005	160.279999	400	250	10	6	7	10	1	1	100	0	0	1	1	150	0	0	0
MOB_EU_LION	25158	1495.38	467.630005	560.659973	400	250	10	6	7	10	1	1	100	0	0	1	1	150	0	0	0
MOB_EU_LION	25159	21.4200001	466.51001	206.259995	400	250	10	6	7	10	1	1	100	0	0	1	1	150	0	0	0
MOB_EU_LION	25159	152.009995	287.649994	1038.43994	400	250	10	6	7	10	1	1	100	0	0	1	1	150	0	0	0
MOB_EU_LION	25159	628.049988	469.769989	135.619995	400	250	10	6	7	10	1	1	100	0	0	1	1	150	0	0	0
MOB_EU_LION	25159	878.330017	320.929993	874.929993	400	250	10	6	7	10	1	1	100	0	0	1	1	150	0	0	0
MOB_EU_LION	25159	1279.83997	267.200012	1587.06995	400	250	10	6	7	10	1	1	100	0	0	1	1	150	0	0	0
MOB_EU_LION	25159	1308.76001	297.410004	432.429993	400	250	10	6	7	10	1	1	100	0	0	1	1	150	0	0	0
MOB_EU_LION	25160	44.5999985	258.589996	1747.79004	400	250	10	6	7	10	1	1	100	0	0	1	1	150	0	0	0
MOB_EU_LION	25160	108.75	259.429993	1150.80005	400	250	10	6	7	10	1	1	100	0	0	1	1	150	0	0	0
MOB_EU_LION	25160	443.890015	164.229996	509.459991	400	250	10	6	7	10	1	1	100	0	0	1	1	150	0	0	0
MOB_EU_LION	25160	751	166.740005	832.900024	400	250	10	6	7	10	1	1	100	0	0	1	1	150	0	0	0
MOB_EU_LION	25160	828.710022	151.330002	1917.16003	400	250	10	6	7	10	1	1	100	0	0	1	1	150	0	0	0
MOB_EU_LION	25160	1281.68994	112.980003	1017.5	400	250	10	6	7	10	1	1	100	0	0	1	1	150	0	0	0
MOB_EU_LION	25160	1337.05005	11.8599997	1619.66003	400	250	10	6	7	10	1	1	100	0	0	1	1	150	0	0	0
MOB_EU_LION	25160	1395.75	33.8499985	215.279999	400	250	10	6	7	10	1	1	100	0	0	1	1	150	0	0	0
MOB_EU_LION	25160	1568.08997	4.57000017	681.280029	400	250	10	6	7	10	1	1	100	0	0	1	1	150	0	0	0
MOB_EU_LION	25161	222.240005	0	1784.45996	400	250	10	6	7	4	1	1	100	0	0	1	1	150	0	0	0
MOB_EU_LION	25161	321.619995	0	355.829987	400	250	10	6	7	4	1	1	100	0	0	1	1	150	0	0	0
MOB_EU_LION	25161	350.609985	0	1059.79004	400	250	10	6	7	4	1	1	100	0	0	1	1	150	0	0	0
MOB_EU_LION	25161	805.700012	-2.1099999	1536.18005	400	250	10	6	7	4	1	1	100	0	0	1	1	150	0	0	0
MOB_EU_LION	25161	957.5	-11.3599997	700.669983	400	250	10	6	7	4	1	1	100	0	0	1	1	150	0	0	0
MOB_EU_LION	25416	245.710007	153.729996	925.880005	400	250	10	6	7	10	1	1	100	0	0	1	1	150	0	0	0
MOB_EU_LION	25416	356.51001	146.369995	313.440002	400	250	10	6	7	10	1	1	100	0	0	1	1	150	0	0	0
MOB_EU_LION	25416	1228.17004	-3.17000008	266.279999	400	250	10	6	7	10	1	1	100	0	0	1	1	150	0	0	0
MOB_EU_LION	25417	127	0	481.459991	400	250	10	6	7	4	1	1	100	0	0	1	1	150	0	0	0
MOB_EU_LION	25417	636.330017	0	986.650024	400	250	10	6	7	4	1	1	100	0	0	1	1	150	0	0	0
MOB_EU_LION	25417	777.119995	0	365.51001	400	250	10	6	7	4	1	1	100	0	0	1	1	150	0	0	0
MOB_EU_LION	25417	1083.55005	0	1665.77002	400	250	10	6	7	4	1	1	100	0	0	1	1	150	0	0	0
MOB_EU_LION	25417	1253.32996	0	1011.5	400	250	10	6	7	4	1	1	100	0	0	1	1	150	0	0	0
MOB_EU_LION	25417	1383.34998	-12.1400003	226.229996	400	250	10	6	7	4	1	1	100	0	0	1	1	150	0	0	0
MOB_EU_LION	25673	499.679993	0	101.889999	400	250	10	6	7	4	1	1	100	0	0	1	1	150	0	0	0
MOB_EU_LION	25673	1050.43005	0	437.299988	400	250	10	6	7	4	1	1	100	0	0	1	1	150	0	0	0
MOB_EU_LION	25673	1629.90002	-41.2299995	161.509995	400	250	10	6	7	4	1	1	100	0	0	1	1	150	0	0	0
MOB_EU_LION	25673	1741.93994	-0.109999999	731.309998	400	250	10	6	7	4	1	1	100	0	0	1	1	150	0	0	0
MOB_EU_LION_CLON	25157	346.570007	88.5100021	1883.22998	400	250	10	4	6	10	1	0	100	0	0	1	1	150	0	0	0
MOB_EU_LION_CLON	25157	759.640015	88.1800003	1906.39001	400	250	10	4	6	10	1	0	100	0	0	1	1	150	0	0	0
MOB_EU_LION_CLON	25157	969.97998	223.830002	1165.14001	400	250	10	6	7	8	1	0	100	0	0	1	1	150	0	0	0
MOB_EU_LION_CLON	25157	1265.98999	224.339996	1437.05005	400	250	10	6	7	8	1	0	100	0	0	1	1	150	0	0	0
MOB_EU_LION_CLON	25157	1506.42004	275.420013	768.23999	400	250	10	6	7	8	1	0	100	0	0	1	1	150	0	0	0
MOB_EU_LION_CLON	25157	1693.02002	222.279999	1489.05005	400	250	10	6	7	8	1	0	100	0	0	1	1	150	0	0	0
MOB_EU_LION_CLON	25157	1871.72998	275.230011	1007.82001	400	250	10	6	7	8	1	0	100	0	0	1	1	150	0	0	0
MOB_EU_LION_CLON	25158	272.480011	291.839996	776.919983	400	250	10	6	7	8	1	0	100	0	0	1	1	150	0	0	0
MOB_EU_LION_CLON	25158	443.339996	153.639999	1795.05005	400	250	10	4	6	10	1	0	100	0	0	1	1	150	0	0	0
MOB_EU_LION_CLON	25158	610.880005	260.170013	1296.64001	400	250	10	4	6	10	1	0	100	0	0	1	1	150	0	0	0
MOB_EU_LION_CLON	25158	1148.53003	222.279999	1360.31995	400	250	10	4	6	10	1	0	100	0	0	1	1	150	0	0	0
MOB_EU_LION_CLON	25158	1824.07996	181.059998	1818.55005	400	250	10	4	6	10	1	0	100	0	0	1	1	150	0	0	0
MOB_EU_LION_CLON	25159	621.450012	170.820007	1902.26001	400	250	10	4	6	10	1	0	100	0	0	1	1	150	0	0	0
MOB_EU_LION_CLON	25160	897.27002	165.149994	1355.06006	400	250	10	6	7	10	1	0	100	0	0	1	1	150	0	0	0
MOB_EU_LION_CLON	25160	1043.93994	56.0999985	367.690002	400	250	10	6	7	10	1	0	100	0	0	1	1	150	0	0	0
MOB_EU_LION_CLON	25161	152.960007	0	1747.93005	400	250	10	6	7	8	1	0	100	0	0	1	1	150	0	0	0
MOB_EU_LION_CLON	25161	281.850006	0	323.549988	400	250	10	6	7	8	1	0	100	0	0	1	1	150	0	0	0
MOB_EU_LION_CLON	25161	304.980011	0	1080.35999	400	250	10	6	7	8	1	0	100	0	0	1	1	150	0	0	0
MOB_EU_LION_CLON	25161	853.059998	-3.1400001	1526.64001	400	250	10	6	7	8	1	0	100	0	0	1	1	150	0	0	0
MOB_EU_LION_CLON	25161	980.72998	-12.1400003	737.049988	400	250	10	6	7	8	1	0	100	0	0	1	1	150	0	0	0
MOB_EU_LION_CLON	25413	211.889999	99.0999985	1781.59998	400	250	10	4	6	10	1	0	100	0	0	1	1	150	0	0	0
MOB_EU_LION_CLON	25413	351.359985	100.970001	1366.88	400	250	10	4	6	10	1	0	100	0	0	1	1	150	0	0	0
MOB_EU_LION_CLON	25413	365.299988	101.529999	853.460022	400	250	10	4	6	10	1	0	100	0	0	1	1	150	0	0	0
MOB_EU_LION_CLON	25413	834.419983	95.9700012	1241.16003	400	250	10	4	6	10	1	0	100	0	0	1	1	150	0	0	0
MOB_EU_LION_CLON	25413	856.559998	98.5599976	741.340027	400	250	10	4	6	10	1	0	100	0	0	1	1	150	0	0	0
MOB_EU_LION_CLON	25413	1123.68005	-13.1599998	1863.07996	400	200	10	4	6	8	1	0	100	0	0	1	1	150	0	0	0
MOB_EU_LION_CLON	25413	1217.03003	95.4700012	215.570007	400	250	10	4	6	10	1	0	100	0	0	1	1	150	0	0	0
MOB_EU_LION_CLON	25413	1831.80005	0	1160.58997	400	200	10	4	6	8	1	0	100	0	0	1	1	150	0	0	0
MOB_EU_LION_CLON	25414	324.809998	0	1471.17004	400	200	10	4	6	8	1	0	100	0	0	1	1	150	0	0	0
MOB_EU_LION_CLON	25414	688.710022	2.66000009	727.650024	400	200	10	4	6	10	1	0	100	0	0	1	1	150	0	0	0
MOB_EU_LION_CLON	25414	1009.39001	178.520004	57.1899986	400	250	10	4	6	10	1	0	100	0	0	1	1	150	0	0	0
MOB_EU_LION_CLON	25414	1303.54004	0.109999999	1245.95996	400	200	10	4	6	8	1	0	100	0	0	1	1	150	0	0	0
MOB_EU_LION_CLON	25414	1715.15002	-5.8499999	1818.97998	400	200	10	4	6	8	1	0	100	0	0	1	1	150	0	0	0
MOB_EU_LION_CLON	25414	1742.91003	177.130005	491.720001	400	250	10	4	6	10	1	0	100	0	0	1	1	150	0	0	0
MOB_EU_LION_CLON	25415	89.9100037	0.800000012	1414.97998	400	200	10	4	6	8	1	0	100	0	0	1	1	150	0	0	0
MOB_EU_LION_CLON	25415	367.089996	174.070007	683.940002	400	250	10	4	6	10	1	0	100	0	0	1	1	150	0	0	0
MOB_EU_LION_CLON	25415	849.820007	0	1649.58997	400	200	10	4	6	8	1	0	100	0	0	1	1	150	0	0	0
MOB_EU_LION_CLON	25415	860.609985	161.190002	747.369995	400	250	10	4	6	10	1	0	100	0	0	1	1	150	0	0	0
MOB_EU_LION_CLON	25415	1029.02002	172.279999	390.51001	400	250	10	4	6	10	1	0	100	0	0	1	1	150	0	0	0
MOB_EU_LION_CLON	25415	1342.82996	12.3999996	1195.94995	400	200	10	4	6	8	1	0	100	0	0	1	1	150	0	0	0
MOB_EU_LION_CLON	25415	1588.47998	166.309998	554.299988	400	250	10	4	6	10	1	0	100	0	0	1	1	150	0	0	0
MOB_EU_LION_CLON	25415	1749.04004	7.86000013	1794.45996	400	200	10	4	6	8	1	0	100	0	0	1	1	150	0	0	0
MOB_EU_LION_CLON	25416	327.450012	0	1662.81006	400	200	10	4	6	8	1	0	100	0	0	1	1	150	0	0	0
MOB_EU_LION_CLON	25416	742.059998	90.2399979	582.76001	400	250	10	6	7	10	1	0	100	0	0	1	1	150	0	0	0
MOB_EU_LION_CLON	25416	816.450012	0	1335.70996	400	200	10	4	6	8	1	0	100	0	0	1	1	150	0	0	0
MOB_EU_LION_CLON	25416	1249.29004	0	1464.56995	400	200	10	4	6	8	1	0	100	0	0	1	1	150	0	0	0
MOB_EU_LION_CLON	25416	1338.47998	0.119999997	985.460022	400	200	10	4	6	8	1	0	100	0	0	1	1	150	0	0	0
MOB_EU_LION_CLON	25416	1804.37	0	1335.70996	400	200	10	4	6	8	1	0	100	0	0	1	1	150	0	0	0
MOB_EU_LION_CLON	25417	119.910004	0	512.039978	400	250	10	6	7	8	1	0	100	0	0	1	1	150	0	0	0
MOB_EU_LION_CLON	25417	605.719971	0	1020.97998	400	250	10	6	7	8	1	0	100	0	0	1	1	150	0	0	0
MOB_EU_LION_CLON	25417	784.179993	0	402.980011	400	250	10	6	7	8	1	0	100	0	0	1	1	150	0	0	0
MOB_EU_LION_CLON	25417	1094.75	0	1629.53003	400	250	10	6	7	8	1	0	100	0	0	1	1	150	0	0	0
MOB_EU_LION_CLON	25417	1266.07996	0	980.51001	400	250	10	6	7	8	1	0	100	0	0	1	1	150	0	0	0
MOB_EU_LION_CLON	25417	1427.84998	-14.6000004	225.559998	400	250	10	6	7	8	1	0	100	0	0	1	1	150	0	0	0
MOB_EU_LION_CLON	25668	1796.41003	79.8000031	255.699997	400	250	10	4	6	10	1	0	100	0	0	1	1	150	0	0	0
MOB_EU_LION_CLON	25669	292.720001	-28.25	954.630005	400	300	10	4	6	10	1	0	100	0	0	1	1	150	0	0	0
MOB_EU_LION_CLON	25669	784.780029	-13.3500004	345.869995	400	200	10	4	6	8	1	0	100	0	0	1	1	150	0	0	0
MOB_EU_LION_CLON	25669	1025.96997	34.9300003	1227.60999	400	250	10	4	6	10	1	0	100	0	0	1	1	150	0	0	0
MOB_EU_LION_CLON	25669	1164.92004	-13.3199997	571.580017	400	200	10	4	6	8	1	0	100	0	0	1	1	150	0	0	0
MOB_EU_LION_CLON	25669	1404.04004	-13.3199997	185.429993	400	200	10	4	6	8	1	0	100	0	0	1	1	150	0	0	0
MOB_EU_LION_CLON	25669	1474.56995	-7.65999985	1171.47998	400	200	10	4	6	6	1	0	100	0	0	1	1	150	0	0	0
MOB_EU_LION_CLON	25670	94.3700027	-2.49000001	757.080017	400	200	10	4	6	8	1	0	100	0	0	1	1	150	0	0	0
MOB_EU_LION_CLON	25670	278.269989	0	290.720001	400	200	10	4	6	8	1	0	100	0	0	1	1	150	0	0	0
MOB_EU_LION_CLON	25670	992.599976	-0.0299999993	17.3299999	400	200	10	4	6	8	1	0	100	0	0	1	1	150	0	0	0
MOB_EU_LION_CLON	25670	1094.66003	0	605.169983	400	200	10	4	6	8	1	0	100	0	0	1	1	150	0	0	0
MOB_EU_LION_CLON	25670	1891.38	4.96999979	898.52002	400	200	10	4	6	8	1	0	100	0	0	1	1	150	0	0	0
MOB_EU_LION_CLON	25671	347.609985	0	139.300003	400	200	10	4	6	8	1	0	100	0	0	1	1	150	0	0	0
MOB_EU_LION_CLON	25671	402.540009	34.0900002	1129.83997	400	200	10	4	6	8	1	0	100	0	0	1	1	150	0	0	0
MOB_EU_LION_CLON	25671	674.710022	0	664.650024	400	200	10	4	6	8	1	0	100	0	0	1	1	150	0	0	0
MOB_EU_LION_CLON	25671	1246.31006	0	1011.58002	400	200	10	4	6	8	1	0	100	0	0	1	1	150	0	0	0
MOB_EU_LION_CLON	25671	1262.93994	-1.94000006	350.980011	400	200	10	4	6	8	1	0	100	0	0	1	1	150	0	0	0
MOB_EU_LION_CLON	25671	1840.59998	-3.82999992	473.799988	400	200	10	4	6	8	1	0	100	0	0	1	1	150	0	0	0
MOB_EU_LION_CLON	25672	383.619995	0	254.940002	400	200	10	4	6	8	1	0	100	0	0	1	1	150	0	0	0
MOB_EU_LION_CLON	25672	423.269989	0	892.630005	400	200	10	4	6	8	1	0	100	0	0	1	1	150	0	0	0
MOB_EU_LION_CLON	25672	991.570007	0	245.029999	400	200	10	4	6	8	1	0	100	0	0	1	1	150	0	0	0
MOB_EU_LION_CLON	25672	1008.12	0.689999998	852.849976	400	200	10	4	6	8	1	0	100	0	0	1	1	150	0	0	0
MOB_EU_LION_CLON	25672	1519.42004	-20.8999996	236.830002	400	200	10	4	6	8	1	0	100	0	0	1	1	150	0	0	0
MOB_EU_LION_CLON	25673	468.049988	0	77.9400024	400	250	10	6	7	8	1	0	100	0	0	1	1	150	0	0	0
MOB_EU_LION_CLON	25673	1074.72998	0	474.390015	400	250	10	6	7	8	1	0	100	0	0	1	1	150	0	0	0
MOB_EU_LION_CLON	25673	1665	-50.3899994	129.490005	400	250	10	6	7	8	1	0	100	0	0	1	1	150	0	0	0
MOB_EU_LION_CLON	25673	1725.45996	-0.0199999996	756.710022	400	250	10	6	7	8	1	0	100	0	0	1	1	150	0	0	0
MOB_EU_MOVOI	26956	263.200012	38.8300018	1781.97998	400	350	10	2	4	12	1	0	100	0	0	1	1	150	0	0	0
MOB_EU_MOVOI	27211	1715.55005	-3.25999999	661.119995	400	350	10	2	4	12	1	0	100	0	0	1	1	150	0	0	0
MOB_EU_MOVOI	27212	6.38999987	-20.5799999	1669.93994	400	350	10	2	4	12	1	0	100	0	0	1	1	150	0	0	0
MOB_EU_MOVOI	27212	539.909973	0	804.669983	400	350	10	2	4	12	1	0	100	0	0	1	1	150	0	0	0
MOB_EU_MOVOI	27212	1323.02002	12.7600002	1700.94995	400	350	10	2	4	12	1	0	100	0	0	1	1	150	0	0	0
MOB_EU_MOVOI	27468	360.459991	0	581.330017	400	350	10	2	4	12	1	0	100	0	0	1	1	150	0	0	0
MOB_EU_MOVOI	27468	377.130005	3.6099999	1729.28003	400	350	10	2	4	12	1	0	100	0	0	1	1	150	0	0	0
MOB_EU_MOVOI	27468	1424.13	0.0299999993	1135.98999	400	350	10	2	4	12	1	0	100	0	0	1	1	150	0	0	0
MOB_EU_MOVOI	27724	807.099976	31.6900005	696.460022	400	350	10	2	4	12	1	0	100	0	0	1	1	150	0	0	0
MOB_EU_MOVOI	27724	1244.03003	22.4799995	1596.33997	400	350	10	2	4	12	1	0	100	0	0	1	1	150	0	0	0
MOB_EU_MOVOI	27724	1748.47998	7.98000002	674.130005	400	350	10	2	4	12	1	0	100	0	0	1	1	150	0	0	0
MOB_EU_MOVOI	27725	224.020004	10.5299997	416.109985	400	350	10	2	4	12	1	0	100	0	0	1	1	150	0	0	0
MOB_EU_MOVOI	27725	355.720001	0	1411.85999	400	350	10	2	4	12	1	0	100	0	0	1	1	150	0	0	0
MOB_EU_MOVOI	27725	1269.30005	0	873.5	400	350	10	2	4	12	1	0	100	0	0	1	1	150	0	0	0
MOB_EU_MOVOI	27726	162.460007	0	894.960022	400	350	10	2	4	12	1	0	100	0	0	1	1	150	0	0	0
MOB_EU_MOVOI	27726	911.630005	40.5699997	1553.34998	400	350	10	2	4	12	1	0	100	0	0	1	1	150	0	0	0
MOB_EU_MOVOI	27726	989.76001	0.870000005	407.23999	400	350	10	2	4	12	1	0	100	0	0	1	1	150	0	0	0
MOB_EU_MOVOI	27980	1432.15002	75.5400009	627.609985	400	350	10	2	4	12	1	0	100	0	0	1	1	150	0	0	0
MOB_EU_MOVOI	27981	560.719971	0	398.619995	400	350	10	2	4	12	1	0	100	0	0	1	1	150	0	0	0
MOB_EU_MOVOI	27981	1186.38	0	83.1299973	400	350	10	2	4	12	1	0	100	0	0	1	1	150	0	0	0
MOB_EU_MOVOI	27982	102.010002	4.05999994	226.289993	400	350	10	2	4	12	1	0	100	0	0	1	1	150	0	0	0
MOB_EU_MOVOI	27982	1496.93994	102.760002	269.609985	400	350	10	2	4	12	1	0	100	0	0	1	1	150	0	0	0
MOB_EU_MOVOI	27983	1029.66003	82.5599976	635.059998	400	350	10	2	4	12	1	0	100	0	0	1	1	150	0	0	0
MOB_EU_MOVOI	27984	30.4599991	178.839996	232.050003	400	350	10	2	4	12	1	0	100	0	0	1	1	150	0	0	0
MOB_EU_MOVOI	27984	929.309998	441.209991	216.720001	400	350	10	2	4	12	1	0	100	0	0	1	1	150	0	0	0
MOB_EU_MOVOI_CLON	26955	1822.29004	32.8800011	1517.81006	400	350	10	2	4	12	1	0	100	0	0	1	1	150	0	0	0
MOB_EU_MOVOI_CLON	26956	323.450012	-39.6199989	1079.64001	400	350	10	2	4	12	1	0	100	0	0	1	1	150	0	0	0
MOB_EU_MOVOI_CLON	26956	857.159973	-84.7099991	466.160004	400	350	10	2	4	12	1	0	100	0	0	1	1	150	0	0	0
MOB_EU_MOVOI_CLON	26956	1009.70001	-0.649999976	1465.30005	400	350	10	2	4	12	1	0	100	0	0	1	1	150	0	0	0
MOB_EU_MOVOI_CLON	26956	1365.45996	-0.469999999	65.4899979	400	350	10	2	4	12	1	0	100	0	0	1	1	150	0	0	0
MOB_EU_MOVOI_CLON	26956	1420.87	1.28999996	946.47998	400	350	10	2	4	12	1	0	100	0	0	1	1	150	0	0	0
MOB_EU_MOVOI_CLON	26956	1466.55005	0	1908.96997	400	350	10	2	4	12	1	0	100	0	0	1	1	150	0	0	0
MOB_EU_MOVOI_CLON	27211	1430.94995	37.6300011	57.9500008	400	350	10	2	4	12	1	0	100	0	0	1	1	150	0	0	0
MOB_EU_MOVOI_CLON	27211	1561.89001	-40.3699989	1136.60999	400	350	10	2	4	12	1	0	100	0	0	1	1	150	0	0	0
MOB_EU_MOVOI_CLON	27212	128.429993	-9.14000034	1066.80005	400	350	10	2	4	12	1	0	100	0	0	1	1	150	0	0	0
MOB_EU_MOVOI_CLON	27212	256.309998	3.94000006	399.76001	400	350	10	2	4	12	1	0	100	0	0	1	1	150	0	0	0
MOB_EU_MOVOI_CLON	27212	435.380005	-2.79999995	1486.93994	400	350	10	2	4	12	1	0	100	0	0	1	1	150	0	0	0
MOB_EU_MOVOI_CLON	27212	670.429993	0	351.140015	400	350	10	2	4	12	1	0	100	0	0	1	1	150	0	0	0
MOB_EU_MOVOI_CLON	27212	828.330017	8.75	1873.75	400	350	10	2	4	12	1	0	100	0	0	1	1	150	0	0	0
MOB_EU_MOVOI_CLON	27212	934.950012	3.33999991	1339.22998	400	350	10	2	4	12	1	0	100	0	0	1	1	150	0	0	0
MOB_EU_MOVOI_CLON	27212	1175.07996	25.9699993	753.659973	400	350	10	2	4	12	1	0	100	0	0	1	1	150	0	0	0
MOB_EU_MOVOI_CLON	27212	1476.06006	9.15999985	1259.63	400	350	10	2	4	12	1	0	100	0	0	1	1	150	0	0	0
MOB_EU_MOVOI_CLON	27467	1637.68994	0	946.76001	400	350	10	2	4	12	1	0	100	0	0	1	1	150	0	0	0
MOB_EU_MOVOI_CLON	27467	1768.19995	0	1498.17004	400	350	10	2	4	12	1	0	100	0	0	1	1	150	0	0	0
MOB_EU_MOVOI_CLON	27467	1878.76001	-3.92000008	265.549988	400	350	10	2	4	12	1	0	100	0	0	1	1	150	0	0	0
MOB_EU_MOVOI_CLON	27468	262.579987	0	1201.26001	400	350	10	2	4	12	1	0	100	0	0	1	1	150	0	0	0
MOB_EU_MOVOI_CLON	27468	383.359985	-2.0999999	92.1800003	400	350	10	2	4	12	1	0	100	0	0	1	1	150	0	0	0
MOB_EU_MOVOI_CLON	27468	787.890015	0	1511.21997	400	350	10	2	4	12	1	0	100	0	0	1	1	150	0	0	0
MOB_EU_MOVOI_CLON	27468	840.090027	0	1002.22998	400	350	10	2	4	12	1	0	100	0	0	1	1	150	0	0	0
MOB_EU_MOVOI_CLON	27468	1218.57996	0.0500000007	587.849976	400	350	10	2	4	12	1	0	100	0	0	1	1	150	0	0	0
MOB_EU_MOVOI_CLON	27468	1303.47998	0.550000012	1742.80005	400	350	10	2	4	12	1	0	100	0	0	1	1	150	0	0	0
MOB_EU_MOVOI_CLON	27724	455.839996	33.1800003	316.859985	400	350	10	2	4	12	1	0	100	0	0	1	1	150	0	0	0
MOB_EU_MOVOI_CLON	27724	742.840027	4	1764.02002	400	350	10	2	4	12	1	0	100	0	0	1	1	150	0	0	0
MOB_EU_MOVOI_CLON	27724	887.340027	9.77000046	165.740005	400	350	10	2	4	12	1	0	100	0	0	1	1	150	0	0	0
MOB_EU_MOVOI_CLON	27724	895.049988	12.5799999	1198.58997	400	350	10	2	4	12	1	0	100	0	0	1	1	150	0	0	0
MOB_EU_MOVOI_CLON	27724	1200.23999	7.84000015	494.540009	400	350	10	2	4	12	1	0	100	0	0	1	1	150	0	0	0
MOB_EU_MOVOI_CLON	27724	1319.83997	0.409999996	987.640015	400	350	10	2	4	12	1	0	100	0	0	1	1	150	0	0	0
MOB_EU_MOVOI_CLON	27724	1525.41003	2.13000011	207.940002	400	350	10	2	4	12	1	0	100	0	0	1	1	150	0	0	0
MOB_EU_MOVOI_CLON	27724	1829.41003	5.09000015	1675.81995	400	350	10	2	4	12	1	0	100	0	0	1	1	150	0	0	0
MOB_EU_MOVOI_CLON	27724	1833.41003	8.64000034	1169.68994	400	350	10	2	4	12	1	0	100	0	0	1	1	150	0	0	0
MOB_EU_MOVOI_CLON	27725	336.200012	0.370000005	1884.94995	400	350	10	2	4	12	1	0	100	0	0	1	1	150	0	0	0
MOB_EU_MOVOI_CLON	27725	355.720001	0	925.710022	400	350	10	2	4	12	1	0	100	0	0	1	1	150	0	0	0
MOB_EU_MOVOI_CLON	27725	788.390015	14.1899996	587.98999	400	350	10	2	4	12	1	0	100	0	0	1	1	150	0	0	0
MOB_EU_MOVOI_CLON	27725	799.460022	0	1708.78003	400	350	10	2	4	12	1	0	100	0	0	1	1	150	0	0	0
MOB_EU_MOVOI_CLON	27725	803.109985	2.88000011	1166.98999	400	350	10	2	4	12	1	0	100	0	0	1	1	150	0	0	0
MOB_EU_MOVOI_CLON	27725	1253.03003	0.439999998	1431.43994	400	350	10	2	4	12	1	0	100	0	0	1	1	150	0	0	0
MOB_EU_MOVOI_CLON	27725	1256.40002	0.860000014	315.690002	400	350	10	2	4	12	1	0	100	0	0	1	1	150	0	0	0
MOB_EU_MOVOI_CLON	27725	1655.63	0	1767.18005	400	350	10	2	4	12	1	0	100	0	0	1	1	150	0	0	0
MOB_EU_MOVOI_CLON	27725	1698.05005	0	1157.42004	400	350	10	2	4	12	1	0	100	0	0	1	1	150	0	0	0
MOB_EU_MOVOI_CLON	27725	1721.91003	0	534.409973	400	350	10	2	4	12	1	0	100	0	0	1	1	150	0	0	0
MOB_EU_MOVOI_CLON	27726	183.669998	0	1597.51001	400	350	10	2	4	12	1	0	100	0	0	1	1	150	0	0	0
MOB_EU_MOVOI_CLON	27726	350.859985	0.860000014	378.040009	400	350	10	2	4	12	1	0	100	0	0	1	1	150	0	0	0
MOB_EU_MOVOI_CLON	27726	523.01001	0	1242.26001	400	350	10	2	4	12	1	0	100	0	0	1	1	150	0	0	0
MOB_EU_MOVOI_CLON	27726	690.039978	0	741.200012	400	350	10	2	4	12	1	0	100	0	0	1	1	150	0	0	0
MOB_EU_MOVOI_CLON	27726	976.580017	1.57000005	1120.31995	400	350	10	2	4	12	1	0	100	0	0	1	1	150	0	0	0
MOB_EU_MOVOI_CLON	27726	1327.68005	30.0599995	753.419983	400	350	10	2	4	12	1	0	100	0	0	1	1	150	0	0	0
MOB_EU_MOVOI_CLON	27726	1368.20996	115.089996	1742.56006	400	350	10	2	4	12	1	0	100	0	0	1	1	150	0	0	0
MOB_EU_MOVOI_CLON	27726	1429.95996	34.2400017	1263.10999	400	350	10	2	4	12	1	0	100	0	0	1	1	150	0	0	0
MOB_EU_MOVOI_CLON	27726	1807.89001	47.8600006	1828.06995	400	350	10	2	4	12	1	0	100	0	0	1	1	150	0	0	0
MOB_EU_MOVOI_CLON	27727	58.6100006	17.7199993	578.390015	400	350	10	2	4	12	1	0	100	0	0	1	1	150	0	0	0
MOB_EU_MOVOI_CLON	27727	298.230011	8.06000042	1117.09998	400	350	10	2	4	12	1	0	100	0	0	1	1	150	0	0	0
MOB_EU_MOVOI_CLON	27727	815.97998	-0.649999976	553.799988	400	350	10	2	4	12	1	0	100	0	0	1	1	150	0	0	0
MOB_EU_MOVOI_CLON	27727	926.26001	35.0600014	1637.57996	400	350	10	2	4	12	1	0	100	0	0	1	1	150	0	0	0
MOB_EU_MOVOI_CLON	27727	1272.56006	-8.64999962	979.52002	400	350	10	2	4	12	1	0	100	0	0	1	1	150	0	0	0
MOB_EU_MOVOI_CLON	27727	1582.72998	2.13000011	582.909973	400	350	10	2	4	12	1	0	100	0	0	1	1	150	0	0	0
MOB_EU_MOVOI_CLON	27727	1604.31995	47.4199982	1373.98999	400	350	10	2	4	12	1	0	100	0	0	1	1	150	0	0	0
MOB_EU_MOVOI_CLON	27728	8.48999977	4.75	996.890015	400	350	10	2	4	12	1	0	100	0	0	1	1	150	0	0	0
MOB_EU_MOVOI_CLON	27728	174.080002	9.09000015	478.140015	400	350	10	2	4	12	1	0	100	0	0	1	1	150	0	0	0
MOB_EU_MOVOI_CLON	27728	374.329987	252.25	1732.94995	400	350	10	2	4	12	1	0	100	0	0	1	1	150	0	0	0
MOB_EU_MOVOI_CLON	27728	1276.07996	549.299988	1897.58997	400	350	10	2	4	12	1	0	100	0	0	1	1	150	0	0	0
MOB_EU_MOVOI_CLON	27980	978.76001	24.3299999	630.26001	400	350	10	2	4	12	1	0	100	0	0	1	1	150	0	0	0
MOB_EU_MOVOI_CLON	27980	1048.94995	36.1100006	185.130005	400	350	10	2	4	12	1	0	100	0	0	1	1	150	0	0	0
MOB_EU_MOVOI_CLON	27980	1167.56006	63.75	1001.96997	400	350	10	2	4	12	1	0	100	0	0	1	1	150	0	0	0
MOB_EU_MOVOI_CLON	27980	1555.62	50.0699997	96.1100006	400	350	10	2	4	12	1	0	100	0	0	1	1	150	0	0	0
MOB_EU_MOVOI_CLON	27980	1596.73999	73.2099991	988.849976	400	350	10	2	4	12	1	0	100	0	0	1	1	150	0	0	0
MOB_EU_MOVOI_CLON	27981	45.6800003	26.8400002	342.440002	400	350	10	2	4	12	1	0	100	0	0	1	1	150	0	0	0
MOB_EU_MOVOI_CLON	27981	103.389999	46.75	749.969971	400	350	10	2	4	12	1	0	100	0	0	1	1	150	0	0	0
MOB_EU_MOVOI_CLON	27981	637.150024	11.04	768.109985	400	350	10	2	4	12	1	0	100	0	0	1	1	150	0	0	0
MOB_EU_MOVOI_CLON	27981	1048.52002	0	520.570007	400	350	10	2	4	12	1	0	100	0	0	1	1	150	0	0	0
MOB_EU_MOVOI_CLON	27981	1323.32996	-13.1300001	917.549988	400	350	10	2	4	12	1	0	100	0	0	1	1	150	0	0	0
MOB_EU_MOVOI_CLON	27981	1525.72998	0	443.690002	400	350	10	2	4	12	1	0	100	0	0	1	1	150	0	0	0
MOB_EU_MOVOI_CLON	27982	504.559998	29.0200005	471.829987	400	350	10	2	4	12	1	0	100	0	0	1	1	150	0	0	0
MOB_EU_MOVOI_CLON	27982	590.390015	7.11000013	19.1299992	400	350	10	2	4	12	1	0	100	0	0	1	1	150	0	0	0
MOB_EU_MOVOI_CLON	27982	1073.43994	100.779999	175.080002	400	350	10	2	4	12	1	0	100	0	0	1	1	150	0	0	0
MOB_EU_MOVOI_CLON	27983	534.869995	88.2799988	562.299988	400	350	10	2	4	12	1	0	100	0	0	1	1	150	0	0	0
MOB_EU_MOVOI_CLON	27983	817.289978	74.75	218.339996	400	350	10	2	4	12	1	0	100	0	0	1	1	150	0	0	0
MOB_EU_MOVOI_CLON	27983	1286.87	54.9599991	164.720001	400	350	10	2	4	12	1	0	100	0	0	1	1	150	0	0	0
MOB_EU_MOVOI_CLON	27983	1577.32996	137.300003	586.27002	400	350	10	2	4	12	1	0	100	0	0	1	1	150	0	0	0
MOB_EU_MOVOI_CLON	27984	176.770004	234.899994	625.22998	400	350	10	2	4	12	1	0	100	0	0	1	1	150	0	0	0
MOB_EU_MOVOI_CLON	27984	553.599976	350.559998	336.079987	400	350	10	2	4	12	1	0	100	0	0	1	1	150	0	0	0
MOB_EU_SIREN	24649	1309.64001	-248.389999	1544.22998	350	300	10	4	6	6	1	1	100	0	0	1	1	150	0	0	0
MOB_EU_SIREN	24650	56.8899994	-250.880005	1488.14001	350	300	10	4	6	6	1	1	100	0	0	1	1	150	0	0	0
MOB_EU_SIREN	24650	802.02002	-249.740005	1658.22998	350	300	10	4	6	6	1	1	100	0	0	1	1	150	0	0	0
MOB_EU_SIREN	24904	1077.71997	-230.059998	352.100006	350	300	10	4	6	6	1	1	100	0	0	1	1	150	0	0	0
MOB_EU_SIREN	24904	1546.42004	-198.440002	812.690002	350	300	10	4	6	6	1	1	100	0	0	1	1	150	0	0	0
MOB_EU_SIREN	24905	343.420013	-145.419998	1008.65997	350	300	10	4	6	6	1	1	100	0	0	1	1	150	0	0	0
MOB_EU_SIREN	24905	683.51001	-242.559998	105.639999	350	300	10	4	6	6	1	1	100	0	0	1	1	150	0	0	0
MOB_EU_SIREN	24905	901.72998	-180.210007	579.179993	350	300	10	4	6	6	1	1	100	0	0	1	1	150	0	0	0
MOB_EU_SIREN	24905	1626.12	-147.020004	1887.97998	350	300	10	4	6	6	1	1	100	0	0	1	1	150	0	0	0
MOB_EU_SIREN	24905	1628.18005	-199.710007	234.169998	350	300	10	4	6	6	1	1	100	0	0	1	1	150	0	0	0
MOB_EU_SIREN	24906	143.5	-218.220001	734.849976	350	300	10	4	6	6	1	1	100	0	0	1	1	150	0	0	0
MOB_EU_SIREN	24906	236.649994	-234.199997	1385.19995	350	300	10	4	6	6	1	1	100	0	0	1	1	150	0	0	0
MOB_EU_SIREN	24906	308.190002	-218.240005	133.580002	350	300	10	4	6	6	1	1	100	0	0	1	1	150	0	0	0
MOB_EU_SIREN	24906	676.969971	-244.589996	1226.71997	350	300	10	4	6	6	1	1	100	0	0	1	1	150	0	0	0
MOB_EU_SIREN	24906	750.75	-246.740005	611.48999	350	300	10	4	6	6	1	1	100	0	0	1	1	150	0	0	0
MOB_EU_SIREN	25161	1745.73999	-133.339996	1179.87	350	300	10	4	6	6	1	1	100	0	0	1	1	150	0	0	0
MOB_EU_SIREN	25161	1814.10999	-197.100006	546.75	350	300	10	4	6	6	1	1	100	0	0	1	1	150	0	0	0
MOB_EU_SIREN	25162	322.809998	-249.009995	66.1200027	350	300	10	4	6	6	1	1	100	0	0	1	1	150	0	0	0
MOB_EU_SIREN	25162	344.48999	-244.770004	726.650024	350	300	10	4	6	6	1	1	100	0	0	1	1	150	0	0	0
MOB_EU_SIREN	25162	459.48999	-197.330002	1598.73999	350	300	10	4	6	6	1	1	100	0	0	1	1	150	0	0	0
MOB_EU_SIREN	25162	758.22998	-250.809998	236.759995	350	300	10	4	6	6	1	1	100	0	0	1	1	150	0	0	0
MOB_EU_SIREN	25162	803.109985	-242.160004	1097.85999	350	300	10	4	6	6	1	1	100	0	0	1	1	150	0	0	0
MOB_EU_SIREN	25162	1273.83997	-248.940002	615.940002	350	300	10	4	6	6	1	1	100	0	0	1	1	150	0	0	0
MOB_EU_SIREN	25162	1313.54004	-199.660004	1548.04004	350	300	10	4	6	6	1	1	100	0	0	1	1	150	0	0	0
MOB_EU_SIREN	25162	1617.32996	-219.380005	1161.47998	350	300	10	4	6	6	1	1	100	0	0	1	1	150	0	0	0
MOB_EU_SIREN	25163	93.6399994	-245.520004	669.330017	350	300	10	4	6	6	1	1	100	0	0	1	1	150	0	0	0
MOB_EU_SIREN	25163	1522.62	-203.339996	805.070007	350	300	10	4	6	6	1	1	100	0	0	1	1	150	0	0	0
MOB_EU_SIREN	25163	1892.22998	-240.330002	389.899994	350	300	10	4	6	6	1	1	100	0	0	1	1	150	0	0	0
MOB_EU_SIREN	25164	148.490005	-54.6399994	1350.92004	350	300	10	4	6	6	1	1	100	0	0	1	1	150	0	0	0
MOB_EU_SIREN	25164	399.059998	-225.929993	901.950012	350	300	10	4	6	6	1	1	100	0	0	1	1	150	0	0	0
MOB_EU_SIREN	25164	843.909973	-162.5	1767.72998	350	300	10	4	6	6	1	1	100	0	0	1	1	150	0	0	0
MOB_EU_SIREN	25164	892.210022	-239.5	1251.71997	350	300	10	4	6	6	1	1	100	0	0	1	1	150	0	0	0
MOB_EU_SIREN	25164	1394.41003	-211.360001	1663.69995	350	300	10	4	6	6	1	1	100	0	0	1	1	150	0	0	0
MOB_EU_SIREN	25164	1805.72998	-243.669998	1306.12	350	300	10	4	6	6	1	1	100	0	0	1	1	150	0	0	0
MOB_EU_SIREN	25165	384.720001	-213.220001	1666.10999	350	300	10	4	6	6	1	1	100	0	0	1	1	150	0	0	0
MOB_EU_SIREN	25420	1755.46997	-167.710007	84.4199982	350	300	10	4	6	6	1	1	100	0	0	1	1	150	0	0	0
MOB_EU_SIREN	25421	281.269989	-124.379997	278.73999	350	300	10	4	6	6	1	1	100	0	0	1	1	150	0	0	0
MOB_EU_SIREN_CLON	24649	1310.71997	-248.509995	1500.48999	350	300	10	4	6	6	1	0	100	0	0	1	1	150	0	0	0
MOB_EU_SIREN_CLON	24650	126.889999	-250.740005	1531.35999	350	300	10	4	6	6	1	0	100	0	0	1	1	150	0	0	0
MOB_EU_SIREN_CLON	24650	734.099976	-247.570007	1687.52002	350	300	10	4	6	6	1	0	100	0	0	1	1	150	0	0	0
MOB_EU_SIREN_CLON	24904	1136.84998	-229.100006	349.140015	350	300	10	4	6	6	1	0	100	0	0	1	1	150	0	0	0
MOB_EU_SIREN_CLON	24904	1502.42004	-192.350006	823.72998	350	300	10	4	6	6	1	0	100	0	0	1	1	150	0	0	0
MOB_EU_SIREN_CLON	24905	388.679993	-153.949997	958.590027	350	300	10	4	6	6	1	0	100	0	0	1	1	150	0	0	0
MOB_EU_SIREN_CLON	24905	719.190002	-242.050003	47.3600006	350	300	10	4	6	6	1	0	100	0	0	1	1	150	0	0	0
MOB_EU_SIREN_CLON	24905	944.570007	-166.300003	604.909973	350	300	10	4	6	6	1	0	100	0	0	1	1	150	0	0	0
MOB_EU_SIREN_CLON	24905	1566.33997	-103	1914.67004	350	300	10	4	6	6	1	0	100	0	0	1	1	150	0	0	0
MOB_EU_SIREN_CLON	24905	1579.13	-200.199997	205.229996	350	300	10	4	6	6	1	0	100	0	0	1	1	150	0	0	0
MOB_EU_SIREN_CLON	24906	103.160004	-211.669998	703.609985	350	300	10	4	6	6	1	0	100	0	0	1	1	150	0	0	0
MOB_EU_SIREN_CLON	24906	179.990005	-231.830002	1372.40002	350	300	10	4	6	6	1	0	100	0	0	1	1	150	0	0	0
MOB_EU_SIREN_CLON	24906	321.170013	-216.970001	193.309998	350	300	10	4	6	6	1	0	100	0	0	1	1	150	0	0	0
MOB_EU_SIREN_CLON	24906	621.659973	-244.059998	1232.96997	350	300	10	4	6	6	1	0	100	0	0	1	1	150	0	0	0
MOB_EU_SIREN_CLON	24906	711.27002	-246.610001	572.929993	350	300	10	4	6	6	1	0	100	0	0	1	1	150	0	0	0
MOB_EU_SIREN_CLON	25161	1760.40002	-185.089996	527.799988	350	300	10	4	6	6	1	0	100	0	0	1	1	150	0	0	0
MOB_EU_SIREN_CLON	25161	1814.55005	-152.199997	1173.47998	350	300	10	4	6	6	1	0	100	0	0	1	1	150	0	0	0
MOB_EU_SIREN_CLON	25162	251.320007	-247.130005	74.3300018	350	300	10	4	6	6	1	0	100	0	0	1	1	150	0	0	0
MOB_EU_SIREN_CLON	25162	415.589996	-247.289993	695.909973	350	300	10	4	6	6	1	0	100	0	0	1	1	150	0	0	0
MOB_EU_SIREN_CLON	25162	524.780029	-208.529999	1513.12	350	300	10	4	6	6	1	0	100	0	0	1	1	150	0	0	0
MOB_EU_SIREN_CLON	25162	715.98999	-250.75	219.490005	350	300	10	4	6	6	1	0	100	0	0	1	1	150	0	0	0
MOB_EU_SIREN_CLON	25162	840.190002	-243.399994	1029.27002	350	300	10	4	6	6	1	0	100	0	0	1	1	150	0	0	0
MOB_EU_SIREN_CLON	25162	1272.10999	-207.410004	1465.57996	350	300	10	4	6	6	1	0	100	0	0	1	1	150	0	0	0
MOB_EU_SIREN_CLON	25162	1307.15002	-248.919998	660.76001	350	300	10	4	6	6	1	0	100	0	0	1	1	150	0	0	0
MOB_EU_SIREN_CLON	25162	1615.63	-231.910004	1089.27002	350	300	10	4	6	6	1	0	100	0	0	1	1	150	0	0	0
MOB_EU_SIREN_CLON	25163	112.830002	-247.550003	623.099976	350	300	10	4	6	6	1	0	100	0	0	1	1	150	0	0	0
MOB_EU_SIREN_CLON	25163	1590.98999	-204.550003	789.599976	350	300	10	4	6	6	1	0	100	0	0	1	1	150	0	0	0
MOB_EU_SIREN_CLON	25164	15.4200001	-242.759995	326.25	350	300	10	4	6	6	1	0	100	0	0	1	1	150	0	0	0
MOB_EU_SIREN_CLON	25164	111.510002	-67.2200012	1343.04004	350	300	10	4	6	6	1	0	100	0	0	1	1	150	0	0	0
MOB_EU_SIREN_CLON	25164	375.290009	-215.470001	923.01001	350	300	10	4	6	6	1	0	100	0	0	1	1	150	0	0	0
MOB_EU_SIREN_CLON	25164	785.080017	-158.160004	1721.95996	350	300	10	4	6	6	1	0	100	0	0	1	1	150	0	0	0
MOB_EU_SIREN_CLON	25164	851.080017	-233.089996	1281.45996	350	300	10	4	6	6	1	0	100	0	0	1	1	150	0	0	0
MOB_EU_SIREN_CLON	25164	1353.20996	-216.570007	1607.07996	350	300	10	4	6	6	1	0	100	0	0	1	1	150	0	0	0
MOB_EU_SIREN_CLON	25164	1856.12	-248.550003	1241.90002	350	300	10	4	6	6	1	0	100	0	0	1	1	150	0	0	0
MOB_EU_SIREN_CLON	25165	347.390015	-220.699997	1621.73999	350	300	10	4	6	6	1	0	100	0	0	1	1	150	0	0	0
MOB_EU_SIREN_CLON	25420	1712.23999	-173	39.0600014	350	300	10	4	6	6	1	0	100	0	0	1	1	150	0	0	0
MOB_EU_SIREN_CLON	25421	237.009995	-137.589996	229.279999	350	300	10	4	6	6	1	0	100	0	0	1	1	150	0	0	0
MOB_QT_01_ARCHER_CLON	25954	648.549988	180	530.52002	500	450	10	8	12	5	1	0	120	0	0	0	0	0	0	0	0
MOB_QT_01_ARCHER_CLON	25955	708.929993	180	469.98999	500	450	10	8	12	5	1	0	120	0	0	0	0	0	0	0	0
MOB_QT_01_BAROI	27211	167.949997	24.6700001	710.179993	300	250	10	6	9	2	1	0	120	0	0	0	0	0	0	0	0
MOB_QT_01_BAROI	27211	272.600006	24.5400009	925.119995	300	250	10	6	9	3	1	0	120	0	0	0	0	0	0	0	0
MOB_QT_01_BAROI	27211	419.420013	24.1399994	691.789978	300	250	10	6	9	3	1	0	120	0	0	0	0	0	0	0	0
MOB_QT_01_CRAB_CLON	27231	180.240005	-3.71000004	1509.43994	300	250	10	5	6	4	1	0	120	0	0	0	0	0	0	0	0
MOB_QT_01_CRAB_CLON	27231	466.01001	-21.4799995	1894.87	300	250	10	5	6	4	1	0	120	0	0	0	0	0	0	0	0
MOB_QT_01_CRAB_CLON	27231	920.799988	-9.51000023	1822.73999	300	250	10	5	6	3	1	0	120	0	0	0	0	0	0	0	0
MOB_QT_01_HUNARCHER_CLON	26991	654.960022	142.850006	1780.39001	250	200	10	20	25	3	1	0	120	0	0	0	0	0	0	0	0
MOB_QT_01_HUNARCHER_CLON	26991	1257.57996	142.789993	1561.10999	200	150	10	20	25	3	1	0	120	0	0	0	0	0	0	0	0
MOB_QT_01_HUNARCHER_CLON	26991	1636.72998	143.199997	1223.68994	300	250	10	20	25	4	1	0	120	0	0	0	0	0	0	0	0
MOB_QT_01_MONKEY	26484	684.049988	265.730011	106.589996	400	300	10	8	12	4	1	0	120	0	0	0	0	0	0	0	0
MOB_QT_01_MONKEY	26484	869.640015	199.649994	805.23999	400	300	10	8	12	3	1	0	120	0	0	0	0	0	0	0	0
MOB_QT_01_MONKEY	26484	1306.25	193.020004	393.859985	400	300	10	8	12	3	1	0	120	0	0	0	0	0	0	0	0
MOB_QT_01_ONG_CLON	26219	1276.14001	199.940002	1433.58997	300	250	10	20	25	2	1	0	120	0	0	0	0	0	0	0	0
MOB_QT_01_ONG_CLON	26219	1571.16003	142.759995	1444.28003	300	250	10	5	12	4	1	0	120	0	0	0	0	0	0	0	0
MOB_QT_01_ONG_CLON	26219	1847.05005	69.0699997	1566.43994	300	250	10	5	12	4	1	0	120	0	0	0	0	0	0	0	0
MOB_QT_01_PUNISHER_CLON	26981	548.969971	181.389999	402.559998	300	200	10	10	11	3	1	0	120	0	0	0	0	0	0	0	0
MOB_QT_01_PUNISHER_CLON	26981	1079.37	212.369995	733.679993	500	450	10	4	6	4	1	0	120	0	0	0	0	0	0	0	0
MOB_QT_01_PUNISHER_CLON	26981	1334.46997	212.449997	211.960007	250	200	10	10	12	3	1	0	120	0	0	0	0	0	0	0	0
